Index,y_true,y_pred
0,0.0,1.0
7,1.0,0.0
21,0.0,1.0
29,0.0,1.0
32,0.0,1.0
33,0.0,1.0
44,0.0,1.0
46,0.0,1.0
49,0.0,1.0
55,0.0,1.0
61,0.0,1.0
108,0.0,1.0
116,1.0,0.0
120,0.0,1.0
136,0.0,1.0
160,0.0,1.0
170,0.0,1.0
173,0.0,1.0
175,0.0,1.0
184,0.0,1.0
185,0.0,1.0
186,0.0,1.0
187,0.0,1.0
188,0.0,1.0
198,0.0,1.0
207,0.0,1.0
214,0.0,1.0
221,0.0,1.0
224,0.0,1.0
232,0.0,1.0
234,0.0,1.0
241,0.0,1.0
248,0.0,1.0
251,1.0,0.0
253,1.0,0.0
256,0.0,1.0
261,1.0,0.0
262,0.0,1.0
280,0.0,1.0
289,0.0,1.0
290,1.0,0.0
295,0.0,1.0
303,0.0,1.0
305,0.0,1.0
312,0.0,1.0
326,0.0,1.0
331,0.0,1.0
343,0.0,1.0
377,0.0,1.0
379,0.0,1.0
382,0.0,1.0
386,0.0,1.0
388,0.0,1.0
389,0.0,1.0
390,0.0,1.0
400,1.0,0.0
411,0.0,1.0
415,0.0,1.0
421,0.0,1.0
428,0.0,1.0
439,0.0,1.0
442,1.0,0.0
445,1.0,0.0
449,0.0,1.0
453,0.0,1.0
454,0.0,1.0
458,0.0,1.0
460,0.0,1.0
487,0.0,1.0
515,1.0,0.0
524,0.0,1.0
546,0.0,1.0
551,0.0,1.0
556,0.0,1.0
560,0.0,1.0
561,1.0,0.0
566,0.0,1.0
569,0.0,1.0
573,0.0,1.0
579,0.0,1.0
589,0.0,1.0
597,0.0,1.0
599,0.0,1.0
600,0.0,1.0
608,0.0,1.0
610,0.0,1.0
617,0.0,1.0
623,0.0,1.0
629,0.0,1.0
630,0.0,1.0
636,0.0,1.0
640,0.0,1.0
642,0.0,1.0
661,1.0,0.0
668,0.0,1.0
669,0.0,1.0
675,0.0,1.0
676,0.0,1.0
682,0.0,1.0
703,0.0,1.0
704,0.0,1.0
712,0.0,1.0
714,0.0,1.0
715,0.0,1.0
716,0.0,1.0
720,0.0,1.0
742,1.0,0.0
748,0.0,1.0
751,1.0,0.0
753,0.0,1.0
757,1.0,0.0
761,0.0,1.0
767,0.0,1.0
780,0.0,1.0
789,0.0,1.0
790,0.0,1.0
792,1.0,0.0
800,0.0,1.0
807,0.0,1.0
813,0.0,1.0
816,1.0,0.0
833,0.0,1.0
839,0.0,1.0
847,0.0,1.0
850,1.0,0.0
854,0.0,1.0
857,0.0,1.0
858,0.0,1.0
859,0.0,1.0
861,0.0,1.0
864,0.0,1.0
867,0.0,1.0
876,0.0,1.0
877,0.0,1.0
886,0.0,1.0
889,0.0,1.0
893,0.0,1.0
894,0.0,1.0
897,0.0,1.0
906,1.0,0.0
909,0.0,1.0
915,0.0,1.0
924,0.0,1.0
929,1.0,0.0
941,0.0,1.0
943,0.0,1.0
947,0.0,1.0
948,0.0,1.0
957,0.0,1.0
972,1.0,0.0
999,0.0,1.0
1004,0.0,1.0
1006,0.0,1.0
1020,0.0,1.0
1026,1.0,0.0
1038,0.0,1.0
1039,0.0,1.0
1043,0.0,1.0
1053,0.0,1.0
1056,0.0,1.0
1063,1.0,0.0
1071,0.0,1.0
1075,0.0,1.0
1082,0.0,1.0
1084,0.0,1.0
1087,1.0,0.0
1091,0.0,1.0
1104,0.0,1.0
1119,0.0,1.0
1127,0.0,1.0
1135,0.0,1.0
1144,0.0,1.0
1150,0.0,1.0
1157,1.0,0.0
1164,0.0,1.0
1167,0.0,1.0
1174,0.0,1.0
1179,0.0,1.0
1185,0.0,1.0
1188,0.0,1.0
1189,0.0,1.0
1193,0.0,1.0
1197,0.0,1.0
1205,0.0,1.0
1221,0.0,1.0
1228,0.0,1.0
1236,0.0,1.0
1240,1.0,0.0
1243,0.0,1.0
1247,0.0,1.0
1250,0.0,1.0
1251,1.0,0.0
1260,0.0,1.0
1276,0.0,1.0
1278,0.0,1.0
1279,0.0,1.0
1284,0.0,1.0
1287,0.0,1.0
1289,0.0,1.0
1291,0.0,1.0
1300,0.0,1.0
1303,1.0,0.0
1307,0.0,1.0
1315,1.0,0.0
1330,0.0,1.0
1334,0.0,1.0
1338,0.0,1.0
1341,0.0,1.0
1342,0.0,1.0
1343,0.0,1.0
1359,0.0,1.0
1362,0.0,1.0
1366,0.0,1.0
1369,1.0,0.0
1389,0.0,1.0
1402,0.0,1.0
1407,0.0,1.0
1413,0.0,1.0
1417,0.0,1.0
1420,0.0,1.0
1422,1.0,0.0
1430,1.0,0.0
1431,0.0,1.0
1432,0.0,1.0
1442,0.0,1.0
1446,0.0,1.0
1461,0.0,1.0
1463,0.0,1.0
1467,0.0,1.0
1476,0.0,1.0
1480,1.0,0.0
1481,0.0,1.0
1486,1.0,0.0
1488,1.0,0.0
1510,1.0,0.0
1515,0.0,1.0
1523,0.0,1.0
1528,0.0,1.0
1529,0.0,1.0
1530,0.0,1.0
1538,0.0,1.0
1541,0.0,1.0
1543,0.0,1.0
1555,0.0,1.0
1557,0.0,1.0
1558,1.0,0.0
1567,0.0,1.0
1569,0.0,1.0
1592,0.0,1.0
1619,1.0,0.0
1620,0.0,1.0
1622,1.0,0.0
1623,0.0,1.0
1624,0.0,1.0
1625,0.0,1.0
1636,0.0,1.0
1638,0.0,1.0
1645,0.0,1.0
1651,0.0,1.0
1655,0.0,1.0
1673,0.0,1.0
1678,0.0,1.0
1680,0.0,1.0
1681,0.0,1.0
1692,1.0,0.0
1695,0.0,1.0
1704,0.0,1.0
1709,0.0,1.0
1715,0.0,1.0
1724,0.0,1.0
1726,0.0,1.0
1728,0.0,1.0
1730,0.0,1.0
1734,0.0,1.0
1739,0.0,1.0
1741,0.0,1.0
1742,0.0,1.0
1744,0.0,1.0
1753,0.0,1.0
1764,1.0,0.0
1771,0.0,1.0
1775,0.0,1.0
1776,1.0,0.0
1777,0.0,1.0
1782,0.0,1.0
1787,0.0,1.0
1792,0.0,1.0
1795,0.0,1.0
1799,0.0,1.0
1806,0.0,1.0
1812,1.0,0.0
1815,0.0,1.0
1816,1.0,0.0
1818,0.0,1.0
1820,0.0,1.0
1822,0.0,1.0
1825,0.0,1.0
1834,0.0,1.0
1840,0.0,1.0
1847,0.0,1.0
1852,0.0,1.0
1871,0.0,1.0
1877,1.0,0.0
1891,0.0,1.0
1893,0.0,1.0
1899,0.0,1.0
1900,0.0,1.0
1903,0.0,1.0
1915,0.0,1.0
1938,0.0,1.0
1950,1.0,0.0
1957,0.0,1.0
1960,0.0,1.0
1968,0.0,1.0
1977,0.0,1.0
1986,0.0,1.0
1989,0.0,1.0
2006,0.0,1.0
2009,0.0,1.0
2019,0.0,1.0
2024,1.0,0.0
2034,1.0,0.0
2041,1.0,0.0
2042,0.0,1.0
2044,1.0,0.0
2045,0.0,1.0
2049,0.0,1.0
2054,0.0,1.0
2056,0.0,1.0
2064,0.0,1.0
2070,0.0,1.0
2077,0.0,1.0
2083,0.0,1.0
2086,1.0,0.0
2133,0.0,1.0
2134,0.0,1.0
2139,0.0,1.0
2143,0.0,1.0
2144,0.0,1.0
2145,1.0,0.0
2147,1.0,0.0
2171,0.0,1.0
2183,1.0,0.0
2185,0.0,1.0
2190,0.0,1.0
2193,0.0,1.0
2194,0.0,1.0
2198,0.0,1.0
2201,0.0,1.0
2203,0.0,1.0
2211,0.0,1.0
2214,0.0,1.0
2216,1.0,0.0
2217,1.0,0.0
2219,1.0,0.0
2222,0.0,1.0
2232,0.0,1.0
2233,0.0,1.0
2235,0.0,1.0
2241,0.0,1.0
2252,0.0,1.0
2258,0.0,1.0
2281,0.0,1.0
2290,0.0,1.0
2291,0.0,1.0
2300,1.0,0.0
2302,1.0,0.0
2305,1.0,0.0
2308,0.0,1.0
2313,0.0,1.0
2331,0.0,1.0
2333,0.0,1.0
2339,0.0,1.0
2353,0.0,1.0
2365,0.0,1.0
2377,1.0,0.0
2385,0.0,1.0
2386,0.0,1.0
2399,0.0,1.0
2403,0.0,1.0
2415,0.0,1.0
2422,0.0,1.0
2423,0.0,1.0
2426,0.0,1.0
2428,0.0,1.0
2440,0.0,1.0
2441,0.0,1.0
2442,0.0,1.0
2443,0.0,1.0
2445,0.0,1.0
2447,0.0,1.0
2451,0.0,1.0
2455,0.0,1.0
2463,0.0,1.0
2470,0.0,1.0
2475,0.0,1.0
2476,1.0,0.0
2477,0.0,1.0
2480,0.0,1.0
2483,0.0,1.0
2489,0.0,1.0
2505,0.0,1.0
2509,0.0,1.0
2524,0.0,1.0
2530,1.0,0.0
2539,0.0,1.0
2560,0.0,1.0
2563,0.0,1.0
2572,1.0,0.0
2577,0.0,1.0
2579,0.0,1.0
2580,0.0,1.0
2591,0.0,1.0
2598,0.0,1.0
2604,0.0,1.0
2605,0.0,1.0
2617,1.0,0.0
2620,0.0,1.0
2641,0.0,1.0
2651,0.0,1.0
2657,1.0,0.0
2666,0.0,1.0
2670,0.0,1.0
2678,0.0,1.0
2681,0.0,1.0
2682,0.0,1.0
2687,0.0,1.0
2689,0.0,1.0
2693,0.0,1.0
2695,0.0,1.0
2696,0.0,1.0
2700,0.0,1.0
2701,0.0,1.0
2711,0.0,1.0
2712,0.0,1.0
2716,0.0,1.0
2722,0.0,1.0
2730,0.0,1.0
2736,0.0,1.0
2741,0.0,1.0
2750,0.0,1.0
2758,0.0,1.0
2765,0.0,1.0
2767,1.0,0.0
2769,0.0,1.0
2772,0.0,1.0
2775,0.0,1.0
2788,0.0,1.0
2789,0.0,1.0
2790,0.0,1.0
2794,0.0,1.0
2802,0.0,1.0
2807,0.0,1.0
2808,1.0,0.0
2809,0.0,1.0
2810,0.0,1.0
2817,0.0,1.0
2824,1.0,0.0
2826,0.0,1.0
2834,0.0,1.0
2856,0.0,1.0
2863,0.0,1.0
2880,0.0,1.0
2881,0.0,1.0
2888,0.0,1.0
2893,1.0,0.0
2901,0.0,1.0
2904,0.0,1.0
2905,0.0,1.0
2914,1.0,0.0
2915,0.0,1.0
2916,0.0,1.0
2918,0.0,1.0
2919,0.0,1.0
2927,0.0,1.0
2939,0.0,1.0
2955,1.0,0.0
2958,0.0,1.0
2959,0.0,1.0
2970,0.0,1.0
2975,1.0,0.0
2984,0.0,1.0
2997,0.0,1.0
3012,0.0,1.0
3013,1.0,0.0
3026,0.0,1.0
3030,0.0,1.0
3036,0.0,1.0
3084,0.0,1.0
3086,0.0,1.0
3087,1.0,0.0
3091,0.0,1.0
3095,0.0,1.0
3098,0.0,1.0
3106,0.0,1.0
3107,0.0,1.0
3113,0.0,1.0
3115,0.0,1.0
3134,0.0,1.0
3135,0.0,1.0
3136,1.0,0.0
3140,0.0,1.0
3141,0.0,1.0
3146,0.0,1.0
3147,0.0,1.0
3165,0.0,1.0
3172,0.0,1.0
3178,0.0,1.0
3179,0.0,1.0
3187,0.0,1.0
3194,0.0,1.0
3195,0.0,1.0
3196,0.0,1.0
3199,0.0,1.0
3200,0.0,1.0
3203,0.0,1.0
3212,0.0,1.0
3224,0.0,1.0
3230,0.0,1.0
3240,1.0,0.0
3247,0.0,1.0
3251,0.0,1.0
3256,0.0,1.0
3259,0.0,1.0
3264,0.0,1.0
3280,0.0,1.0
3297,0.0,1.0
3305,0.0,1.0
3309,0.0,1.0
3310,1.0,0.0
3320,0.0,1.0
3331,0.0,1.0
3340,0.0,1.0
3341,1.0,0.0
3342,0.0,1.0
3347,0.0,1.0
3351,0.0,1.0
3352,1.0,0.0
3354,0.0,1.0
3362,0.0,1.0
3364,0.0,1.0
3365,0.0,1.0
3368,0.0,1.0
3370,0.0,1.0
3375,0.0,1.0
3377,0.0,1.0
3380,0.0,1.0
3384,0.0,1.0
3407,0.0,1.0
3422,0.0,1.0
3426,1.0,0.0
3435,0.0,1.0
3438,0.0,1.0
3442,0.0,1.0
3444,0.0,1.0
3446,0.0,1.0
3448,0.0,1.0
3451,0.0,1.0
3452,0.0,1.0
3453,0.0,1.0
3456,0.0,1.0
3460,0.0,1.0
3463,0.0,1.0
3465,0.0,1.0
3468,0.0,1.0
3470,0.0,1.0
3475,0.0,1.0
3488,0.0,1.0
3489,0.0,1.0
3492,0.0,1.0
3496,0.0,1.0
3498,1.0,0.0
3501,1.0,0.0
3509,0.0,1.0
3514,1.0,0.0
3519,0.0,1.0
3520,0.0,1.0
3522,0.0,1.0
3528,1.0,0.0
3531,0.0,1.0
3536,0.0,1.0
3538,1.0,0.0
3542,1.0,0.0
3543,0.0,1.0
3547,0.0,1.0
3555,0.0,1.0
3562,1.0,0.0
3563,0.0,1.0
3566,0.0,1.0
3570,0.0,1.0
3575,1.0,0.0
3580,0.0,1.0
3586,0.0,1.0
3588,1.0,0.0
3589,0.0,1.0
3600,0.0,1.0
3605,0.0,1.0
3613,1.0,0.0
3619,0.0,1.0
3624,0.0,1.0
3626,0.0,1.0
3628,0.0,1.0
3632,1.0,0.0
3644,0.0,1.0
3647,0.0,1.0
3652,0.0,1.0
3656,0.0,1.0
3663,0.0,1.0
3670,0.0,1.0
3677,1.0,0.0
3686,0.0,1.0
3691,0.0,1.0
3703,0.0,1.0
3708,0.0,1.0
3709,0.0,1.0
3712,0.0,1.0
3727,1.0,0.0
3729,0.0,1.0
3731,1.0,0.0
3743,1.0,0.0
3744,0.0,1.0
3745,0.0,1.0
3750,0.0,1.0
3754,0.0,1.0
3760,0.0,1.0
3761,0.0,1.0
3763,0.0,1.0
3765,0.0,1.0
3766,0.0,1.0
3768,0.0,1.0
3769,0.0,1.0
3773,0.0,1.0
3787,0.0,1.0
3791,0.0,1.0
3793,0.0,1.0
3800,0.0,1.0
3802,0.0,1.0
3807,0.0,1.0
3815,0.0,1.0
3816,0.0,1.0
3820,1.0,0.0
3824,0.0,1.0
3834,0.0,1.0
3835,0.0,1.0
3844,0.0,1.0
3856,0.0,1.0
3869,0.0,1.0
3890,0.0,1.0
3893,0.0,1.0
3899,0.0,1.0
3921,0.0,1.0
3922,0.0,1.0
3925,0.0,1.0
3931,0.0,1.0
3932,0.0,1.0
3934,0.0,1.0
3935,0.0,1.0
3945,0.0,1.0
3966,0.0,1.0
3972,0.0,1.0
3981,1.0,0.0
3982,1.0,0.0
3987,1.0,0.0
4004,0.0,1.0
4006,0.0,1.0
4009,0.0,1.0
4010,0.0,1.0
4018,0.0,1.0
4019,0.0,1.0
4022,0.0,1.0
4024,0.0,1.0
4026,0.0,1.0
4027,0.0,1.0
4042,0.0,1.0
4046,0.0,1.0
4057,1.0,0.0
4065,0.0,1.0
4069,1.0,0.0
4070,0.0,1.0
4080,0.0,1.0
4081,0.0,1.0
4093,0.0,1.0
4095,0.0,1.0
4097,0.0,1.0
4108,0.0,1.0
4115,0.0,1.0
4125,0.0,1.0
4128,0.0,1.0
4146,0.0,1.0
4153,0.0,1.0
4163,0.0,1.0
4167,0.0,1.0
4177,0.0,1.0
4178,0.0,1.0
4182,1.0,0.0
4184,0.0,1.0
4197,1.0,0.0
4198,0.0,1.0
4199,0.0,1.0
4217,1.0,0.0
4218,0.0,1.0
4220,0.0,1.0
4225,1.0,0.0
4229,1.0,0.0
4233,0.0,1.0
4236,0.0,1.0
4239,0.0,1.0
4240,1.0,0.0
4242,1.0,0.0
4248,0.0,1.0
4254,0.0,1.0
4256,0.0,1.0
4258,0.0,1.0
4268,0.0,1.0
4280,1.0,0.0
4287,0.0,1.0
4296,0.0,1.0
4304,1.0,0.0
4317,0.0,1.0
4326,0.0,1.0
4335,0.0,1.0
4350,0.0,1.0
4351,0.0,1.0
4366,0.0,1.0
4377,0.0,1.0
4379,0.0,1.0
4392,0.0,1.0
4399,1.0,0.0
4407,0.0,1.0
4410,1.0,0.0
4435,0.0,1.0
4437,0.0,1.0
4441,0.0,1.0
4443,0.0,1.0
4445,0.0,1.0
4451,1.0,0.0
4454,0.0,1.0
4459,0.0,1.0
4467,1.0,0.0
4472,0.0,1.0
4475,0.0,1.0
4480,0.0,1.0
4486,0.0,1.0
4507,1.0,0.0
4516,0.0,1.0
4518,1.0,0.0
4523,0.0,1.0
4524,1.0,0.0
4527,0.0,1.0
4536,0.0,1.0
4540,0.0,1.0
4544,0.0,1.0
4557,0.0,1.0
4558,0.0,1.0
4563,0.0,1.0
4564,0.0,1.0
4568,0.0,1.0
4574,0.0,1.0
4581,0.0,1.0
4606,0.0,1.0
4608,0.0,1.0
4636,0.0,1.0
4638,0.0,1.0
4639,1.0,0.0
4654,0.0,1.0
4664,0.0,1.0
4667,0.0,1.0
4669,0.0,1.0
4674,0.0,1.0
4680,0.0,1.0
4685,0.0,1.0
4692,0.0,1.0
4700,0.0,1.0
4702,1.0,0.0
4704,0.0,1.0
4707,0.0,1.0
4722,0.0,1.0
4740,0.0,1.0
4742,1.0,0.0
4744,0.0,1.0
4749,0.0,1.0
4750,0.0,1.0
4766,0.0,1.0
4799,0.0,1.0
4800,0.0,1.0
4813,0.0,1.0
4817,0.0,1.0
4818,1.0,0.0
4821,0.0,1.0
4824,1.0,0.0
4837,0.0,1.0
4844,0.0,1.0
4847,0.0,1.0
4855,0.0,1.0
4869,0.0,1.0
4882,1.0,0.0
4885,0.0,1.0
4887,0.0,1.0
4892,0.0,1.0
4897,0.0,1.0
4898,0.0,1.0
4906,1.0,0.0
4907,0.0,1.0
4919,0.0,1.0
4925,0.0,1.0
4931,0.0,1.0
4935,0.0,1.0
4936,0.0,1.0
4940,0.0,1.0
4945,0.0,1.0
4946,1.0,0.0
4947,0.0,1.0
4960,0.0,1.0
4965,0.0,1.0
4970,0.0,1.0
4973,0.0,1.0
4977,1.0,0.0
4991,0.0,1.0
5002,0.0,1.0
5005,0.0,1.0
5011,0.0,1.0
5017,0.0,1.0
5019,0.0,1.0
5021,1.0,0.0
5024,0.0,1.0
5025,0.0,1.0
5029,1.0,0.0
5034,1.0,0.0
5040,0.0,1.0
5042,0.0,1.0
5043,0.0,1.0
5053,0.0,1.0
5055,0.0,1.0
5067,1.0,0.0
5072,0.0,1.0
5076,0.0,1.0
5082,0.0,1.0
5086,0.0,1.0
5094,0.0,1.0
5095,0.0,1.0
5100,0.0,1.0
5106,0.0,1.0
5107,1.0,0.0
5111,0.0,1.0
5112,0.0,1.0
5119,0.0,1.0
5122,1.0,0.0
5132,1.0,0.0
5136,0.0,1.0
5145,0.0,1.0
5154,0.0,1.0
5155,0.0,1.0
5160,0.0,1.0
5162,0.0,1.0
5174,0.0,1.0
5176,0.0,1.0
5178,0.0,1.0
5186,0.0,1.0
5191,0.0,1.0
5195,0.0,1.0
5202,0.0,1.0
5215,0.0,1.0
5222,0.0,1.0
5224,0.0,1.0
5225,0.0,1.0
5232,0.0,1.0
5233,0.0,1.0
5262,0.0,1.0
5280,0.0,1.0
5309,0.0,1.0
5318,0.0,1.0
5328,1.0,0.0
5332,0.0,1.0
5333,0.0,1.0
5335,0.0,1.0
5339,1.0,0.0
5341,0.0,1.0
5347,0.0,1.0
5349,1.0,0.0
5360,0.0,1.0
5363,0.0,1.0
5375,0.0,1.0
5382,1.0,0.0
5385,0.0,1.0
5394,0.0,1.0
5397,1.0,0.0
5411,0.0,1.0
5420,1.0,0.0
5423,0.0,1.0
5424,1.0,0.0
5430,0.0,1.0
5431,0.0,1.0
5433,0.0,1.0
5440,0.0,1.0
5442,0.0,1.0
5443,0.0,1.0
5455,0.0,1.0
5456,0.0,1.0
5471,0.0,1.0
5477,0.0,1.0
5491,0.0,1.0
5495,0.0,1.0
5497,0.0,1.0
5500,0.0,1.0
5514,0.0,1.0
5518,0.0,1.0
5521,0.0,1.0
5522,1.0,0.0
5525,0.0,1.0
5528,0.0,1.0
5532,1.0,0.0
5536,0.0,1.0
5542,0.0,1.0
5546,0.0,1.0
5548,0.0,1.0
5551,0.0,1.0
5560,0.0,1.0
5564,0.0,1.0
5571,0.0,1.0
5579,1.0,0.0
5581,0.0,1.0
5587,0.0,1.0
5591,0.0,1.0
5598,0.0,1.0
5602,0.0,1.0
5613,0.0,1.0
5614,0.0,1.0
5615,0.0,1.0
5617,0.0,1.0
5618,0.0,1.0
5622,0.0,1.0
5627,0.0,1.0
5628,0.0,1.0
5634,0.0,1.0
5639,0.0,1.0
5642,0.0,1.0
5643,0.0,1.0
5646,1.0,0.0
5656,0.0,1.0
5658,0.0,1.0
5672,0.0,1.0
5674,0.0,1.0
5675,0.0,1.0
5680,0.0,1.0
5682,0.0,1.0
5695,0.0,1.0
5701,0.0,1.0
5702,0.0,1.0
5707,1.0,0.0
5715,0.0,1.0
5716,0.0,1.0
5721,0.0,1.0
5722,1.0,0.0
5731,1.0,0.0
5735,0.0,1.0
5740,1.0,0.0
5750,0.0,1.0
5751,0.0,1.0
5756,1.0,0.0
5760,0.0,1.0
5767,0.0,1.0
5772,0.0,1.0
5786,0.0,1.0
5791,0.0,1.0
5797,0.0,1.0
5798,0.0,1.0
5801,0.0,1.0
5827,0.0,1.0
5835,0.0,1.0
5839,0.0,1.0
5842,0.0,1.0
5844,0.0,1.0
5851,0.0,1.0
5856,0.0,1.0
5879,0.0,1.0
5881,1.0,0.0
5883,0.0,1.0
5886,0.0,1.0
5905,0.0,1.0
5918,0.0,1.0
5922,1.0,0.0
5923,0.0,1.0
5936,0.0,1.0
5937,1.0,0.0
5938,0.0,1.0
5940,0.0,1.0
5950,0.0,1.0
5952,0.0,1.0
5968,1.0,0.0
5977,0.0,1.0
5996,0.0,1.0
6006,1.0,0.0
6008,0.0,1.0
6012,0.0,1.0
6017,0.0,1.0
6021,0.0,1.0
6023,0.0,1.0
6025,0.0,1.0
6040,0.0,1.0
6054,0.0,1.0
6057,0.0,1.0
6061,0.0,1.0
6062,0.0,1.0
6069,0.0,1.0
6071,0.0,1.0
6084,0.0,1.0
6085,0.0,1.0
6095,0.0,1.0
6098,0.0,1.0
6104,0.0,1.0
6106,0.0,1.0
6114,0.0,1.0
6130,0.0,1.0
6135,0.0,1.0
6147,0.0,1.0
6154,0.0,1.0
6156,0.0,1.0
6158,1.0,0.0
6165,0.0,1.0
6166,0.0,1.0
6171,0.0,1.0
6176,0.0,1.0
6180,0.0,1.0
6187,0.0,1.0
6188,0.0,1.0
6204,0.0,1.0
6228,0.0,1.0
6232,0.0,1.0
6234,0.0,1.0
6235,1.0,0.0
6239,0.0,1.0
6240,0.0,1.0
6247,0.0,1.0
6254,0.0,1.0
6257,0.0,1.0
6265,0.0,1.0
6269,0.0,1.0
6278,1.0,0.0
6288,0.0,1.0
6293,0.0,1.0
6310,0.0,1.0
6324,0.0,1.0
6325,0.0,1.0
6329,0.0,1.0
6332,0.0,1.0
6336,0.0,1.0
6341,1.0,0.0
6354,0.0,1.0
6363,0.0,1.0
6364,0.0,1.0
6365,0.0,1.0
6366,0.0,1.0
6369,1.0,0.0
6376,0.0,1.0
6387,0.0,1.0
6389,0.0,1.0
6393,0.0,1.0
6396,1.0,0.0
6422,1.0,0.0
6427,0.0,1.0
6438,0.0,1.0
6440,0.0,1.0
6459,0.0,1.0
6460,0.0,1.0
6474,0.0,1.0
6477,0.0,1.0
6482,0.0,1.0
6491,0.0,1.0
6494,0.0,1.0
6499,1.0,0.0
6503,0.0,1.0
6505,0.0,1.0
6508,1.0,0.0
6520,0.0,1.0
6526,0.0,1.0
6531,0.0,1.0
6548,0.0,1.0
6565,0.0,1.0
6566,0.0,1.0
6567,0.0,1.0
6575,0.0,1.0
6579,0.0,1.0
6581,0.0,1.0
6582,0.0,1.0
6593,0.0,1.0
6597,1.0,0.0
6599,0.0,1.0
6602,1.0,0.0
6615,0.0,1.0
6617,0.0,1.0
6618,0.0,1.0
6623,1.0,0.0
6624,0.0,1.0
6628,0.0,1.0
6630,0.0,1.0
6639,0.0,1.0
6656,0.0,1.0
6663,0.0,1.0
6681,0.0,1.0
6683,0.0,1.0
6689,0.0,1.0
6700,0.0,1.0
6703,0.0,1.0
6705,0.0,1.0
6708,0.0,1.0
6711,0.0,1.0
6714,0.0,1.0
6723,0.0,1.0
6729,1.0,0.0
6734,0.0,1.0
6737,0.0,1.0
6739,0.0,1.0
6743,1.0,0.0
6755,0.0,1.0
6757,1.0,0.0
6761,0.0,1.0
6763,0.0,1.0
6772,0.0,1.0
6777,0.0,1.0
6785,1.0,0.0
6789,0.0,1.0
6797,0.0,1.0
6802,0.0,1.0
6806,0.0,1.0
6807,0.0,1.0
6815,0.0,1.0
6830,0.0,1.0
6839,0.0,1.0
6861,0.0,1.0
6865,0.0,1.0
6868,1.0,0.0
6884,1.0,0.0
6887,0.0,1.0
6891,0.0,1.0
6903,0.0,1.0
6910,0.0,1.0
6917,0.0,1.0
6919,1.0,0.0
6930,0.0,1.0
6933,0.0,1.0
6942,0.0,1.0
6949,0.0,1.0
6953,0.0,1.0
6968,0.0,1.0
6971,0.0,1.0
6972,0.0,1.0
6973,0.0,1.0
7007,0.0,1.0
7008,0.0,1.0
7012,0.0,1.0
7023,0.0,1.0
7025,0.0,1.0
7029,0.0,1.0
7033,1.0,0.0
7037,0.0,1.0
7041,0.0,1.0
7043,0.0,1.0
7044,0.0,1.0
7061,0.0,1.0
7064,0.0,1.0
7068,0.0,1.0
7071,0.0,1.0
7083,0.0,1.0
7089,0.0,1.0
7095,0.0,1.0
7105,0.0,1.0
7108,0.0,1.0
7123,0.0,1.0
7139,0.0,1.0
7144,0.0,1.0
7145,0.0,1.0
7149,0.0,1.0
7158,1.0,0.0
7161,0.0,1.0
7162,0.0,1.0
7173,0.0,1.0
7178,0.0,1.0
7182,0.0,1.0
7190,1.0,0.0
7191,0.0,1.0
7196,0.0,1.0
7197,1.0,0.0
7205,0.0,1.0
7245,0.0,1.0
7247,0.0,1.0
7256,0.0,1.0
7258,0.0,1.0
7261,1.0,0.0
7262,0.0,1.0
7269,0.0,1.0
7274,1.0,0.0
7278,0.0,1.0
7281,0.0,1.0
7285,0.0,1.0
7286,0.0,1.0
7290,0.0,1.0
7297,1.0,0.0
7320,1.0,0.0
7332,0.0,1.0
7336,1.0,0.0
7340,0.0,1.0
7365,0.0,1.0
7372,0.0,1.0
7388,0.0,1.0
7394,1.0,0.0
7399,0.0,1.0
7414,0.0,1.0
7417,0.0,1.0
7430,0.0,1.0
7433,0.0,1.0
7436,0.0,1.0
7440,0.0,1.0
7443,0.0,1.0
7446,1.0,0.0
7452,0.0,1.0
7453,0.0,1.0
7475,0.0,1.0
7491,0.0,1.0
7492,1.0,0.0
7497,0.0,1.0
7510,1.0,0.0
7516,0.0,1.0
7518,0.0,1.0
7519,0.0,1.0
7524,1.0,0.0
7535,0.0,1.0
7560,0.0,1.0
7570,1.0,0.0
7578,0.0,1.0
7579,1.0,0.0
7584,0.0,1.0
7590,0.0,1.0
7598,0.0,1.0
7602,0.0,1.0
7613,0.0,1.0
7628,0.0,1.0
7630,1.0,0.0
7634,1.0,0.0
7646,1.0,0.0
7649,0.0,1.0
7651,0.0,1.0
7682,0.0,1.0
7683,0.0,1.0
7687,0.0,1.0
7693,0.0,1.0
7696,0.0,1.0
7711,0.0,1.0
7735,1.0,0.0
7749,1.0,0.0
7751,0.0,1.0
7753,0.0,1.0
7755,0.0,1.0
7756,1.0,0.0
7757,0.0,1.0
7760,0.0,1.0
7765,1.0,0.0
7766,0.0,1.0
7767,0.0,1.0
7771,1.0,0.0
7777,0.0,1.0
7789,1.0,0.0
7804,1.0,0.0
7809,0.0,1.0
7814,1.0,0.0
7825,0.0,1.0
7834,0.0,1.0
7836,0.0,1.0
7838,1.0,0.0
7839,1.0,0.0
7841,0.0,1.0
7844,0.0,1.0
7849,0.0,1.0
7865,0.0,1.0
7887,1.0,0.0
7891,0.0,1.0
7895,0.0,1.0
7897,0.0,1.0
7914,0.0,1.0
7925,0.0,1.0
7926,0.0,1.0
7944,0.0,1.0
7945,1.0,0.0
7949,0.0,1.0
7950,0.0,1.0
7955,0.0,1.0
7957,0.0,1.0
7966,0.0,1.0
7970,0.0,1.0
7976,0.0,1.0
7980,0.0,1.0
7981,0.0,1.0
7987,0.0,1.0
7990,0.0,1.0
7996,1.0,0.0
7997,0.0,1.0
8008,0.0,1.0
8014,0.0,1.0
8016,0.0,1.0
8022,0.0,1.0
8027,0.0,1.0
8028,0.0,1.0
8033,0.0,1.0
8037,1.0,0.0
8056,0.0,1.0
8075,0.0,1.0
8091,0.0,1.0
8097,0.0,1.0
8099,0.0,1.0
8109,0.0,1.0
8111,0.0,1.0
8115,0.0,1.0
8117,0.0,1.0
8126,0.0,1.0
8128,0.0,1.0
8137,0.0,1.0
8158,0.0,1.0
8162,0.0,1.0
8166,0.0,1.0
8177,0.0,1.0
8182,0.0,1.0
8191,0.0,1.0
8192,0.0,1.0
8195,0.0,1.0
8199,0.0,1.0
8200,0.0,1.0
8205,0.0,1.0
8208,0.0,1.0
8210,0.0,1.0
8228,1.0,0.0
8230,0.0,1.0
8231,0.0,1.0
8247,0.0,1.0
8264,0.0,1.0
8266,0.0,1.0
8271,0.0,1.0
8275,0.0,1.0
8276,0.0,1.0
8290,1.0,0.0
8291,0.0,1.0
8301,0.0,1.0
8306,0.0,1.0
8314,0.0,1.0
8315,0.0,1.0
8317,0.0,1.0
8325,0.0,1.0
8337,0.0,1.0
8340,1.0,0.0
8355,0.0,1.0
8361,0.0,1.0
8369,1.0,0.0
8370,0.0,1.0
8371,0.0,1.0
8374,1.0,0.0
8378,0.0,1.0
8379,0.0,1.0
8382,0.0,1.0
8387,0.0,1.0
8390,1.0,0.0
8397,0.0,1.0
8398,0.0,1.0
8412,0.0,1.0
8418,0.0,1.0
8424,1.0,0.0
8427,0.0,1.0
8431,0.0,1.0
8441,1.0,0.0
8450,0.0,1.0
8452,0.0,1.0
8453,0.0,1.0
8455,0.0,1.0
8458,0.0,1.0
8460,0.0,1.0
8462,1.0,0.0
8470,1.0,0.0
8485,0.0,1.0
8488,0.0,1.0
8492,0.0,1.0
8506,1.0,0.0
8515,0.0,1.0
8523,0.0,1.0
8532,0.0,1.0
8539,1.0,0.0
8545,1.0,0.0
8550,0.0,1.0
8566,0.0,1.0
8576,0.0,1.0
8597,0.0,1.0
8598,0.0,1.0
8601,0.0,1.0
8603,0.0,1.0
8607,0.0,1.0
8617,1.0,0.0
8622,0.0,1.0
8625,1.0,0.0
8630,0.0,1.0
8631,0.0,1.0
8633,0.0,1.0
8640,0.0,1.0
8646,0.0,1.0
8647,0.0,1.0
8649,1.0,0.0
8651,0.0,1.0
8655,0.0,1.0
8656,0.0,1.0
8658,0.0,1.0
8661,0.0,1.0
8678,0.0,1.0
8680,0.0,1.0
8682,0.0,1.0
8691,0.0,1.0
8704,0.0,1.0
8706,0.0,1.0
8716,0.0,1.0
8718,0.0,1.0
8737,0.0,1.0
8741,0.0,1.0
8752,0.0,1.0
8759,0.0,1.0
8765,0.0,1.0
8771,0.0,1.0
8772,1.0,0.0
8776,1.0,0.0
8778,0.0,1.0
8779,0.0,1.0
8791,0.0,1.0
8794,0.0,1.0
8805,0.0,1.0
8809,0.0,1.0
8813,0.0,1.0
8814,0.0,1.0
8820,0.0,1.0
8826,0.0,1.0
8828,1.0,0.0
8846,0.0,1.0
8852,0.0,1.0
8854,0.0,1.0
8859,0.0,1.0
8863,0.0,1.0
8867,0.0,1.0
8868,0.0,1.0
8869,1.0,0.0
8880,0.0,1.0
8881,0.0,1.0
8888,0.0,1.0
8890,0.0,1.0
8898,0.0,1.0
8911,0.0,1.0
8919,0.0,1.0
8923,0.0,1.0
8932,1.0,0.0
8935,0.0,1.0
8940,0.0,1.0
8957,0.0,1.0
8958,0.0,1.0
8963,0.0,1.0
8991,0.0,1.0
9005,1.0,0.0
9016,1.0,0.0
9028,0.0,1.0
9032,0.0,1.0
9044,0.0,1.0
9046,0.0,1.0
9058,1.0,0.0
9060,1.0,0.0
9061,0.0,1.0
9068,1.0,0.0
9071,1.0,0.0
9074,0.0,1.0
9083,0.0,1.0
9084,0.0,1.0
9090,0.0,1.0
9094,0.0,1.0
9105,1.0,0.0
9109,0.0,1.0
9119,0.0,1.0
9123,0.0,1.0
9131,0.0,1.0
9135,0.0,1.0
9137,0.0,1.0
9140,0.0,1.0
9147,0.0,1.0
9154,0.0,1.0
9172,0.0,1.0
9176,0.0,1.0
9192,0.0,1.0
9195,1.0,0.0
9197,0.0,1.0
9200,0.0,1.0
9202,1.0,0.0
9203,0.0,1.0
9204,1.0,0.0
9205,0.0,1.0
9212,0.0,1.0
9225,0.0,1.0
9229,0.0,1.0
9239,0.0,1.0
9256,0.0,1.0
9259,0.0,1.0
9271,0.0,1.0
9273,0.0,1.0
9278,0.0,1.0
9292,0.0,1.0
9298,0.0,1.0
9311,0.0,1.0
9330,0.0,1.0
9340,0.0,1.0
9346,0.0,1.0
9348,0.0,1.0
9352,0.0,1.0
9356,0.0,1.0
9358,0.0,1.0
9365,0.0,1.0
9369,1.0,0.0
9375,0.0,1.0
9378,0.0,1.0
9384,0.0,1.0
9388,0.0,1.0
9392,0.0,1.0
9404,0.0,1.0
9405,0.0,1.0
9407,0.0,1.0
9420,0.0,1.0
9423,0.0,1.0
9426,0.0,1.0
9429,0.0,1.0
9432,0.0,1.0
9434,0.0,1.0
9446,0.0,1.0
9469,1.0,0.0
9485,0.0,1.0
9490,0.0,1.0
9514,0.0,1.0
9518,0.0,1.0
9520,0.0,1.0
9523,0.0,1.0
9524,0.0,1.0
9535,1.0,0.0
9537,0.0,1.0
9542,0.0,1.0
9549,0.0,1.0
9571,1.0,0.0
9573,0.0,1.0
9574,0.0,1.0
9579,0.0,1.0
9583,0.0,1.0
9588,0.0,1.0
9591,0.0,1.0
9598,0.0,1.0
9614,0.0,1.0
9618,0.0,1.0
9621,1.0,0.0
9631,0.0,1.0
9635,0.0,1.0
9637,0.0,1.0
9640,0.0,1.0
9642,0.0,1.0
9645,0.0,1.0
9646,0.0,1.0
9647,0.0,1.0
9650,0.0,1.0
9654,0.0,1.0
9669,0.0,1.0
9670,0.0,1.0
9674,0.0,1.0
9682,1.0,0.0
9693,0.0,1.0
9696,0.0,1.0
9699,1.0,0.0
9701,0.0,1.0
9710,0.0,1.0
9711,0.0,1.0
9717,0.0,1.0
9718,0.0,1.0
9720,0.0,1.0
9726,0.0,1.0
9729,0.0,1.0
9739,0.0,1.0
9742,0.0,1.0
9745,0.0,1.0
9746,0.0,1.0
9748,0.0,1.0
9750,0.0,1.0
9757,0.0,1.0
9762,0.0,1.0
9764,0.0,1.0
9776,0.0,1.0
9783,1.0,0.0
9785,0.0,1.0
9798,0.0,1.0
9800,0.0,1.0
9805,0.0,1.0
9808,1.0,0.0
9811,1.0,0.0
9814,1.0,0.0
9816,0.0,1.0
9821,0.0,1.0
9832,0.0,1.0
9843,1.0,0.0
9851,1.0,0.0
9852,0.0,1.0
9859,0.0,1.0
9860,0.0,1.0
9862,0.0,1.0
9869,0.0,1.0
9871,0.0,1.0
9875,0.0,1.0
9881,0.0,1.0
9883,0.0,1.0
9885,0.0,1.0
9898,0.0,1.0
9909,0.0,1.0
9911,1.0,0.0
9912,0.0,1.0
9920,1.0,0.0
9930,0.0,1.0
9933,0.0,1.0
9943,1.0,0.0
9952,0.0,1.0
9962,0.0,1.0
9963,0.0,1.0
9972,0.0,1.0
9976,1.0,0.0
9990,0.0,1.0
9991,1.0,0.0
9992,0.0,1.0
10001,0.0,1.0
10005,0.0,1.0
10010,0.0,1.0
10021,0.0,1.0
10038,0.0,1.0
10042,0.0,1.0
10043,0.0,1.0
10047,0.0,1.0
10051,0.0,1.0
10059,0.0,1.0
10064,1.0,0.0
10072,0.0,1.0
10084,0.0,1.0
10088,1.0,0.0
10089,1.0,0.0
10093,0.0,1.0
10110,0.0,1.0
10123,0.0,1.0
10146,0.0,1.0
10148,0.0,1.0
10151,0.0,1.0
10152,0.0,1.0
10162,0.0,1.0
10171,0.0,1.0
10173,0.0,1.0
10178,1.0,0.0
10185,0.0,1.0
10190,0.0,1.0
10192,1.0,0.0
10194,1.0,0.0
10195,0.0,1.0
10213,0.0,1.0
10215,0.0,1.0
10219,0.0,1.0
10222,1.0,0.0
10230,0.0,1.0
10231,0.0,1.0
10235,0.0,1.0
10239,0.0,1.0
10243,0.0,1.0
10247,0.0,1.0
10272,0.0,1.0
10278,0.0,1.0
10279,0.0,1.0
10287,1.0,0.0
10288,0.0,1.0
10290,0.0,1.0
10293,0.0,1.0
10298,0.0,1.0
10321,0.0,1.0
10325,0.0,1.0
10345,0.0,1.0
10352,0.0,1.0
10362,1.0,0.0
10364,0.0,1.0
10371,0.0,1.0
10378,0.0,1.0
10380,0.0,1.0
10383,0.0,1.0
10388,0.0,1.0
10397,0.0,1.0
10404,0.0,1.0
10413,0.0,1.0
10415,0.0,1.0
10424,0.0,1.0
10425,0.0,1.0
10428,0.0,1.0
10450,0.0,1.0
10459,0.0,1.0
10466,0.0,1.0
10470,0.0,1.0
10488,0.0,1.0
10493,0.0,1.0
10503,0.0,1.0
10518,1.0,0.0
10520,1.0,0.0
10522,0.0,1.0
10530,1.0,0.0
10534,0.0,1.0
10545,0.0,1.0
10555,1.0,0.0
10558,0.0,1.0
10564,0.0,1.0
10571,0.0,1.0
10584,1.0,0.0
10586,0.0,1.0
10589,0.0,1.0
10593,0.0,1.0
10594,0.0,1.0
10598,0.0,1.0
10604,0.0,1.0
10609,0.0,1.0
10634,0.0,1.0
10639,0.0,1.0
10647,1.0,0.0
10651,0.0,1.0
10654,0.0,1.0
10659,0.0,1.0
10660,0.0,1.0
10664,0.0,1.0
10665,0.0,1.0
10668,0.0,1.0
10673,0.0,1.0
10679,0.0,1.0
10691,0.0,1.0
10693,1.0,0.0
10701,1.0,0.0
10710,0.0,1.0
10741,0.0,1.0
10744,0.0,1.0
10748,0.0,1.0
10751,0.0,1.0
10783,0.0,1.0
10784,0.0,1.0
10796,0.0,1.0
10797,0.0,1.0
10807,0.0,1.0
10812,0.0,1.0
10815,0.0,1.0
10817,0.0,1.0
10838,0.0,1.0
10843,1.0,0.0
10845,0.0,1.0
10871,0.0,1.0
10884,0.0,1.0
10895,0.0,1.0
10900,0.0,1.0
10902,0.0,1.0
10904,0.0,1.0
10909,0.0,1.0
10910,0.0,1.0
10912,1.0,0.0
10921,0.0,1.0
10931,0.0,1.0
10936,0.0,1.0
10940,0.0,1.0
10944,1.0,0.0
10948,0.0,1.0
10950,0.0,1.0
10952,0.0,1.0
10960,0.0,1.0
10961,0.0,1.0
10988,0.0,1.0
10991,0.0,1.0
10996,0.0,1.0
10997,0.0,1.0
11004,0.0,1.0
11008,0.0,1.0
11023,0.0,1.0
11024,1.0,0.0
11025,1.0,0.0
11027,0.0,1.0
11029,0.0,1.0
11031,0.0,1.0
11033,0.0,1.0
11035,0.0,1.0
11039,0.0,1.0
11046,0.0,1.0
11060,0.0,1.0
11063,0.0,1.0
11077,0.0,1.0
11089,0.0,1.0
11097,0.0,1.0
11098,0.0,1.0
11128,0.0,1.0
11129,0.0,1.0
11133,0.0,1.0
11153,0.0,1.0
11160,0.0,1.0
11186,0.0,1.0
11192,0.0,1.0
11200,0.0,1.0
11201,0.0,1.0
11204,1.0,0.0
11219,0.0,1.0
11226,0.0,1.0
11228,0.0,1.0
11240,0.0,1.0
11242,0.0,1.0
11243,0.0,1.0
11244,0.0,1.0
11247,0.0,1.0
11260,0.0,1.0
11262,0.0,1.0
11277,0.0,1.0
11278,0.0,1.0
11284,0.0,1.0
11291,0.0,1.0
11294,0.0,1.0
11301,0.0,1.0
11304,0.0,1.0
11308,0.0,1.0
11310,0.0,1.0
11312,0.0,1.0
11314,0.0,1.0
11320,0.0,1.0
11321,0.0,1.0
11331,0.0,1.0
11351,0.0,1.0
11355,1.0,0.0
11358,0.0,1.0
11359,1.0,0.0
11363,0.0,1.0
11369,1.0,0.0
11374,1.0,0.0
11393,0.0,1.0
11395,1.0,0.0
11401,0.0,1.0
11406,0.0,1.0
11411,0.0,1.0
11416,0.0,1.0
11417,0.0,1.0
11418,0.0,1.0
11424,0.0,1.0
11426,0.0,1.0
11435,1.0,0.0
11445,0.0,1.0
11448,0.0,1.0
11449,1.0,0.0
11452,0.0,1.0
11462,0.0,1.0
11471,1.0,0.0
11472,0.0,1.0
11473,0.0,1.0
11481,0.0,1.0
11486,0.0,1.0
11487,0.0,1.0
11493,0.0,1.0
11500,0.0,1.0
11513,0.0,1.0
11517,0.0,1.0
11526,0.0,1.0
11543,0.0,1.0
11545,0.0,1.0
11550,0.0,1.0
11569,0.0,1.0
11575,0.0,1.0
11577,0.0,1.0
11585,0.0,1.0
11600,0.0,1.0
11604,0.0,1.0
11606,0.0,1.0
11610,0.0,1.0
11611,1.0,0.0
11621,0.0,1.0
11623,1.0,0.0
11634,0.0,1.0
11637,0.0,1.0
11656,0.0,1.0
11669,0.0,1.0
11674,0.0,1.0
11676,0.0,1.0
11683,0.0,1.0
11685,0.0,1.0
11689,0.0,1.0
11692,0.0,1.0
11699,0.0,1.0
11715,0.0,1.0
11729,0.0,1.0
11732,0.0,1.0
11747,0.0,1.0
11750,0.0,1.0
11759,0.0,1.0
11765,0.0,1.0
11766,0.0,1.0
11772,0.0,1.0
11792,0.0,1.0
11797,0.0,1.0
11802,0.0,1.0
11821,0.0,1.0
11827,0.0,1.0
11830,0.0,1.0
11833,0.0,1.0
11859,0.0,1.0
11861,1.0,0.0
11866,0.0,1.0
11871,0.0,1.0
11883,0.0,1.0
11886,0.0,1.0
11889,0.0,1.0
11892,0.0,1.0
11894,0.0,1.0
11903,0.0,1.0
11908,0.0,1.0
11913,1.0,0.0
11919,0.0,1.0
11921,0.0,1.0
11926,0.0,1.0
11933,0.0,1.0
11936,0.0,1.0
11944,0.0,1.0
11958,0.0,1.0
11961,0.0,1.0
11966,0.0,1.0
11972,0.0,1.0
11976,0.0,1.0
11983,0.0,1.0
11987,1.0,0.0
11994,0.0,1.0
12001,0.0,1.0
12011,0.0,1.0
12016,0.0,1.0
12027,0.0,1.0
12032,0.0,1.0
12057,1.0,0.0
12064,0.0,1.0
12073,0.0,1.0
12089,0.0,1.0
12092,0.0,1.0
12100,1.0,0.0
12109,1.0,0.0
12113,0.0,1.0
12121,0.0,1.0
12123,0.0,1.0
12141,0.0,1.0
12158,0.0,1.0
12163,1.0,0.0
12164,0.0,1.0
12167,0.0,1.0
12171,0.0,1.0
12172,0.0,1.0
12176,0.0,1.0
12184,1.0,0.0
12198,0.0,1.0
12200,1.0,0.0
12206,0.0,1.0
12209,1.0,0.0
12211,0.0,1.0
12224,0.0,1.0
12230,0.0,1.0
12235,0.0,1.0
12244,0.0,1.0
12250,0.0,1.0
12254,1.0,0.0
12279,0.0,1.0
12287,0.0,1.0
12290,0.0,1.0
12294,1.0,0.0
12296,0.0,1.0
12298,0.0,1.0
12299,0.0,1.0
12304,0.0,1.0
12305,1.0,0.0
12307,0.0,1.0
12314,1.0,0.0
12320,0.0,1.0
12321,0.0,1.0
12329,0.0,1.0
12332,1.0,0.0
12341,0.0,1.0
12343,0.0,1.0
12346,0.0,1.0
12357,0.0,1.0
12361,0.0,1.0
12363,0.0,1.0
12364,0.0,1.0
12365,1.0,0.0
12366,0.0,1.0
12367,0.0,1.0
12375,1.0,0.0
12380,0.0,1.0
12391,1.0,0.0
12407,0.0,1.0
12412,0.0,1.0
12413,0.0,1.0
12417,0.0,1.0
12448,0.0,1.0
12471,0.0,1.0
12481,0.0,1.0
12493,0.0,1.0
12497,0.0,1.0
12498,0.0,1.0
12500,0.0,1.0
12503,0.0,1.0
12506,1.0,0.0
12511,1.0,0.0
12512,0.0,1.0
12529,0.0,1.0
12532,0.0,1.0
12540,0.0,1.0
12557,0.0,1.0
12559,0.0,1.0
12565,0.0,1.0
12568,0.0,1.0
12569,0.0,1.0
12573,1.0,0.0
12576,1.0,0.0
12583,0.0,1.0
12592,0.0,1.0
12602,0.0,1.0
12616,0.0,1.0
12620,0.0,1.0
12625,0.0,1.0
12642,0.0,1.0
12646,0.0,1.0
12659,0.0,1.0
12681,0.0,1.0
12687,0.0,1.0
12688,0.0,1.0
12691,0.0,1.0
12692,1.0,0.0
12712,0.0,1.0
12713,0.0,1.0
12718,1.0,0.0
12726,0.0,1.0
12727,0.0,1.0
12731,0.0,1.0
12736,0.0,1.0
12748,0.0,1.0
12759,1.0,0.0
12763,0.0,1.0
12770,0.0,1.0
12775,0.0,1.0
12781,0.0,1.0
12782,0.0,1.0
12792,1.0,0.0
12794,0.0,1.0
12811,0.0,1.0
12819,0.0,1.0
12821,0.0,1.0
12822,0.0,1.0
12823,0.0,1.0
12826,0.0,1.0
12829,0.0,1.0
12832,0.0,1.0
12833,0.0,1.0
12835,0.0,1.0
12846,1.0,0.0
12849,0.0,1.0
12859,0.0,1.0
12860,0.0,1.0
12862,0.0,1.0
12876,1.0,0.0
12910,0.0,1.0
12912,1.0,0.0
12918,0.0,1.0
12935,0.0,1.0
12938,0.0,1.0
12945,0.0,1.0
12950,0.0,1.0
12957,0.0,1.0
12962,0.0,1.0
12999,0.0,1.0
13013,0.0,1.0
13017,0.0,1.0
13031,0.0,1.0
13034,0.0,1.0
13035,0.0,1.0
13036,0.0,1.0
13037,0.0,1.0
13038,0.0,1.0
13044,0.0,1.0
13047,0.0,1.0
13055,0.0,1.0
13064,0.0,1.0
13067,0.0,1.0
13076,0.0,1.0
13077,0.0,1.0
13082,0.0,1.0
13096,0.0,1.0
13097,0.0,1.0
13109,0.0,1.0
13113,0.0,1.0
13121,0.0,1.0
13122,1.0,0.0
13123,0.0,1.0
13124,1.0,0.0
13129,1.0,0.0
13133,1.0,0.0
13137,0.0,1.0
13150,0.0,1.0
13160,0.0,1.0
13177,1.0,0.0
13185,1.0,0.0
13196,0.0,1.0
13197,0.0,1.0
13202,0.0,1.0
13206,0.0,1.0
13213,0.0,1.0
13215,0.0,1.0
13216,0.0,1.0
13219,0.0,1.0
13220,0.0,1.0
13225,0.0,1.0
13227,0.0,1.0
13232,0.0,1.0
13246,0.0,1.0
13249,0.0,1.0
13255,0.0,1.0
13259,1.0,0.0
13273,0.0,1.0
13279,0.0,1.0
13286,0.0,1.0
13291,1.0,0.0
13296,0.0,1.0
13302,0.0,1.0
13303,1.0,0.0
13304,0.0,1.0
13309,0.0,1.0
13311,0.0,1.0
13312,0.0,1.0
13322,0.0,1.0
13327,0.0,1.0
13333,0.0,1.0
13338,0.0,1.0
13339,0.0,1.0
13361,0.0,1.0
13369,0.0,1.0
13370,0.0,1.0
13372,0.0,1.0
13374,0.0,1.0
13382,0.0,1.0
13386,0.0,1.0
13388,1.0,0.0
13389,1.0,0.0
13399,0.0,1.0
13404,0.0,1.0
13407,0.0,1.0
13408,0.0,1.0
13409,0.0,1.0
13424,0.0,1.0
13430,0.0,1.0
13431,1.0,0.0
13434,0.0,1.0
13436,0.0,1.0
13441,0.0,1.0
13442,0.0,1.0
13456,0.0,1.0
13457,1.0,0.0
13459,0.0,1.0
13467,0.0,1.0
13470,0.0,1.0
13487,0.0,1.0
13490,0.0,1.0
13493,0.0,1.0
13500,0.0,1.0
13501,0.0,1.0
13508,0.0,1.0
13509,0.0,1.0
13517,0.0,1.0
13519,0.0,1.0
13528,1.0,0.0
13530,0.0,1.0
13539,0.0,1.0
13541,0.0,1.0
13550,0.0,1.0
13563,0.0,1.0
13572,0.0,1.0
13588,1.0,0.0
13595,0.0,1.0
13606,1.0,0.0
13616,0.0,1.0
13631,0.0,1.0
13644,0.0,1.0
13645,0.0,1.0
13663,0.0,1.0
13664,0.0,1.0
13665,0.0,1.0
13667,0.0,1.0
13677,0.0,1.0
13681,0.0,1.0
13691,0.0,1.0
13696,0.0,1.0
13701,1.0,0.0
13720,0.0,1.0
13724,1.0,0.0
13735,0.0,1.0
13736,0.0,1.0
13738,0.0,1.0
13750,0.0,1.0
13756,1.0,0.0
13775,1.0,0.0
13776,0.0,1.0
13781,0.0,1.0
13786,0.0,1.0
13792,0.0,1.0
13807,0.0,1.0
13823,1.0,0.0
13831,0.0,1.0
13837,0.0,1.0
13845,0.0,1.0
13849,1.0,0.0
13851,0.0,1.0
13854,1.0,0.0
13862,0.0,1.0
13866,0.0,1.0
13875,0.0,1.0
13880,0.0,1.0
13884,0.0,1.0
13891,0.0,1.0
13898,0.0,1.0
13905,1.0,0.0
13919,0.0,1.0
13926,0.0,1.0
13936,0.0,1.0
13938,0.0,1.0
13941,0.0,1.0
13943,0.0,1.0
13951,0.0,1.0
13952,0.0,1.0
13953,1.0,0.0
13954,1.0,0.0
13957,0.0,1.0
13966,0.0,1.0
13967,0.0,1.0
13968,0.0,1.0
13971,0.0,1.0
13980,0.0,1.0
13990,0.0,1.0
13992,0.0,1.0
13997,0.0,1.0
14015,0.0,1.0
14024,1.0,0.0
14025,0.0,1.0
14028,1.0,0.0
14034,0.0,1.0
14035,0.0,1.0
14038,0.0,1.0
14050,1.0,0.0
14052,1.0,0.0
14058,0.0,1.0
14061,0.0,1.0
14064,0.0,1.0
14069,1.0,0.0
14083,0.0,1.0
14093,0.0,1.0
14094,0.0,1.0
14100,0.0,1.0
14104,1.0,0.0
14112,0.0,1.0
14132,0.0,1.0
14147,0.0,1.0
14149,0.0,1.0
14150,0.0,1.0
14153,0.0,1.0
14156,0.0,1.0
14170,1.0,0.0
14171,0.0,1.0
14190,1.0,0.0
14193,0.0,1.0
14195,0.0,1.0
14204,0.0,1.0
14208,0.0,1.0
14210,0.0,1.0
14214,1.0,0.0
14219,0.0,1.0
14222,0.0,1.0
14239,0.0,1.0
14241,0.0,1.0
14245,0.0,1.0
14253,0.0,1.0
14277,1.0,0.0
14278,0.0,1.0
14280,1.0,0.0
14281,0.0,1.0
14287,0.0,1.0
14303,1.0,0.0
14304,0.0,1.0
14335,0.0,1.0
14338,0.0,1.0
14339,0.0,1.0
14340,0.0,1.0
14343,0.0,1.0
14364,0.0,1.0
14377,0.0,1.0
14379,1.0,0.0
14383,0.0,1.0
14388,0.0,1.0
14391,0.0,1.0
14404,0.0,1.0
14413,0.0,1.0
14417,0.0,1.0
14431,0.0,1.0
14434,0.0,1.0
14437,1.0,0.0
14442,0.0,1.0
14449,0.0,1.0
14450,0.0,1.0
14461,0.0,1.0
14471,0.0,1.0
14475,0.0,1.0
14487,1.0,0.0
14501,1.0,0.0
14505,0.0,1.0
14508,0.0,1.0
14513,0.0,1.0
14515,1.0,0.0
14520,0.0,1.0
14522,0.0,1.0
14524,0.0,1.0
14527,0.0,1.0
14537,0.0,1.0
14542,0.0,1.0
14546,0.0,1.0
14547,0.0,1.0
14548,0.0,1.0
14559,0.0,1.0
14566,1.0,0.0
14570,0.0,1.0
14572,1.0,0.0
14573,0.0,1.0
14581,0.0,1.0
14586,0.0,1.0
14590,0.0,1.0
14601,0.0,1.0
14602,0.0,1.0
14606,0.0,1.0
14610,0.0,1.0
14614,1.0,0.0
14616,0.0,1.0
14620,1.0,0.0
14624,0.0,1.0
14627,0.0,1.0
14631,1.0,0.0
14656,1.0,0.0
14659,0.0,1.0
14660,0.0,1.0
14672,0.0,1.0
14673,0.0,1.0
14679,1.0,0.0
14680,0.0,1.0
14683,0.0,1.0
14684,0.0,1.0
14685,1.0,0.0
14689,0.0,1.0
14691,0.0,1.0
14695,0.0,1.0
14721,0.0,1.0
14729,0.0,1.0
14740,0.0,1.0
14742,0.0,1.0
14745,1.0,0.0
14754,1.0,0.0
14757,0.0,1.0
14758,1.0,0.0
14759,0.0,1.0
14760,1.0,0.0
14763,0.0,1.0
14766,0.0,1.0
14767,0.0,1.0
14769,0.0,1.0
14772,1.0,0.0
14780,0.0,1.0
14782,0.0,1.0
14791,1.0,0.0
14805,0.0,1.0
14816,0.0,1.0
14820,0.0,1.0
14828,0.0,1.0
14835,1.0,0.0
14841,1.0,0.0
14843,0.0,1.0
14846,0.0,1.0
14851,0.0,1.0
14852,0.0,1.0
14853,0.0,1.0
14854,1.0,0.0
14857,1.0,0.0
14875,0.0,1.0
14879,0.0,1.0
14886,0.0,1.0
14887,0.0,1.0
14891,0.0,1.0
14900,0.0,1.0
14908,0.0,1.0
14909,0.0,1.0
14919,0.0,1.0
14922,0.0,1.0
14926,0.0,1.0
14934,0.0,1.0
14943,0.0,1.0
14945,1.0,0.0
14965,0.0,1.0
14966,0.0,1.0
14969,0.0,1.0
14970,1.0,0.0
14974,0.0,1.0
14975,0.0,1.0
14979,0.0,1.0
14984,0.0,1.0
14992,0.0,1.0
14993,1.0,0.0
14995,0.0,1.0
14999,0.0,1.0
15007,0.0,1.0
15008,1.0,0.0
15015,0.0,1.0
15021,0.0,1.0
15028,0.0,1.0
15042,0.0,1.0
15048,1.0,0.0
15063,0.0,1.0
15075,0.0,1.0
15076,0.0,1.0
15088,0.0,1.0
15097,0.0,1.0
15099,0.0,1.0
15121,0.0,1.0
15122,0.0,1.0
15126,0.0,1.0
15129,0.0,1.0
15131,0.0,1.0
15134,0.0,1.0
15139,0.0,1.0
15148,0.0,1.0
15151,0.0,1.0
15154,1.0,0.0
15162,1.0,0.0
15170,1.0,0.0
15171,0.0,1.0
15189,0.0,1.0
15197,0.0,1.0
15212,1.0,0.0
15216,0.0,1.0
15218,0.0,1.0
15221,0.0,1.0
15224,0.0,1.0
15243,0.0,1.0
15247,0.0,1.0
15256,0.0,1.0
15261,0.0,1.0
15262,1.0,0.0
15264,0.0,1.0
15288,0.0,1.0
15306,0.0,1.0
15308,0.0,1.0
15313,0.0,1.0
15334,0.0,1.0
15338,1.0,0.0
15340,0.0,1.0
15353,0.0,1.0
15358,1.0,0.0
15359,0.0,1.0
15360,0.0,1.0
15365,0.0,1.0
15366,0.0,1.0
15370,0.0,1.0
15382,0.0,1.0
15388,0.0,1.0
15391,0.0,1.0
15401,0.0,1.0
15404,0.0,1.0
15424,1.0,0.0
15427,0.0,1.0
15428,1.0,0.0
15444,1.0,0.0
15445,0.0,1.0
15448,1.0,0.0
15449,0.0,1.0
15454,0.0,1.0
15455,0.0,1.0
15462,0.0,1.0
15463,0.0,1.0
15467,0.0,1.0
15474,0.0,1.0
15477,0.0,1.0
15478,1.0,0.0
15482,1.0,0.0
15490,0.0,1.0
15495,0.0,1.0
15500,1.0,0.0
15506,0.0,1.0
15511,1.0,0.0
15517,0.0,1.0
15519,0.0,1.0
15520,0.0,1.0
15521,0.0,1.0
15523,0.0,1.0
15524,0.0,1.0
15532,0.0,1.0
15533,0.0,1.0
15538,0.0,1.0
15541,0.0,1.0
15544,0.0,1.0
15549,0.0,1.0
15558,0.0,1.0
15563,0.0,1.0
15564,0.0,1.0
15577,0.0,1.0
15578,0.0,1.0
15591,0.0,1.0
15593,0.0,1.0
15594,0.0,1.0
15599,0.0,1.0
15600,0.0,1.0
15601,0.0,1.0
15610,0.0,1.0
15613,0.0,1.0
15614,0.0,1.0
15620,1.0,0.0
15623,0.0,1.0
15629,0.0,1.0
15631,0.0,1.0
15646,0.0,1.0
15648,0.0,1.0
15652,0.0,1.0
15660,0.0,1.0
15665,0.0,1.0
15672,1.0,0.0
15674,0.0,1.0
15683,0.0,1.0
15694,0.0,1.0
15698,0.0,1.0
15708,0.0,1.0
15712,0.0,1.0
15714,0.0,1.0
15722,0.0,1.0
15727,0.0,1.0
15732,0.0,1.0
15736,0.0,1.0
15739,1.0,0.0
15741,0.0,1.0
15742,0.0,1.0
15755,0.0,1.0
15761,0.0,1.0
15765,1.0,0.0
15767,0.0,1.0
15771,0.0,1.0
15772,0.0,1.0
15794,0.0,1.0
15796,0.0,1.0
15797,0.0,1.0
15801,0.0,1.0
15804,0.0,1.0
15809,0.0,1.0
15815,0.0,1.0
15818,0.0,1.0
15821,0.0,1.0
15826,1.0,0.0
15828,0.0,1.0
15831,0.0,1.0
15838,0.0,1.0
15849,0.0,1.0
15855,0.0,1.0
15859,1.0,0.0
15863,1.0,0.0
15870,1.0,0.0
15874,0.0,1.0
15877,0.0,1.0
15886,0.0,1.0
15894,0.0,1.0
15895,0.0,1.0
15911,0.0,1.0
15913,0.0,1.0
15917,0.0,1.0
15927,0.0,1.0
15935,0.0,1.0
15939,0.0,1.0
15947,1.0,0.0
15967,1.0,0.0
15994,0.0,1.0
16009,1.0,0.0
16019,0.0,1.0
16026,0.0,1.0
16043,0.0,1.0
16044,0.0,1.0
16058,0.0,1.0
16067,1.0,0.0
16068,0.0,1.0
16078,0.0,1.0
16081,0.0,1.0
16085,0.0,1.0
16090,0.0,1.0
16093,0.0,1.0
16105,0.0,1.0
16110,0.0,1.0
16122,0.0,1.0
16130,0.0,1.0
16135,0.0,1.0
16145,0.0,1.0
16152,0.0,1.0
16162,0.0,1.0
16164,0.0,1.0
16170,0.0,1.0
16171,0.0,1.0
16174,0.0,1.0
16186,0.0,1.0
16199,0.0,1.0
16205,0.0,1.0
16207,0.0,1.0
16210,1.0,0.0
16211,0.0,1.0
16217,1.0,0.0
16221,0.0,1.0
16225,0.0,1.0
16229,0.0,1.0
16230,0.0,1.0
16233,0.0,1.0
16235,0.0,1.0
16236,0.0,1.0
16247,0.0,1.0
16248,0.0,1.0
16256,0.0,1.0
16265,0.0,1.0
16270,0.0,1.0
16285,0.0,1.0
16286,0.0,1.0
16306,0.0,1.0
16308,1.0,0.0
16311,0.0,1.0
16316,0.0,1.0
16328,0.0,1.0
16333,0.0,1.0
16338,1.0,0.0
16342,0.0,1.0
16351,0.0,1.0
16358,0.0,1.0
16374,0.0,1.0
16377,0.0,1.0
16383,0.0,1.0
16385,0.0,1.0
16394,0.0,1.0
16398,1.0,0.0
16420,0.0,1.0
16427,0.0,1.0
16445,0.0,1.0
16450,0.0,1.0
16452,0.0,1.0
16456,0.0,1.0
16477,0.0,1.0
16480,0.0,1.0
16481,0.0,1.0
16489,0.0,1.0
16490,1.0,0.0
16513,0.0,1.0
16520,1.0,0.0
16525,0.0,1.0
16528,0.0,1.0
16529,0.0,1.0
16544,0.0,1.0
16545,0.0,1.0
16549,0.0,1.0
16554,0.0,1.0
16566,0.0,1.0
16577,0.0,1.0
16586,0.0,1.0
16596,1.0,0.0
16600,0.0,1.0
16602,0.0,1.0
16604,0.0,1.0
16618,0.0,1.0
16621,1.0,0.0
16627,0.0,1.0
16633,0.0,1.0
16635,0.0,1.0
16638,1.0,0.0
16646,0.0,1.0
16649,0.0,1.0
16659,0.0,1.0
16662,1.0,0.0
16666,1.0,0.0
16670,1.0,0.0
16671,0.0,1.0
16673,0.0,1.0
16681,0.0,1.0
16688,0.0,1.0
16694,0.0,1.0
16696,1.0,0.0
16697,0.0,1.0
16698,0.0,1.0
16700,0.0,1.0
16704,1.0,0.0
16706,0.0,1.0
16711,0.0,1.0
16713,0.0,1.0
16729,0.0,1.0
16743,0.0,1.0
16746,0.0,1.0
16757,0.0,1.0
16773,0.0,1.0
16776,0.0,1.0
16778,0.0,1.0
16791,0.0,1.0
16807,0.0,1.0
16822,0.0,1.0
16824,0.0,1.0
16831,0.0,1.0
16840,0.0,1.0
16842,1.0,0.0
16848,0.0,1.0
16859,0.0,1.0
16873,0.0,1.0
16881,0.0,1.0
16882,0.0,1.0
16890,0.0,1.0
16892,0.0,1.0
16896,0.0,1.0
16905,0.0,1.0
16910,0.0,1.0
16913,0.0,1.0
16915,1.0,0.0
16925,0.0,1.0
16928,0.0,1.0
16933,0.0,1.0
16940,0.0,1.0
16949,0.0,1.0
16957,0.0,1.0
16963,0.0,1.0
16966,0.0,1.0
16967,0.0,1.0
16968,1.0,0.0
16972,0.0,1.0
16984,0.0,1.0
16994,0.0,1.0
16997,0.0,1.0
17003,0.0,1.0
17006,0.0,1.0
17009,0.0,1.0
17017,0.0,1.0
17026,0.0,1.0
17027,0.0,1.0
17042,0.0,1.0
17044,0.0,1.0
17047,0.0,1.0
17049,0.0,1.0
17053,0.0,1.0
17074,1.0,0.0
17085,0.0,1.0
17088,0.0,1.0
17089,0.0,1.0
17096,0.0,1.0
17101,0.0,1.0
17112,0.0,1.0
17113,0.0,1.0
17118,0.0,1.0
17119,0.0,1.0
17120,1.0,0.0
17123,0.0,1.0
17126,1.0,0.0
17128,0.0,1.0
17132,0.0,1.0
17143,0.0,1.0
17147,1.0,0.0
17149,0.0,1.0
17150,0.0,1.0
17155,1.0,0.0
17161,0.0,1.0
17166,0.0,1.0
17178,0.0,1.0
17181,0.0,1.0
17192,0.0,1.0
17207,0.0,1.0
17209,0.0,1.0
17211,0.0,1.0
17215,0.0,1.0
17217,0.0,1.0
17230,0.0,1.0
17231,0.0,1.0
17241,0.0,1.0
17246,0.0,1.0
17252,0.0,1.0
17266,0.0,1.0
17272,0.0,1.0
17283,0.0,1.0
17291,0.0,1.0
17297,0.0,1.0
17305,0.0,1.0
17311,1.0,0.0
17317,0.0,1.0
17321,0.0,1.0
17322,0.0,1.0
17325,0.0,1.0
17338,0.0,1.0
17344,0.0,1.0
17345,0.0,1.0
17351,0.0,1.0
17352,0.0,1.0
17355,0.0,1.0
17356,1.0,0.0
17360,0.0,1.0
17366,0.0,1.0
17372,0.0,1.0
17374,1.0,0.0
17377,0.0,1.0
17387,0.0,1.0
17391,0.0,1.0
17402,0.0,1.0
17403,0.0,1.0
17413,0.0,1.0
17417,0.0,1.0
17432,0.0,1.0
17451,0.0,1.0
17457,0.0,1.0
17466,0.0,1.0
17468,1.0,0.0
17478,0.0,1.0
17481,0.0,1.0
17483,0.0,1.0
17493,0.0,1.0
17502,0.0,1.0
17518,0.0,1.0
17519,0.0,1.0
17524,1.0,0.0
17526,0.0,1.0
17540,0.0,1.0
17546,1.0,0.0
17547,0.0,1.0
17561,0.0,1.0
17563,0.0,1.0
17564,0.0,1.0
17569,0.0,1.0
17571,0.0,1.0
17579,0.0,1.0
17584,1.0,0.0
17592,0.0,1.0
17594,0.0,1.0
17596,0.0,1.0
17605,0.0,1.0
17612,0.0,1.0
17615,0.0,1.0
17638,0.0,1.0
17645,0.0,1.0
17647,0.0,1.0
17652,0.0,1.0
17653,0.0,1.0
17663,0.0,1.0
17664,0.0,1.0
17670,0.0,1.0
17681,0.0,1.0
17687,0.0,1.0
17696,0.0,1.0
17700,0.0,1.0
17702,0.0,1.0
17706,0.0,1.0
17711,1.0,0.0
17712,0.0,1.0
17713,0.0,1.0
17715,0.0,1.0
17720,0.0,1.0
17721,0.0,1.0
17724,1.0,0.0
17727,0.0,1.0
17731,0.0,1.0
17742,0.0,1.0
17747,0.0,1.0
17756,0.0,1.0
17760,0.0,1.0
17761,0.0,1.0
17763,1.0,0.0
17767,0.0,1.0
17769,0.0,1.0
17771,0.0,1.0
17772,0.0,1.0
17789,0.0,1.0
17792,0.0,1.0
17793,1.0,0.0
17808,0.0,1.0
17815,0.0,1.0
17816,1.0,0.0
17818,0.0,1.0
17822,0.0,1.0
17826,1.0,0.0
17828,1.0,0.0
17830,0.0,1.0
17847,0.0,1.0
17848,1.0,0.0
17849,0.0,1.0
17851,0.0,1.0
17856,1.0,0.0
17870,0.0,1.0
17879,1.0,0.0
17882,0.0,1.0
17886,0.0,1.0
17888,0.0,1.0
17889,0.0,1.0
17895,0.0,1.0
17903,1.0,0.0
17904,0.0,1.0
17905,0.0,1.0
17906,0.0,1.0
17908,0.0,1.0
17911,0.0,1.0
17912,1.0,0.0
17918,0.0,1.0
17919,0.0,1.0
17920,1.0,0.0
17921,1.0,0.0
17924,0.0,1.0
17933,0.0,1.0
17936,0.0,1.0
17941,1.0,0.0
17943,1.0,0.0
17945,0.0,1.0
17948,0.0,1.0
17961,0.0,1.0
17963,0.0,1.0
17972,0.0,1.0
17974,0.0,1.0
17987,0.0,1.0
17991,0.0,1.0
17992,0.0,1.0
17993,0.0,1.0
18008,0.0,1.0
18010,0.0,1.0
18018,0.0,1.0
18019,0.0,1.0
18021,1.0,0.0
18030,1.0,0.0
18037,0.0,1.0
18038,0.0,1.0
18043,0.0,1.0
18057,0.0,1.0
18059,1.0,0.0
18068,0.0,1.0
18088,0.0,1.0
18108,0.0,1.0
18119,0.0,1.0
18120,0.0,1.0
18122,1.0,0.0
18129,0.0,1.0
18138,0.0,1.0
18142,0.0,1.0
18149,1.0,0.0
18171,0.0,1.0
18173,1.0,0.0
18178,0.0,1.0
18191,0.0,1.0
18192,0.0,1.0
18203,1.0,0.0
18205,0.0,1.0
18207,0.0,1.0
18214,0.0,1.0
18224,0.0,1.0
18225,0.0,1.0
18228,0.0,1.0
18241,0.0,1.0
18245,0.0,1.0
18254,0.0,1.0
18273,0.0,1.0
18285,0.0,1.0
18287,0.0,1.0
18296,0.0,1.0
18297,0.0,1.0
18322,0.0,1.0
18324,0.0,1.0
18345,0.0,1.0
18349,0.0,1.0
18352,0.0,1.0
18361,0.0,1.0
18363,0.0,1.0
18366,0.0,1.0
18376,0.0,1.0
18390,0.0,1.0
18395,0.0,1.0
18396,1.0,0.0
18397,0.0,1.0
18403,0.0,1.0
18425,1.0,0.0
18440,0.0,1.0
18447,0.0,1.0
18448,0.0,1.0
18465,0.0,1.0
18467,1.0,0.0
18469,0.0,1.0
18477,1.0,0.0
18486,1.0,0.0
18513,0.0,1.0
18515,0.0,1.0
18519,0.0,1.0
18520,0.0,1.0
18532,0.0,1.0
18533,0.0,1.0
18534,0.0,1.0
18553,1.0,0.0
18556,0.0,1.0
18559,0.0,1.0
18567,0.0,1.0
18580,0.0,1.0
18584,1.0,0.0
18607,0.0,1.0
18621,0.0,1.0
18662,0.0,1.0
18677,0.0,1.0
18689,0.0,1.0
18694,0.0,1.0
18698,0.0,1.0
18699,0.0,1.0
18701,1.0,0.0
18705,0.0,1.0
18713,0.0,1.0
18733,0.0,1.0
18744,0.0,1.0
18745,0.0,1.0
18750,0.0,1.0
18758,0.0,1.0
18760,0.0,1.0
18769,0.0,1.0
18772,0.0,1.0
18775,0.0,1.0
18783,0.0,1.0
18791,0.0,1.0
18801,0.0,1.0
18818,1.0,0.0
18820,0.0,1.0
18825,0.0,1.0
18835,0.0,1.0
18837,0.0,1.0
18848,1.0,0.0
18852,0.0,1.0
18863,1.0,0.0
18864,0.0,1.0
18867,0.0,1.0
18868,0.0,1.0
18887,0.0,1.0
18896,0.0,1.0
18901,0.0,1.0
18903,0.0,1.0
18909,0.0,1.0
18910,0.0,1.0
18913,0.0,1.0
18915,0.0,1.0
18919,1.0,0.0
18922,0.0,1.0
18925,0.0,1.0
18926,1.0,0.0
18927,0.0,1.0
18934,0.0,1.0
18945,0.0,1.0
18946,0.0,1.0
18947,0.0,1.0
18953,0.0,1.0
18961,0.0,1.0
18968,1.0,0.0
18974,0.0,1.0
18979,0.0,1.0
18984,0.0,1.0
18987,0.0,1.0
18993,1.0,0.0
18995,1.0,0.0
18997,0.0,1.0
18999,0.0,1.0
19011,0.0,1.0
19013,0.0,1.0
19014,0.0,1.0
19015,1.0,0.0
19034,1.0,0.0
19037,0.0,1.0
19038,1.0,0.0
19039,0.0,1.0
19046,0.0,1.0
19052,1.0,0.0
19053,0.0,1.0
19062,0.0,1.0
19064,0.0,1.0
19078,0.0,1.0
19079,1.0,0.0
19088,1.0,0.0
19089,1.0,0.0
19093,0.0,1.0
19102,0.0,1.0
19115,0.0,1.0
19134,0.0,1.0
19140,0.0,1.0
19150,0.0,1.0
19155,0.0,1.0
19166,0.0,1.0
19170,0.0,1.0
19178,0.0,1.0
19182,1.0,0.0
19193,0.0,1.0
19195,0.0,1.0
19196,0.0,1.0
19198,0.0,1.0
19202,1.0,0.0
19209,0.0,1.0
19214,0.0,1.0
19216,0.0,1.0
19219,0.0,1.0
19222,0.0,1.0
19230,0.0,1.0
19236,1.0,0.0
19239,0.0,1.0
19246,0.0,1.0
19264,1.0,0.0
19270,0.0,1.0
19281,0.0,1.0
19293,0.0,1.0
19304,1.0,0.0
19307,0.0,1.0
19309,0.0,1.0
19318,0.0,1.0
19324,1.0,0.0
19325,0.0,1.0
19328,0.0,1.0
19333,1.0,0.0
19336,0.0,1.0
19345,0.0,1.0
19356,0.0,1.0
19373,0.0,1.0
19374,0.0,1.0
19383,1.0,0.0
19384,0.0,1.0
19393,0.0,1.0
19396,0.0,1.0
19398,0.0,1.0
19409,0.0,1.0
19416,1.0,0.0
19425,1.0,0.0
19453,0.0,1.0
19483,0.0,1.0
19484,0.0,1.0
19485,1.0,0.0
19489,0.0,1.0
19490,0.0,1.0
19493,0.0,1.0
19498,0.0,1.0
19499,0.0,1.0
19505,0.0,1.0
19506,0.0,1.0
19507,0.0,1.0
19509,0.0,1.0
19515,0.0,1.0
19522,0.0,1.0
19527,0.0,1.0
19528,0.0,1.0
19530,0.0,1.0
19550,0.0,1.0
19566,0.0,1.0
19573,0.0,1.0
19578,0.0,1.0
19589,0.0,1.0
19627,0.0,1.0
19632,0.0,1.0
19635,0.0,1.0
19642,0.0,1.0
19643,0.0,1.0
19658,0.0,1.0
19659,0.0,1.0
19668,0.0,1.0
19670,0.0,1.0
19671,0.0,1.0
19688,0.0,1.0
19704,0.0,1.0
19711,0.0,1.0
19714,1.0,0.0
19716,1.0,0.0
19721,0.0,1.0
19729,0.0,1.0
19730,0.0,1.0
19733,0.0,1.0
19735,0.0,1.0
19749,1.0,0.0
19752,0.0,1.0
19768,0.0,1.0
19781,0.0,1.0
19784,0.0,1.0
19785,0.0,1.0
19790,0.0,1.0
19804,0.0,1.0
19812,0.0,1.0
19837,0.0,1.0
19839,0.0,1.0
19849,0.0,1.0
19850,0.0,1.0
19870,0.0,1.0
19873,0.0,1.0
19881,0.0,1.0
19884,0.0,1.0
19887,0.0,1.0
19891,1.0,0.0
19895,0.0,1.0
19899,0.0,1.0
19917,0.0,1.0
19920,0.0,1.0
19923,0.0,1.0
19938,0.0,1.0
19942,0.0,1.0
19962,0.0,1.0
19964,0.0,1.0
19967,0.0,1.0
19971,0.0,1.0
19979,0.0,1.0
19980,0.0,1.0
19982,0.0,1.0
19983,0.0,1.0
19990,0.0,1.0
20000,0.0,1.0
20006,0.0,1.0
20016,0.0,1.0
20017,0.0,1.0
20021,0.0,1.0
20036,0.0,1.0
20044,1.0,0.0
20059,0.0,1.0
20071,0.0,1.0
20075,0.0,1.0
20081,0.0,1.0
20086,0.0,1.0
20091,0.0,1.0
20093,0.0,1.0
20098,0.0,1.0
20102,0.0,1.0
20104,0.0,1.0
20113,0.0,1.0
20118,1.0,0.0
20119,0.0,1.0
20121,0.0,1.0
20132,0.0,1.0
20137,0.0,1.0
20139,0.0,1.0
20159,0.0,1.0
20161,0.0,1.0
20173,0.0,1.0
20178,1.0,0.0
20182,0.0,1.0
20184,0.0,1.0
20186,0.0,1.0
20192,0.0,1.0
20195,0.0,1.0
20199,0.0,1.0
20201,0.0,1.0
20207,0.0,1.0
20209,0.0,1.0
20212,0.0,1.0
20223,0.0,1.0
20239,0.0,1.0
20243,0.0,1.0
20252,0.0,1.0
20253,1.0,0.0
20255,0.0,1.0
20263,0.0,1.0
20277,0.0,1.0
20278,1.0,0.0
20279,0.0,1.0
20280,0.0,1.0
20283,0.0,1.0
20285,0.0,1.0
20293,1.0,0.0
20331,0.0,1.0
20345,0.0,1.0
20358,0.0,1.0
20364,0.0,1.0
20369,1.0,0.0
20373,1.0,0.0
20377,0.0,1.0
20378,0.0,1.0
20383,1.0,0.0
20386,0.0,1.0
20390,0.0,1.0
20393,0.0,1.0
20397,0.0,1.0
20401,0.0,1.0
20402,0.0,1.0
20409,0.0,1.0
20410,1.0,0.0
20411,1.0,0.0
20415,0.0,1.0
20423,0.0,1.0
20437,0.0,1.0
20441,0.0,1.0
20447,0.0,1.0
20474,0.0,1.0
20475,1.0,0.0
20479,1.0,0.0
20482,0.0,1.0
20485,0.0,1.0
20491,1.0,0.0
20504,1.0,0.0
20505,0.0,1.0
20506,0.0,1.0
20511,0.0,1.0
20516,1.0,0.0
20528,0.0,1.0
20539,0.0,1.0
20542,0.0,1.0
20543,0.0,1.0
20547,0.0,1.0
20550,0.0,1.0
20555,0.0,1.0
20565,0.0,1.0
20567,1.0,0.0
20574,0.0,1.0
20577,0.0,1.0
20579,0.0,1.0
20581,0.0,1.0
20589,0.0,1.0
20591,0.0,1.0
20595,0.0,1.0
20596,0.0,1.0
20602,0.0,1.0
20603,0.0,1.0
20610,0.0,1.0
20612,0.0,1.0
20633,0.0,1.0
20641,0.0,1.0
20653,0.0,1.0
20667,0.0,1.0
20668,0.0,1.0
20671,0.0,1.0
20677,1.0,0.0
20684,0.0,1.0
20703,1.0,0.0
20710,0.0,1.0
20711,0.0,1.0
20712,0.0,1.0
20719,0.0,1.0
20730,0.0,1.0
20739,0.0,1.0
20743,0.0,1.0
20748,1.0,0.0
20765,0.0,1.0
20772,1.0,0.0
20775,0.0,1.0
20776,0.0,1.0
20813,0.0,1.0
20819,0.0,1.0
20846,0.0,1.0
20847,1.0,0.0
20853,0.0,1.0
20855,1.0,0.0
20857,0.0,1.0
20871,0.0,1.0
20873,0.0,1.0
20875,0.0,1.0
20880,0.0,1.0
20902,0.0,1.0
20905,0.0,1.0
20907,0.0,1.0
20925,0.0,1.0
20926,0.0,1.0
20931,0.0,1.0
20944,0.0,1.0
20953,0.0,1.0
20955,0.0,1.0
20957,0.0,1.0
20958,0.0,1.0
20959,0.0,1.0
20964,0.0,1.0
20967,0.0,1.0
20974,0.0,1.0
20998,0.0,1.0
21002,1.0,0.0
21013,0.0,1.0
21016,0.0,1.0
21021,0.0,1.0
21030,0.0,1.0
21035,1.0,0.0
21048,0.0,1.0
21051,0.0,1.0
21055,0.0,1.0
21066,0.0,1.0
21067,0.0,1.0
21068,0.0,1.0
21069,0.0,1.0
21073,1.0,0.0
21088,0.0,1.0
21089,0.0,1.0
21090,0.0,1.0
21093,0.0,1.0
21113,1.0,0.0
21120,0.0,1.0
21124,0.0,1.0
21127,1.0,0.0
21130,0.0,1.0
21136,0.0,1.0
21142,0.0,1.0
21153,0.0,1.0
21165,1.0,0.0
21166,0.0,1.0
21175,0.0,1.0
21177,1.0,0.0
21184,0.0,1.0
21185,0.0,1.0
21187,0.0,1.0
21190,0.0,1.0
21204,1.0,0.0
21212,0.0,1.0
21219,0.0,1.0
21228,0.0,1.0
21246,0.0,1.0
21248,0.0,1.0
21249,0.0,1.0
21256,1.0,0.0
21258,0.0,1.0
21271,0.0,1.0
21277,0.0,1.0
21278,1.0,0.0
21287,0.0,1.0
21303,1.0,0.0
21308,0.0,1.0
21315,0.0,1.0
21327,0.0,1.0
21328,0.0,1.0
21329,0.0,1.0
21338,0.0,1.0
21339,0.0,1.0
21341,0.0,1.0
21343,0.0,1.0
21355,1.0,0.0
21358,0.0,1.0
21367,1.0,0.0
21373,0.0,1.0
21389,1.0,0.0
21391,0.0,1.0
21407,0.0,1.0
21410,0.0,1.0
21418,1.0,0.0
21429,0.0,1.0
21443,1.0,0.0
21446,1.0,0.0
21448,1.0,0.0
21459,0.0,1.0
21467,0.0,1.0
21473,1.0,0.0
21478,0.0,1.0
21485,0.0,1.0
21487,0.0,1.0
21498,0.0,1.0
21502,0.0,1.0
21509,1.0,0.0
21510,0.0,1.0
21517,0.0,1.0
21518,0.0,1.0
21521,0.0,1.0
21525,1.0,0.0
21533,0.0,1.0
21551,0.0,1.0
21558,0.0,1.0
21562,0.0,1.0
21577,0.0,1.0
21579,1.0,0.0
21584,0.0,1.0
21588,0.0,1.0
21589,0.0,1.0
21591,0.0,1.0
21593,0.0,1.0
21599,0.0,1.0
21602,0.0,1.0
21609,0.0,1.0
21612,0.0,1.0
21614,0.0,1.0
21630,1.0,0.0
21634,0.0,1.0
21649,0.0,1.0
21651,0.0,1.0
21661,0.0,1.0
21662,1.0,0.0
21667,0.0,1.0
21676,0.0,1.0
21679,0.0,1.0
21680,0.0,1.0
21684,0.0,1.0
21692,0.0,1.0
21701,0.0,1.0
21703,0.0,1.0
21715,1.0,0.0
21717,1.0,0.0
21722,1.0,0.0
21728,0.0,1.0
21739,1.0,0.0
21740,1.0,0.0
21741,0.0,1.0
21751,1.0,0.0
21760,0.0,1.0
21773,0.0,1.0
21774,0.0,1.0
21782,0.0,1.0
21783,0.0,1.0
21784,0.0,1.0
21791,1.0,0.0
21794,0.0,1.0
21797,0.0,1.0
21799,0.0,1.0
21804,1.0,0.0
21807,0.0,1.0
21814,0.0,1.0
21815,0.0,1.0
21817,1.0,0.0
21819,0.0,1.0
21824,0.0,1.0
21835,0.0,1.0
21840,0.0,1.0
21843,0.0,1.0
21851,1.0,0.0
21856,0.0,1.0
21878,0.0,1.0
21882,0.0,1.0
21888,0.0,1.0
21894,0.0,1.0
21896,1.0,0.0
21900,0.0,1.0
21904,0.0,1.0
21905,0.0,1.0
21909,0.0,1.0
21936,0.0,1.0
21940,0.0,1.0
21945,1.0,0.0
21948,0.0,1.0
21949,0.0,1.0
21953,0.0,1.0
21963,0.0,1.0
21972,0.0,1.0
21978,0.0,1.0
21984,0.0,1.0
21991,0.0,1.0
21994,0.0,1.0
22000,0.0,1.0
22009,0.0,1.0
22011,0.0,1.0
22018,0.0,1.0
22023,0.0,1.0
22029,0.0,1.0
22030,0.0,1.0
22044,0.0,1.0
22046,1.0,0.0
22048,0.0,1.0
22052,0.0,1.0
22060,0.0,1.0
22067,0.0,1.0
22070,0.0,1.0
22072,1.0,0.0
22074,0.0,1.0
22078,0.0,1.0
22079,0.0,1.0
22084,0.0,1.0
22085,0.0,1.0
22086,0.0,1.0
22092,0.0,1.0
22101,0.0,1.0
22102,0.0,1.0
22109,1.0,0.0
22110,0.0,1.0
22112,0.0,1.0
22113,0.0,1.0
22114,0.0,1.0
22125,0.0,1.0
22135,1.0,0.0
22136,0.0,1.0
22147,0.0,1.0
22149,0.0,1.0
22161,0.0,1.0
22167,0.0,1.0
22169,0.0,1.0
22173,0.0,1.0
22177,0.0,1.0
22180,0.0,1.0
22181,0.0,1.0
22194,0.0,1.0
22204,0.0,1.0
22211,0.0,1.0
22216,0.0,1.0
22229,0.0,1.0
22246,0.0,1.0
22247,0.0,1.0
22265,1.0,0.0
22266,0.0,1.0
22268,0.0,1.0
22280,0.0,1.0
22282,0.0,1.0
22284,0.0,1.0
22293,0.0,1.0
22294,0.0,1.0
22299,0.0,1.0
22319,0.0,1.0
22334,0.0,1.0
22338,0.0,1.0
22344,0.0,1.0
22346,1.0,0.0
22353,0.0,1.0
22355,0.0,1.0
22360,0.0,1.0
22372,0.0,1.0
22378,0.0,1.0
22384,1.0,0.0
22388,0.0,1.0
22389,0.0,1.0
22403,0.0,1.0
22407,0.0,1.0
22408,0.0,1.0
22421,0.0,1.0
22440,1.0,0.0
22443,0.0,1.0
22457,0.0,1.0
22458,1.0,0.0
22461,0.0,1.0
22466,0.0,1.0
22477,0.0,1.0
22486,0.0,1.0
22489,0.0,1.0
22490,0.0,1.0
22493,0.0,1.0
22501,0.0,1.0
22509,0.0,1.0
22512,0.0,1.0
22513,0.0,1.0
22516,1.0,0.0
22523,0.0,1.0
22531,0.0,1.0
22534,0.0,1.0
22535,1.0,0.0
22546,1.0,0.0
22554,0.0,1.0
22566,0.0,1.0
22571,0.0,1.0
22574,0.0,1.0
22583,0.0,1.0
22588,0.0,1.0
22595,0.0,1.0
22600,0.0,1.0
22606,0.0,1.0
22613,0.0,1.0
22621,1.0,0.0
22622,0.0,1.0
22632,0.0,1.0
22635,0.0,1.0
22636,0.0,1.0
22648,1.0,0.0
22653,0.0,1.0
22669,0.0,1.0
22682,0.0,1.0
22696,0.0,1.0
22699,0.0,1.0
22704,0.0,1.0
22708,0.0,1.0
22709,1.0,0.0
22713,0.0,1.0
22717,0.0,1.0
22725,1.0,0.0
22732,0.0,1.0
22734,0.0,1.0
22736,1.0,0.0
22742,0.0,1.0
22748,0.0,1.0
22749,0.0,1.0
22750,0.0,1.0
22751,0.0,1.0
22753,0.0,1.0
22754,0.0,1.0
22759,0.0,1.0
22769,0.0,1.0
22778,0.0,1.0
22786,0.0,1.0
22789,0.0,1.0
22793,0.0,1.0
22794,1.0,0.0
22800,0.0,1.0
22803,0.0,1.0
22809,1.0,0.0
22835,0.0,1.0
22842,0.0,1.0
22849,0.0,1.0
22866,0.0,1.0
22868,0.0,1.0
22873,0.0,1.0
22874,0.0,1.0
22878,0.0,1.0
22880,0.0,1.0
22881,0.0,1.0
22893,0.0,1.0
22894,0.0,1.0
22905,1.0,0.0
22907,0.0,1.0
22909,0.0,1.0
22913,0.0,1.0
22915,0.0,1.0
22919,1.0,0.0
22924,0.0,1.0
22926,0.0,1.0
22929,0.0,1.0
22934,0.0,1.0
22937,1.0,0.0
22942,0.0,1.0
22946,0.0,1.0
22951,0.0,1.0
22953,0.0,1.0
22954,0.0,1.0
22955,0.0,1.0
22956,0.0,1.0
22965,0.0,1.0
22966,0.0,1.0
22971,0.0,1.0
22980,0.0,1.0
22984,1.0,0.0
22993,0.0,1.0
22996,0.0,1.0
22997,0.0,1.0
23002,0.0,1.0
23009,0.0,1.0
23011,0.0,1.0
23015,0.0,1.0
23022,0.0,1.0
23038,0.0,1.0
23040,0.0,1.0
23045,0.0,1.0
23055,0.0,1.0
23068,0.0,1.0
23069,0.0,1.0
23071,0.0,1.0
23084,0.0,1.0
23088,0.0,1.0
23093,0.0,1.0
23095,0.0,1.0
23098,1.0,0.0
23115,0.0,1.0
23120,1.0,0.0
23121,1.0,0.0
23122,0.0,1.0
23134,0.0,1.0
23167,1.0,0.0
23170,0.0,1.0
23176,0.0,1.0
23183,0.0,1.0
23212,0.0,1.0
23214,0.0,1.0
23226,0.0,1.0
23236,0.0,1.0
23250,0.0,1.0
23255,1.0,0.0
23259,0.0,1.0
23263,1.0,0.0
23273,0.0,1.0
23284,0.0,1.0
23290,0.0,1.0
23294,1.0,0.0
23296,0.0,1.0
23300,0.0,1.0
23307,0.0,1.0
23310,0.0,1.0
23311,1.0,0.0
23314,1.0,0.0
23338,0.0,1.0
23345,0.0,1.0
23354,0.0,1.0
23356,1.0,0.0
23379,1.0,0.0
23397,0.0,1.0
23401,0.0,1.0
23404,0.0,1.0
23419,0.0,1.0
23425,0.0,1.0
23428,0.0,1.0
23430,0.0,1.0
23436,1.0,0.0
23439,0.0,1.0
23444,0.0,1.0
23449,0.0,1.0
23452,0.0,1.0
23457,0.0,1.0
23466,0.0,1.0
23469,0.0,1.0
23476,0.0,1.0
23490,0.0,1.0
23491,0.0,1.0
23496,0.0,1.0
23501,0.0,1.0
23520,0.0,1.0
23523,0.0,1.0
23529,0.0,1.0
23533,0.0,1.0
23536,0.0,1.0
23543,0.0,1.0
23548,1.0,0.0
23550,0.0,1.0
23556,0.0,1.0
23560,0.0,1.0
23561,0.0,1.0
23564,0.0,1.0
23565,1.0,0.0
23581,0.0,1.0
23582,0.0,1.0
23596,0.0,1.0
23598,0.0,1.0
23601,0.0,1.0
23602,0.0,1.0
23615,0.0,1.0
23626,0.0,1.0
23630,0.0,1.0
23631,0.0,1.0
23641,0.0,1.0
23653,0.0,1.0
23656,0.0,1.0
23660,0.0,1.0
23670,0.0,1.0
23675,0.0,1.0
23676,0.0,1.0
23678,0.0,1.0
23703,1.0,0.0
23707,0.0,1.0
23713,1.0,0.0
23718,0.0,1.0
23721,0.0,1.0
23736,0.0,1.0
23738,1.0,0.0
23749,0.0,1.0
23761,0.0,1.0
23762,0.0,1.0
23770,0.0,1.0
23776,0.0,1.0
23780,0.0,1.0
23781,0.0,1.0
23784,0.0,1.0
23796,0.0,1.0
23800,0.0,1.0
23811,0.0,1.0
23812,0.0,1.0
23814,0.0,1.0
23815,0.0,1.0
23822,0.0,1.0
23833,0.0,1.0
23840,0.0,1.0
23841,1.0,0.0
23851,0.0,1.0
23853,0.0,1.0
23856,1.0,0.0
23860,1.0,0.0
23862,0.0,1.0
23863,0.0,1.0
23866,0.0,1.0
23867,0.0,1.0
23883,0.0,1.0
23888,0.0,1.0
23896,0.0,1.0
23898,0.0,1.0
23905,0.0,1.0
23919,0.0,1.0
23923,0.0,1.0
23934,0.0,1.0
23946,0.0,1.0
23952,1.0,0.0
23958,0.0,1.0
23961,0.0,1.0
23965,0.0,1.0
23967,0.0,1.0
23976,1.0,0.0
23978,0.0,1.0
23981,0.0,1.0
23990,0.0,1.0
23995,0.0,1.0
23998,1.0,0.0
24006,0.0,1.0
24008,0.0,1.0
24010,0.0,1.0
24014,0.0,1.0
24019,0.0,1.0
24033,0.0,1.0
24041,0.0,1.0
24045,0.0,1.0
24052,0.0,1.0
24064,1.0,0.0
24067,0.0,1.0
24068,1.0,0.0
24072,0.0,1.0
24073,1.0,0.0
24098,1.0,0.0
24102,0.0,1.0
24122,0.0,1.0
24137,0.0,1.0
24157,0.0,1.0
24158,0.0,1.0
24159,0.0,1.0
24160,1.0,0.0
24170,0.0,1.0
24180,0.0,1.0
24184,0.0,1.0
24212,0.0,1.0
24220,0.0,1.0
24234,0.0,1.0
24245,0.0,1.0
24259,0.0,1.0
24264,0.0,1.0
24269,1.0,0.0
24273,0.0,1.0
24275,0.0,1.0
24282,0.0,1.0
24283,0.0,1.0
24287,0.0,1.0
24293,0.0,1.0
24305,0.0,1.0
24322,0.0,1.0
24324,0.0,1.0
24325,0.0,1.0
24331,1.0,0.0
24348,0.0,1.0
24349,0.0,1.0
24352,0.0,1.0
24355,0.0,1.0
24377,0.0,1.0
24383,1.0,0.0
24394,1.0,0.0
24399,0.0,1.0
24401,0.0,1.0
24410,0.0,1.0
24418,0.0,1.0
24426,0.0,1.0
24428,0.0,1.0
24432,0.0,1.0
24439,0.0,1.0
24447,1.0,0.0
24452,1.0,0.0
24454,0.0,1.0
24460,0.0,1.0
24481,0.0,1.0
24484,0.0,1.0
24492,0.0,1.0
24494,0.0,1.0
24500,0.0,1.0
24501,0.0,1.0
24515,0.0,1.0
24519,0.0,1.0
24531,0.0,1.0
24533,0.0,1.0
24545,0.0,1.0
24565,0.0,1.0
24569,0.0,1.0
24570,0.0,1.0
24574,1.0,0.0
24587,0.0,1.0
24597,0.0,1.0
24607,1.0,0.0
24612,0.0,1.0
24623,0.0,1.0
24626,0.0,1.0
24628,0.0,1.0
24638,0.0,1.0
24641,0.0,1.0
24646,0.0,1.0
24653,0.0,1.0
24654,0.0,1.0
24656,0.0,1.0
24664,0.0,1.0
24665,0.0,1.0
24671,0.0,1.0
24674,0.0,1.0
24675,0.0,1.0
24679,0.0,1.0
24680,0.0,1.0
24682,0.0,1.0
24686,1.0,0.0
24690,1.0,0.0
24695,0.0,1.0
24701,0.0,1.0
24706,0.0,1.0
24718,1.0,0.0
24719,0.0,1.0
24724,0.0,1.0
24732,0.0,1.0
24742,0.0,1.0
24747,0.0,1.0
24766,0.0,1.0
24773,0.0,1.0
24776,1.0,0.0
24782,0.0,1.0
24788,0.0,1.0
24791,0.0,1.0
24793,0.0,1.0
24809,1.0,0.0
24818,1.0,0.0
24849,1.0,0.0
24858,0.0,1.0
24860,0.0,1.0
24862,1.0,0.0
24867,0.0,1.0
24872,0.0,1.0
24878,0.0,1.0
24880,0.0,1.0
24918,0.0,1.0
24926,0.0,1.0
24927,1.0,0.0
24929,0.0,1.0
24939,0.0,1.0
24954,0.0,1.0
24955,1.0,0.0
24971,0.0,1.0
24975,0.0,1.0
24996,0.0,1.0
24999,0.0,1.0
25000,0.0,1.0
25003,0.0,1.0
25008,0.0,1.0
25009,0.0,1.0
25015,0.0,1.0
25024,0.0,1.0
25032,0.0,1.0
25037,0.0,1.0
25040,0.0,1.0
25046,1.0,0.0
25054,0.0,1.0
25067,0.0,1.0
25068,0.0,1.0
25074,0.0,1.0
25078,0.0,1.0
25083,0.0,1.0
25095,0.0,1.0
25096,1.0,0.0
25117,0.0,1.0
25121,0.0,1.0
25123,0.0,1.0
25124,0.0,1.0
25129,0.0,1.0
25135,0.0,1.0
25136,0.0,1.0
25145,0.0,1.0
25153,0.0,1.0
25158,0.0,1.0
25159,0.0,1.0
25162,1.0,0.0
25167,0.0,1.0
25173,0.0,1.0
25190,0.0,1.0
25204,0.0,1.0
25206,0.0,1.0
25207,0.0,1.0
25209,0.0,1.0
25215,0.0,1.0
25225,0.0,1.0
25230,0.0,1.0
25237,0.0,1.0
25239,0.0,1.0
25258,0.0,1.0
25260,0.0,1.0
25265,0.0,1.0
25278,0.0,1.0
25283,0.0,1.0
25290,0.0,1.0
25294,0.0,1.0
25308,0.0,1.0
25309,1.0,0.0
25311,0.0,1.0
25320,0.0,1.0
25328,0.0,1.0
25339,0.0,1.0
25344,0.0,1.0
25349,0.0,1.0
25358,0.0,1.0
25359,0.0,1.0
25361,0.0,1.0
25366,0.0,1.0
25372,0.0,1.0
25373,0.0,1.0
25378,0.0,1.0
25380,1.0,0.0
25409,0.0,1.0
25412,0.0,1.0
25413,0.0,1.0
25415,0.0,1.0
25419,0.0,1.0
25420,0.0,1.0
25424,0.0,1.0
25425,0.0,1.0
25426,0.0,1.0
25433,1.0,0.0
25434,0.0,1.0
25451,1.0,0.0
25455,1.0,0.0
25456,0.0,1.0
25457,0.0,1.0
25458,0.0,1.0
25459,1.0,0.0
25461,0.0,1.0
25477,0.0,1.0
25480,0.0,1.0
25482,0.0,1.0
25499,0.0,1.0
25502,0.0,1.0
25503,1.0,0.0
25506,1.0,0.0
25526,0.0,1.0
25533,0.0,1.0
25536,0.0,1.0
25553,0.0,1.0
25559,1.0,0.0
25563,0.0,1.0
25565,1.0,0.0
25573,0.0,1.0
25575,0.0,1.0
25591,0.0,1.0
25598,0.0,1.0
25602,0.0,1.0
25624,0.0,1.0
25627,0.0,1.0
25628,0.0,1.0
25633,0.0,1.0
25635,0.0,1.0
25651,0.0,1.0
25659,0.0,1.0
25670,0.0,1.0
25672,0.0,1.0
25675,0.0,1.0
25676,0.0,1.0
25683,1.0,0.0
25691,0.0,1.0
25697,0.0,1.0
25703,0.0,1.0
25718,0.0,1.0
25720,0.0,1.0
25725,0.0,1.0
25726,0.0,1.0
25731,0.0,1.0
25740,0.0,1.0
25749,0.0,1.0
25750,0.0,1.0
25754,0.0,1.0
25766,0.0,1.0
25772,0.0,1.0
25782,0.0,1.0
25794,0.0,1.0
25797,0.0,1.0
25800,0.0,1.0
25802,1.0,0.0
25810,0.0,1.0
25820,0.0,1.0
25823,0.0,1.0
25827,0.0,1.0
25830,1.0,0.0
25833,0.0,1.0
25848,0.0,1.0
25869,0.0,1.0
25880,0.0,1.0
25884,1.0,0.0
25890,1.0,0.0
25893,0.0,1.0
25906,0.0,1.0
25908,0.0,1.0
25909,0.0,1.0
25922,0.0,1.0
25923,0.0,1.0
25929,0.0,1.0
25933,0.0,1.0
25934,0.0,1.0
25939,0.0,1.0
25940,1.0,0.0
25969,0.0,1.0
25975,0.0,1.0
25977,0.0,1.0
25981,0.0,1.0
25984,0.0,1.0
26006,0.0,1.0
26012,0.0,1.0
26015,1.0,0.0
26017,0.0,1.0
26030,0.0,1.0
26039,0.0,1.0
26043,0.0,1.0
26047,0.0,1.0
26055,0.0,1.0
26056,0.0,1.0
26063,0.0,1.0
26065,1.0,0.0
26067,0.0,1.0
26074,0.0,1.0
26088,0.0,1.0
26089,1.0,0.0
26094,0.0,1.0
26131,1.0,0.0
26152,0.0,1.0
26157,0.0,1.0
26165,1.0,0.0
26167,0.0,1.0
26174,0.0,1.0
26179,0.0,1.0
26183,0.0,1.0
26187,0.0,1.0
26199,0.0,1.0
26208,0.0,1.0
26210,0.0,1.0
26212,0.0,1.0
26214,0.0,1.0
26220,0.0,1.0
26221,1.0,0.0
26235,0.0,1.0
26237,0.0,1.0
26239,0.0,1.0
26240,0.0,1.0
26242,0.0,1.0
26248,0.0,1.0
26258,0.0,1.0
26261,0.0,1.0
26280,1.0,0.0
26281,0.0,1.0
26283,0.0,1.0
26292,1.0,0.0
26303,0.0,1.0
26305,0.0,1.0
26306,0.0,1.0
26307,1.0,0.0
26311,0.0,1.0
26313,0.0,1.0
26325,0.0,1.0
26335,0.0,1.0
26347,0.0,1.0
26350,0.0,1.0
26355,0.0,1.0
26359,0.0,1.0
26368,0.0,1.0
26373,1.0,0.0
26383,0.0,1.0
26389,1.0,0.0
26399,0.0,1.0
26409,0.0,1.0
26410,0.0,1.0
26415,0.0,1.0
26447,0.0,1.0
26450,0.0,1.0
26465,0.0,1.0
26487,0.0,1.0
26490,0.0,1.0
26494,1.0,0.0
26498,0.0,1.0
26501,0.0,1.0
26502,1.0,0.0
26503,0.0,1.0
26510,0.0,1.0
26511,0.0,1.0
26516,0.0,1.0
26531,0.0,1.0
26541,1.0,0.0
26546,0.0,1.0
26550,0.0,1.0
26557,1.0,0.0
26558,0.0,1.0
26559,1.0,0.0
26565,0.0,1.0
26573,0.0,1.0
26578,0.0,1.0
26583,1.0,0.0
26587,0.0,1.0
26591,0.0,1.0
26599,0.0,1.0
26603,0.0,1.0
26605,0.0,1.0
26618,0.0,1.0
26620,0.0,1.0
26649,0.0,1.0
26654,0.0,1.0
26655,1.0,0.0
26657,0.0,1.0
26671,0.0,1.0
26677,0.0,1.0
26685,0.0,1.0
26694,0.0,1.0
26706,1.0,0.0
26724,0.0,1.0
26725,1.0,0.0
26728,0.0,1.0
26729,0.0,1.0
26742,0.0,1.0
26745,0.0,1.0
26802,0.0,1.0
26812,0.0,1.0
26813,0.0,1.0
26819,0.0,1.0
26821,0.0,1.0
26822,0.0,1.0
26828,0.0,1.0
26832,0.0,1.0
26834,0.0,1.0
26835,0.0,1.0
26843,1.0,0.0
26848,0.0,1.0
26859,0.0,1.0
26873,1.0,0.0
26880,0.0,1.0
26881,0.0,1.0
26889,0.0,1.0
26892,0.0,1.0
26898,0.0,1.0
26904,0.0,1.0
26909,1.0,0.0
26921,0.0,1.0
26922,0.0,1.0
26924,0.0,1.0
26927,0.0,1.0
26928,0.0,1.0
26933,0.0,1.0
26934,0.0,1.0
26943,0.0,1.0
26951,0.0,1.0
26965,0.0,1.0
26971,0.0,1.0
27004,0.0,1.0
27009,0.0,1.0
27022,1.0,0.0
27033,0.0,1.0
27036,0.0,1.0
27044,0.0,1.0
27047,1.0,0.0
27053,1.0,0.0
27056,0.0,1.0
27057,0.0,1.0
27061,0.0,1.0
27062,0.0,1.0
27085,0.0,1.0
27090,0.0,1.0
27103,0.0,1.0
27112,0.0,1.0
27114,0.0,1.0
27127,0.0,1.0
27140,0.0,1.0
27141,0.0,1.0
27146,1.0,0.0
27147,1.0,0.0
27166,0.0,1.0
27167,0.0,1.0
27178,0.0,1.0
27182,0.0,1.0
27213,1.0,0.0
27225,0.0,1.0
27226,0.0,1.0
27239,1.0,0.0
27251,0.0,1.0
27253,0.0,1.0
27257,1.0,0.0
27261,1.0,0.0
27263,1.0,0.0
27268,0.0,1.0
27276,0.0,1.0
27277,0.0,1.0
27284,0.0,1.0
27300,0.0,1.0
27309,0.0,1.0
27313,0.0,1.0
27316,0.0,1.0
27317,0.0,1.0
27318,0.0,1.0
27325,0.0,1.0
27326,0.0,1.0
27327,0.0,1.0
27336,0.0,1.0
27339,0.0,1.0
27353,0.0,1.0
27358,0.0,1.0
27362,0.0,1.0
27363,1.0,0.0
27370,0.0,1.0
27374,0.0,1.0
27378,0.0,1.0
27379,1.0,0.0
27384,0.0,1.0
27385,1.0,0.0
27388,0.0,1.0
27395,0.0,1.0
27399,0.0,1.0
27406,0.0,1.0
27408,0.0,1.0
27410,0.0,1.0
27421,0.0,1.0
27424,1.0,0.0
27429,0.0,1.0
27441,0.0,1.0
27442,0.0,1.0
27443,0.0,1.0
27466,0.0,1.0
27470,0.0,1.0
27484,0.0,1.0
27493,0.0,1.0
27500,1.0,0.0
27506,0.0,1.0
27509,0.0,1.0
27518,0.0,1.0
27520,0.0,1.0
27541,0.0,1.0
27542,0.0,1.0
27544,0.0,1.0
27549,0.0,1.0
27569,0.0,1.0
27581,0.0,1.0
27592,0.0,1.0
27600,0.0,1.0
27605,0.0,1.0
27612,0.0,1.0
27621,0.0,1.0
27627,0.0,1.0
27629,0.0,1.0
27630,0.0,1.0
27632,0.0,1.0
27634,0.0,1.0
27647,0.0,1.0
27657,1.0,0.0
27660,0.0,1.0
27671,0.0,1.0
27673,0.0,1.0
27678,1.0,0.0
27680,0.0,1.0
27684,0.0,1.0
27688,0.0,1.0
27703,0.0,1.0
27707,0.0,1.0
27710,0.0,1.0
27712,0.0,1.0
27720,0.0,1.0
27724,0.0,1.0
27727,0.0,1.0
27743,0.0,1.0
27750,1.0,0.0
27762,0.0,1.0
27771,0.0,1.0
27777,0.0,1.0
27783,0.0,1.0
27784,0.0,1.0
27797,0.0,1.0
27803,0.0,1.0
27811,0.0,1.0
27813,0.0,1.0
27832,0.0,1.0
27834,0.0,1.0
27843,0.0,1.0
27857,0.0,1.0
27862,0.0,1.0
27868,0.0,1.0
27881,0.0,1.0
27884,0.0,1.0
27887,0.0,1.0
27915,0.0,1.0
27920,0.0,1.0
27931,0.0,1.0
27940,0.0,1.0
27947,0.0,1.0
27949,0.0,1.0
27957,0.0,1.0
27959,1.0,0.0
27964,1.0,0.0
27969,0.0,1.0
27971,0.0,1.0
27978,0.0,1.0
27982,0.0,1.0
27983,0.0,1.0
27986,0.0,1.0
27990,0.0,1.0
27995,1.0,0.0
27996,0.0,1.0
27998,0.0,1.0
28003,0.0,1.0
28008,0.0,1.0
28012,0.0,1.0
28020,1.0,0.0
28021,1.0,0.0
28029,0.0,1.0
28033,0.0,1.0
28034,1.0,0.0
28037,0.0,1.0
28039,0.0,1.0
28041,0.0,1.0
28069,0.0,1.0
28070,0.0,1.0
28083,0.0,1.0
28091,1.0,0.0
28094,1.0,0.0
28095,0.0,1.0
28100,1.0,0.0
28114,0.0,1.0
28115,0.0,1.0
28119,1.0,0.0
28134,0.0,1.0
28137,0.0,1.0
28140,0.0,1.0
28143,0.0,1.0
28152,0.0,1.0
28156,0.0,1.0
28158,0.0,1.0
28161,0.0,1.0
28167,0.0,1.0
28169,1.0,0.0
28177,0.0,1.0
28182,0.0,1.0
28191,0.0,1.0
28193,0.0,1.0
28201,0.0,1.0
28202,0.0,1.0
28207,0.0,1.0
28209,0.0,1.0
28214,0.0,1.0
28219,0.0,1.0
28224,0.0,1.0
28225,0.0,1.0
28229,0.0,1.0
28232,0.0,1.0
28237,1.0,0.0
28239,0.0,1.0
28241,0.0,1.0
28243,0.0,1.0
28245,1.0,0.0
28255,0.0,1.0
28256,0.0,1.0
28268,0.0,1.0
28292,0.0,1.0
28295,0.0,1.0
28299,0.0,1.0
28300,0.0,1.0
28312,0.0,1.0
28321,0.0,1.0
28328,0.0,1.0
28343,0.0,1.0
28348,0.0,1.0
28350,0.0,1.0
28356,0.0,1.0
28357,0.0,1.0
28370,1.0,0.0
28372,0.0,1.0
28378,1.0,0.0
28379,0.0,1.0
28380,0.0,1.0
28382,0.0,1.0
28383,0.0,1.0
28388,0.0,1.0
28394,1.0,0.0
28403,0.0,1.0
28411,0.0,1.0
28413,1.0,0.0
28417,0.0,1.0
28420,1.0,0.0
28425,0.0,1.0
28427,0.0,1.0
28430,0.0,1.0
28436,0.0,1.0
28438,0.0,1.0
28443,0.0,1.0
28447,1.0,0.0
28455,0.0,1.0
28464,0.0,1.0
28468,0.0,1.0
28481,1.0,0.0
28492,0.0,1.0
28496,1.0,0.0
28499,1.0,0.0
28506,0.0,1.0
28510,0.0,1.0
28513,0.0,1.0
28515,1.0,0.0
28521,0.0,1.0
28539,0.0,1.0
28553,0.0,1.0
28557,0.0,1.0
28565,0.0,1.0
28573,0.0,1.0
28577,0.0,1.0
28578,0.0,1.0
28581,0.0,1.0
28582,0.0,1.0
28583,1.0,0.0
28585,0.0,1.0
28598,0.0,1.0
28603,0.0,1.0
28607,1.0,0.0
28610,0.0,1.0
28613,0.0,1.0
28624,0.0,1.0
28627,0.0,1.0
28633,0.0,1.0
28635,0.0,1.0
28641,0.0,1.0
28647,0.0,1.0
28655,0.0,1.0
28656,0.0,1.0
28658,0.0,1.0
28667,1.0,0.0
28679,0.0,1.0
28683,0.0,1.0
28704,0.0,1.0
28717,0.0,1.0
28723,1.0,0.0
28725,0.0,1.0
28742,1.0,0.0
28745,0.0,1.0
28756,0.0,1.0
28760,0.0,1.0
28763,0.0,1.0
28765,0.0,1.0
28767,0.0,1.0
28771,0.0,1.0
28773,0.0,1.0
28775,1.0,0.0
28781,0.0,1.0
28782,0.0,1.0
28783,0.0,1.0
28790,0.0,1.0
28801,0.0,1.0
28803,0.0,1.0
28805,1.0,0.0
28816,0.0,1.0
28824,0.0,1.0
28829,0.0,1.0
28832,0.0,1.0
28834,0.0,1.0
28835,1.0,0.0
28838,0.0,1.0
28844,0.0,1.0
28861,0.0,1.0
28863,0.0,1.0
28871,0.0,1.0
28875,0.0,1.0
28883,0.0,1.0
28887,0.0,1.0
28893,0.0,1.0
28903,0.0,1.0
28915,0.0,1.0
28922,0.0,1.0
28936,0.0,1.0
28949,0.0,1.0
28956,0.0,1.0
28963,0.0,1.0
28977,0.0,1.0
28979,0.0,1.0
28987,0.0,1.0
28995,0.0,1.0
28996,0.0,1.0
28997,0.0,1.0
29008,0.0,1.0
29010,0.0,1.0
29013,0.0,1.0
29024,1.0,0.0
29030,0.0,1.0
29031,1.0,0.0
29045,0.0,1.0
29047,0.0,1.0
29048,0.0,1.0
29061,0.0,1.0
29063,0.0,1.0
29076,0.0,1.0
29083,0.0,1.0
29087,0.0,1.0
29093,0.0,1.0
29095,1.0,0.0
29097,0.0,1.0
29101,0.0,1.0
29111,0.0,1.0
29113,0.0,1.0
29115,0.0,1.0
29123,1.0,0.0
29128,0.0,1.0
29130,0.0,1.0
29133,1.0,0.0
29137,0.0,1.0
29147,1.0,0.0
29152,0.0,1.0
29170,0.0,1.0
29181,0.0,1.0
29187,0.0,1.0
29189,0.0,1.0
29211,0.0,1.0
29217,0.0,1.0
29219,0.0,1.0
29226,0.0,1.0
29236,1.0,0.0
29239,0.0,1.0
29243,0.0,1.0
29255,0.0,1.0
29264,0.0,1.0
29265,0.0,1.0
29271,0.0,1.0
29275,1.0,0.0
29276,0.0,1.0
29278,0.0,1.0
29283,0.0,1.0
29290,0.0,1.0
29295,0.0,1.0
29315,0.0,1.0
29317,0.0,1.0
29325,0.0,1.0
29331,0.0,1.0
29338,0.0,1.0
29348,0.0,1.0
29355,0.0,1.0
29357,0.0,1.0
29362,0.0,1.0
29368,0.0,1.0
29373,0.0,1.0
29377,0.0,1.0
29379,0.0,1.0
29387,0.0,1.0
29391,0.0,1.0
29399,0.0,1.0
29403,0.0,1.0
29407,0.0,1.0
29410,0.0,1.0
29412,0.0,1.0
29417,0.0,1.0
29418,0.0,1.0
29419,0.0,1.0
29428,0.0,1.0
29433,0.0,1.0
29436,0.0,1.0
29437,0.0,1.0
29441,0.0,1.0
29444,1.0,0.0
29447,0.0,1.0
29455,1.0,0.0
29467,0.0,1.0
29483,0.0,1.0
29484,0.0,1.0
29486,0.0,1.0
29490,0.0,1.0
29492,0.0,1.0
29493,0.0,1.0
29501,0.0,1.0
29523,0.0,1.0
29529,0.0,1.0
29532,0.0,1.0
29538,0.0,1.0
29560,0.0,1.0
29572,1.0,0.0
29577,0.0,1.0
29585,1.0,0.0
29591,1.0,0.0
29593,0.0,1.0
29602,0.0,1.0
29610,0.0,1.0
29612,0.0,1.0
29613,0.0,1.0
29616,0.0,1.0
29617,0.0,1.0
29622,0.0,1.0
29633,0.0,1.0
29637,1.0,0.0
29645,0.0,1.0
29660,0.0,1.0
29661,0.0,1.0
29662,0.0,1.0
29664,0.0,1.0
29675,1.0,0.0
29705,1.0,0.0
29707,0.0,1.0
29714,0.0,1.0
29719,0.0,1.0
29721,0.0,1.0
29736,0.0,1.0
29752,0.0,1.0
29757,0.0,1.0
29762,0.0,1.0
29766,0.0,1.0
29776,0.0,1.0
29793,0.0,1.0
29794,0.0,1.0
29801,0.0,1.0
29809,0.0,1.0
29829,0.0,1.0
29830,0.0,1.0
29834,0.0,1.0
29845,0.0,1.0
29856,0.0,1.0
29857,0.0,1.0
29864,0.0,1.0
29866,0.0,1.0
29871,0.0,1.0
29890,0.0,1.0
29895,1.0,0.0
29898,0.0,1.0
29899,1.0,0.0
29905,0.0,1.0
29913,0.0,1.0
29916,0.0,1.0
29918,1.0,0.0
29923,0.0,1.0
29924,0.0,1.0
29926,0.0,1.0
29928,1.0,0.0
29932,0.0,1.0
29933,0.0,1.0
29946,0.0,1.0
29959,0.0,1.0
29962,0.0,1.0
29965,0.0,1.0
29990,0.0,1.0
30007,0.0,1.0
30009,0.0,1.0
30011,1.0,0.0
30016,0.0,1.0
30017,0.0,1.0
30020,0.0,1.0
30022,0.0,1.0
30036,0.0,1.0
30044,0.0,1.0
30049,0.0,1.0
30063,0.0,1.0
30070,0.0,1.0
30082,1.0,0.0
30100,0.0,1.0
30114,0.0,1.0
30115,0.0,1.0
30123,0.0,1.0
30126,0.0,1.0
30127,1.0,0.0
30130,0.0,1.0
30136,0.0,1.0
30137,0.0,1.0
30143,0.0,1.0
30144,0.0,1.0
30146,1.0,0.0
30150,0.0,1.0
30156,1.0,0.0
30163,0.0,1.0
30165,1.0,0.0
30166,0.0,1.0
30170,0.0,1.0
30173,0.0,1.0
30179,0.0,1.0
30184,0.0,1.0
30202,0.0,1.0
30207,0.0,1.0
30208,1.0,0.0
30209,0.0,1.0
30216,0.0,1.0
30227,0.0,1.0
30230,0.0,1.0
30231,0.0,1.0
30260,0.0,1.0
30262,0.0,1.0
30265,0.0,1.0
30270,0.0,1.0
30275,0.0,1.0
30279,0.0,1.0
30283,0.0,1.0
30285,1.0,0.0
30294,1.0,0.0
30296,0.0,1.0
30297,0.0,1.0
30312,1.0,0.0
30330,0.0,1.0
30338,0.0,1.0
30340,0.0,1.0
30342,0.0,1.0
30348,0.0,1.0
30355,0.0,1.0
30360,0.0,1.0
30363,0.0,1.0
30370,0.0,1.0
30379,0.0,1.0
30396,0.0,1.0
30403,0.0,1.0
30405,1.0,0.0
30408,0.0,1.0
30415,0.0,1.0
30423,1.0,0.0
30429,0.0,1.0
30440,0.0,1.0
30443,0.0,1.0
30447,0.0,1.0
30469,0.0,1.0
30471,1.0,0.0
30473,0.0,1.0
30474,1.0,0.0
30476,0.0,1.0
30484,0.0,1.0
30485,1.0,0.0
30493,0.0,1.0
30499,0.0,1.0
30500,1.0,0.0
30519,0.0,1.0
30535,1.0,0.0
30539,0.0,1.0
30545,0.0,1.0
30554,0.0,1.0
30558,1.0,0.0
30559,0.0,1.0
30561,0.0,1.0
30564,0.0,1.0
30565,0.0,1.0
30574,0.0,1.0
30585,1.0,0.0
30593,0.0,1.0
30600,0.0,1.0
30613,0.0,1.0
30621,0.0,1.0
30625,1.0,0.0
30635,0.0,1.0
30639,0.0,1.0
30662,0.0,1.0
30668,0.0,1.0
30669,0.0,1.0
30672,0.0,1.0
30674,0.0,1.0
30679,0.0,1.0
30682,0.0,1.0
30683,0.0,1.0
30684,0.0,1.0
30685,0.0,1.0
30691,0.0,1.0
30695,0.0,1.0
30703,0.0,1.0
30704,0.0,1.0
30705,0.0,1.0
30706,1.0,0.0
30708,0.0,1.0
30710,0.0,1.0
30750,0.0,1.0
30755,0.0,1.0
30769,0.0,1.0
30776,0.0,1.0
30782,0.0,1.0
30788,1.0,0.0
30801,1.0,0.0
30815,0.0,1.0
30817,0.0,1.0
30818,0.0,1.0
30831,1.0,0.0
30834,1.0,0.0
30835,0.0,1.0
30848,1.0,0.0
30851,0.0,1.0
30859,0.0,1.0
30861,0.0,1.0
30865,0.0,1.0
30866,0.0,1.0
30875,1.0,0.0
30881,0.0,1.0
30904,0.0,1.0
30905,0.0,1.0
30911,1.0,0.0
30916,0.0,1.0
30917,0.0,1.0
30928,0.0,1.0
30935,0.0,1.0
30938,0.0,1.0
30945,0.0,1.0
30949,0.0,1.0
30950,0.0,1.0
30965,1.0,0.0
30971,0.0,1.0
30982,0.0,1.0
30983,0.0,1.0
30998,0.0,1.0
31005,0.0,1.0
31011,0.0,1.0
31012,0.0,1.0
31017,0.0,1.0
31018,0.0,1.0
31019,0.0,1.0
31032,0.0,1.0
31046,0.0,1.0
31048,0.0,1.0
31052,0.0,1.0
31054,0.0,1.0
31056,1.0,0.0
31064,0.0,1.0
31068,0.0,1.0
31069,0.0,1.0
31072,0.0,1.0
31078,0.0,1.0
31085,1.0,0.0
31086,0.0,1.0
31101,0.0,1.0
31108,0.0,1.0
31116,0.0,1.0
31118,0.0,1.0
31127,0.0,1.0
31133,1.0,0.0
31138,0.0,1.0
31139,0.0,1.0
31150,0.0,1.0
31156,0.0,1.0
31161,0.0,1.0
31169,0.0,1.0
31175,0.0,1.0
31184,0.0,1.0
31185,0.0,1.0
31186,0.0,1.0
31194,0.0,1.0
31197,0.0,1.0
31198,0.0,1.0
31204,0.0,1.0
31205,0.0,1.0
31210,0.0,1.0
31212,0.0,1.0
31213,0.0,1.0
31247,0.0,1.0
31254,0.0,1.0
31259,0.0,1.0
31263,0.0,1.0
31270,1.0,0.0
31272,0.0,1.0
31277,0.0,1.0
31279,1.0,0.0
31282,0.0,1.0
31289,0.0,1.0
31299,0.0,1.0
31304,0.0,1.0
31323,0.0,1.0
31328,0.0,1.0
31341,0.0,1.0
31346,0.0,1.0
31353,0.0,1.0
31361,0.0,1.0
31367,1.0,0.0
31371,0.0,1.0
31376,0.0,1.0
31379,1.0,0.0
31380,1.0,0.0
31384,0.0,1.0
31385,1.0,0.0
31396,0.0,1.0
31401,0.0,1.0
31406,0.0,1.0
31421,0.0,1.0
31427,0.0,1.0
31446,0.0,1.0
31458,1.0,0.0
31462,0.0,1.0
31469,0.0,1.0
31472,0.0,1.0
31480,0.0,1.0
31482,0.0,1.0
31483,0.0,1.0
31486,0.0,1.0
31511,0.0,1.0
31517,0.0,1.0
31529,0.0,1.0
31536,1.0,0.0
31538,0.0,1.0
31543,0.0,1.0
31545,0.0,1.0
31558,1.0,0.0
31567,0.0,1.0
31570,0.0,1.0
31576,0.0,1.0
31581,0.0,1.0
31595,0.0,1.0
31602,0.0,1.0
31603,0.0,1.0
31606,0.0,1.0
31609,0.0,1.0
31612,0.0,1.0
31613,0.0,1.0
31624,0.0,1.0
31628,0.0,1.0
31630,0.0,1.0
31635,0.0,1.0
31639,1.0,0.0
31645,1.0,0.0
31651,0.0,1.0
31653,0.0,1.0
31658,0.0,1.0
31668,0.0,1.0
31672,0.0,1.0
31675,0.0,1.0
31678,1.0,0.0
31690,0.0,1.0
31702,1.0,0.0
31708,0.0,1.0
31711,1.0,0.0
31716,0.0,1.0
31718,0.0,1.0
31723,0.0,1.0
31725,0.0,1.0
31731,0.0,1.0
31734,0.0,1.0
31737,0.0,1.0
31741,0.0,1.0
31752,0.0,1.0
31757,0.0,1.0
31758,0.0,1.0
31761,0.0,1.0
31769,1.0,0.0
31770,0.0,1.0
31785,0.0,1.0
31790,0.0,1.0
31791,0.0,1.0
31792,0.0,1.0
31798,0.0,1.0
31806,0.0,1.0
31820,0.0,1.0
31834,0.0,1.0
31838,1.0,0.0
31843,0.0,1.0
31845,0.0,1.0
31866,0.0,1.0
31867,0.0,1.0
31895,0.0,1.0
31901,0.0,1.0
31904,0.0,1.0
31912,0.0,1.0
31917,1.0,0.0
31920,1.0,0.0
31930,0.0,1.0
31936,0.0,1.0
31949,1.0,0.0
31950,0.0,1.0
31957,0.0,1.0
31971,0.0,1.0
31974,0.0,1.0
31981,1.0,0.0
31982,0.0,1.0
31984,1.0,0.0
31986,0.0,1.0
31998,0.0,1.0
32005,0.0,1.0
32016,0.0,1.0
32019,0.0,1.0
32031,0.0,1.0
32037,1.0,0.0
32038,1.0,0.0
32046,1.0,0.0
32062,0.0,1.0
32065,1.0,0.0
32070,1.0,0.0
32071,0.0,1.0
32073,0.0,1.0
32077,0.0,1.0
32079,0.0,1.0
32081,0.0,1.0
32092,0.0,1.0
32093,0.0,1.0
32097,0.0,1.0
32101,0.0,1.0
32106,0.0,1.0
32110,0.0,1.0
32124,0.0,1.0
32141,0.0,1.0
32144,0.0,1.0
32153,1.0,0.0
32168,0.0,1.0
32180,0.0,1.0
32186,0.0,1.0
32201,0.0,1.0
32208,0.0,1.0
32213,0.0,1.0
32218,0.0,1.0
32224,0.0,1.0
32227,0.0,1.0
32257,0.0,1.0
32275,0.0,1.0
32294,1.0,0.0
32296,0.0,1.0
32297,0.0,1.0
32305,1.0,0.0
32307,0.0,1.0
32321,0.0,1.0
32328,0.0,1.0
32340,0.0,1.0
32345,0.0,1.0
32351,0.0,1.0
32366,0.0,1.0
32372,0.0,1.0
32380,0.0,1.0
32388,0.0,1.0
32401,0.0,1.0
32405,0.0,1.0
32410,0.0,1.0
32411,1.0,0.0
32416,0.0,1.0
32424,0.0,1.0
32435,0.0,1.0
32440,0.0,1.0
32442,1.0,0.0
32448,0.0,1.0
32453,0.0,1.0
32471,0.0,1.0
32486,0.0,1.0
32489,0.0,1.0
32496,0.0,1.0
32497,0.0,1.0
32504,0.0,1.0
32519,1.0,0.0
32520,1.0,0.0
32525,0.0,1.0
32548,0.0,1.0
32552,0.0,1.0
32555,0.0,1.0
32556,0.0,1.0
32561,0.0,1.0
32565,1.0,0.0
32569,0.0,1.0
32578,1.0,0.0
32581,0.0,1.0
32591,0.0,1.0
32595,1.0,0.0
32602,0.0,1.0
32608,1.0,0.0
32618,0.0,1.0
32626,1.0,0.0
32628,1.0,0.0
32632,0.0,1.0
32635,0.0,1.0
32637,0.0,1.0
32641,0.0,1.0
32645,1.0,0.0
32649,1.0,0.0
32654,0.0,1.0
32665,0.0,1.0
32666,1.0,0.0
32680,0.0,1.0
32683,0.0,1.0
32688,0.0,1.0
32689,0.0,1.0
32693,0.0,1.0
32699,0.0,1.0
32707,1.0,0.0
32708,1.0,0.0
32724,0.0,1.0
32733,0.0,1.0
32737,0.0,1.0
32738,0.0,1.0
32740,0.0,1.0
32748,0.0,1.0
32750,0.0,1.0
32759,0.0,1.0
32761,0.0,1.0
32774,1.0,0.0
32778,0.0,1.0
32779,1.0,0.0
32786,0.0,1.0
32792,0.0,1.0
32793,0.0,1.0
32795,1.0,0.0
32812,0.0,1.0
32816,0.0,1.0
32819,0.0,1.0
32850,0.0,1.0
32852,0.0,1.0
32856,0.0,1.0
32859,1.0,0.0
32866,0.0,1.0
32872,0.0,1.0
32880,0.0,1.0
32896,0.0,1.0
32897,0.0,1.0
32902,0.0,1.0
32909,1.0,0.0
32919,0.0,1.0
32924,0.0,1.0
32940,0.0,1.0
32950,0.0,1.0
32961,0.0,1.0
32962,0.0,1.0
32973,0.0,1.0
32981,0.0,1.0
32989,0.0,1.0
32998,0.0,1.0
33001,1.0,0.0
33012,0.0,1.0
33017,0.0,1.0
33018,0.0,1.0
33025,0.0,1.0
33034,1.0,0.0
33039,0.0,1.0
33045,1.0,0.0
33048,0.0,1.0
33053,0.0,1.0
33059,0.0,1.0
33084,0.0,1.0
33088,0.0,1.0
33094,0.0,1.0
33101,1.0,0.0
33102,0.0,1.0
33107,1.0,0.0
33108,0.0,1.0
33127,1.0,0.0
33128,0.0,1.0
33135,0.0,1.0
33139,0.0,1.0
33140,0.0,1.0
33143,0.0,1.0
33144,0.0,1.0
33148,0.0,1.0
33153,1.0,0.0
33176,1.0,0.0
33177,1.0,0.0
33184,0.0,1.0
33192,1.0,0.0
33208,0.0,1.0
33211,0.0,1.0
33216,0.0,1.0
33234,0.0,1.0
33239,0.0,1.0
33249,0.0,1.0
33253,0.0,1.0
33267,0.0,1.0
33271,0.0,1.0
33276,0.0,1.0
33279,0.0,1.0
33280,1.0,0.0
33296,0.0,1.0
33303,0.0,1.0
33309,0.0,1.0
33318,0.0,1.0
33327,0.0,1.0
33328,0.0,1.0
33331,0.0,1.0
33334,0.0,1.0
33350,0.0,1.0
33366,0.0,1.0
33371,0.0,1.0
33372,0.0,1.0
33390,1.0,0.0
33399,0.0,1.0
33402,1.0,0.0
33413,0.0,1.0
33419,0.0,1.0
33420,0.0,1.0
33425,1.0,0.0
33430,0.0,1.0
33436,0.0,1.0
33445,0.0,1.0
33446,0.0,1.0
33447,0.0,1.0
33466,0.0,1.0
33476,1.0,0.0
33502,0.0,1.0
33523,0.0,1.0
33524,0.0,1.0
33526,0.0,1.0
33532,1.0,0.0
33538,0.0,1.0
33544,0.0,1.0
33562,0.0,1.0
33567,0.0,1.0
33568,0.0,1.0
33569,0.0,1.0
33580,0.0,1.0
33597,1.0,0.0
33599,1.0,0.0
33600,0.0,1.0
33604,0.0,1.0
33609,0.0,1.0
33613,0.0,1.0
33634,0.0,1.0
33636,0.0,1.0
33641,0.0,1.0
33643,1.0,0.0
33646,0.0,1.0
33648,0.0,1.0
33651,0.0,1.0
33652,0.0,1.0
33654,0.0,1.0
33665,0.0,1.0
33668,0.0,1.0
33675,0.0,1.0
33696,0.0,1.0
33700,1.0,0.0
33707,0.0,1.0
33709,0.0,1.0
33711,0.0,1.0
33718,0.0,1.0
33719,0.0,1.0
33724,0.0,1.0
33726,0.0,1.0
33728,0.0,1.0
33734,0.0,1.0
33739,0.0,1.0
33741,0.0,1.0
33770,0.0,1.0
33781,0.0,1.0
33783,0.0,1.0
33791,1.0,0.0
33792,0.0,1.0
33794,0.0,1.0
33802,0.0,1.0
33816,1.0,0.0
33822,0.0,1.0
33827,1.0,0.0
33830,0.0,1.0
33842,0.0,1.0
33846,0.0,1.0
33856,0.0,1.0
33857,0.0,1.0
33865,1.0,0.0
33866,0.0,1.0
33869,0.0,1.0
33870,0.0,1.0
33871,1.0,0.0
33875,1.0,0.0
33878,0.0,1.0
33885,0.0,1.0
33893,0.0,1.0
33894,0.0,1.0
33897,0.0,1.0
33909,0.0,1.0
33918,0.0,1.0
33922,0.0,1.0
33923,0.0,1.0
33931,0.0,1.0
33934,0.0,1.0
33939,0.0,1.0
33941,0.0,1.0
33956,0.0,1.0
33957,0.0,1.0
33963,0.0,1.0
33966,1.0,0.0
33981,1.0,0.0
33985,0.0,1.0
33998,0.0,1.0
34000,1.0,0.0
34005,0.0,1.0
34014,0.0,1.0
34018,0.0,1.0
34030,0.0,1.0
34033,0.0,1.0
34036,0.0,1.0
34037,0.0,1.0
34051,0.0,1.0
34054,0.0,1.0
34056,0.0,1.0
34066,0.0,1.0
34068,0.0,1.0
34080,0.0,1.0
34082,0.0,1.0
34095,1.0,0.0
34101,0.0,1.0
34117,0.0,1.0
34132,0.0,1.0
34134,1.0,0.0
34147,0.0,1.0
34155,0.0,1.0
34160,1.0,0.0
34164,0.0,1.0
34166,0.0,1.0
34175,0.0,1.0
34186,0.0,1.0
34193,0.0,1.0
34212,0.0,1.0
34214,0.0,1.0
34216,0.0,1.0
34219,0.0,1.0
34222,0.0,1.0
34224,0.0,1.0
34227,0.0,1.0
34231,0.0,1.0
34243,0.0,1.0
34246,1.0,0.0
34251,0.0,1.0
34252,0.0,1.0
34255,0.0,1.0
34262,0.0,1.0
34268,0.0,1.0
34274,1.0,0.0
34275,0.0,1.0
34282,0.0,1.0
34284,0.0,1.0
34296,0.0,1.0
34297,0.0,1.0
34303,0.0,1.0
34307,0.0,1.0
34314,0.0,1.0
34315,0.0,1.0
34329,1.0,0.0
34336,0.0,1.0
34340,0.0,1.0
34347,0.0,1.0
34354,1.0,0.0
34364,0.0,1.0
34366,0.0,1.0
34372,0.0,1.0
34374,0.0,1.0
34376,0.0,1.0
34382,0.0,1.0
34386,0.0,1.0
34397,0.0,1.0
34400,0.0,1.0
34404,0.0,1.0
34406,0.0,1.0
34423,0.0,1.0
34426,0.0,1.0
34433,0.0,1.0
34437,0.0,1.0
34443,0.0,1.0
34447,0.0,1.0
34460,0.0,1.0
34467,1.0,0.0
34476,1.0,0.0
34494,0.0,1.0
34516,0.0,1.0
34517,1.0,0.0
34534,1.0,0.0
34536,0.0,1.0
34554,0.0,1.0
34557,0.0,1.0
34559,0.0,1.0
34567,0.0,1.0
34575,1.0,0.0
34578,0.0,1.0
34582,0.0,1.0
34590,0.0,1.0
34597,1.0,0.0
34599,0.0,1.0
34602,0.0,1.0
34605,0.0,1.0
34606,0.0,1.0
34609,0.0,1.0
34614,0.0,1.0
34616,1.0,0.0
34626,0.0,1.0
34637,1.0,0.0
34638,0.0,1.0
34646,0.0,1.0
34661,0.0,1.0
34674,0.0,1.0
34683,0.0,1.0
34708,0.0,1.0
34712,0.0,1.0
34713,0.0,1.0
34719,0.0,1.0
34726,0.0,1.0
34741,0.0,1.0
34742,0.0,1.0
34758,0.0,1.0
34762,0.0,1.0
34763,0.0,1.0
34767,0.0,1.0
34773,0.0,1.0
34795,0.0,1.0
34802,0.0,1.0
34809,0.0,1.0
34813,0.0,1.0
34815,0.0,1.0
34818,0.0,1.0
34825,0.0,1.0
34842,0.0,1.0
34852,0.0,1.0
34855,0.0,1.0
34857,0.0,1.0
34858,0.0,1.0
34859,0.0,1.0
34872,0.0,1.0
34875,0.0,1.0
34884,0.0,1.0
34894,0.0,1.0
34898,0.0,1.0
34908,0.0,1.0
34909,1.0,0.0
34917,0.0,1.0
34918,1.0,0.0
34921,0.0,1.0
34922,0.0,1.0
34924,0.0,1.0
34926,0.0,1.0
34928,0.0,1.0
34932,0.0,1.0
34938,0.0,1.0
34948,0.0,1.0
34949,0.0,1.0
34951,0.0,1.0
34953,0.0,1.0
34976,0.0,1.0
34980,0.0,1.0
34989,0.0,1.0
34991,0.0,1.0
34996,0.0,1.0
34997,0.0,1.0
34999,0.0,1.0
35003,0.0,1.0
35005,0.0,1.0
35014,0.0,1.0
35031,0.0,1.0
35039,0.0,1.0
35042,0.0,1.0
35043,0.0,1.0
35044,0.0,1.0
35060,0.0,1.0
35061,1.0,0.0
35088,0.0,1.0
35089,0.0,1.0
35097,0.0,1.0
35122,0.0,1.0
35133,0.0,1.0
35134,0.0,1.0
35142,0.0,1.0
35150,1.0,0.0
35153,0.0,1.0
35162,0.0,1.0
35165,0.0,1.0
35166,0.0,1.0
35176,0.0,1.0
35181,0.0,1.0
35185,0.0,1.0
35225,0.0,1.0
35234,0.0,1.0
35236,0.0,1.0
35249,0.0,1.0
35250,0.0,1.0
35253,0.0,1.0
35257,0.0,1.0
35261,0.0,1.0
35263,0.0,1.0
35278,1.0,0.0
35280,0.0,1.0
35281,0.0,1.0
35292,0.0,1.0
35295,1.0,0.0
35303,0.0,1.0
35306,1.0,0.0
35308,0.0,1.0
35310,0.0,1.0
35326,0.0,1.0
35327,0.0,1.0
35328,0.0,1.0
35329,0.0,1.0
35335,0.0,1.0
35348,0.0,1.0
35353,0.0,1.0
35354,1.0,0.0
35361,0.0,1.0
35365,0.0,1.0
35366,0.0,1.0
35371,1.0,0.0
35375,0.0,1.0
35379,0.0,1.0
35382,1.0,0.0
35384,1.0,0.0
35387,0.0,1.0
35388,0.0,1.0
35409,0.0,1.0
35416,0.0,1.0
35424,0.0,1.0
35432,1.0,0.0
35433,0.0,1.0
35439,0.0,1.0
35440,0.0,1.0
35442,0.0,1.0
35459,0.0,1.0
35466,0.0,1.0
35475,0.0,1.0
35491,1.0,0.0
35514,0.0,1.0
35532,0.0,1.0
35541,1.0,0.0
35542,0.0,1.0
35560,0.0,1.0
35565,0.0,1.0
35566,0.0,1.0
35568,0.0,1.0
35579,1.0,0.0
35591,0.0,1.0
35600,1.0,0.0
35606,0.0,1.0
35607,0.0,1.0
35609,0.0,1.0
35610,0.0,1.0
35611,0.0,1.0
35612,0.0,1.0
35613,0.0,1.0
35615,1.0,0.0
35621,1.0,0.0
35626,0.0,1.0
35641,0.0,1.0
35644,1.0,0.0
35651,0.0,1.0
35652,0.0,1.0
35653,0.0,1.0
35655,1.0,0.0
35656,0.0,1.0
35657,0.0,1.0
35662,0.0,1.0
35674,0.0,1.0
35681,0.0,1.0
35682,0.0,1.0
35698,0.0,1.0
35702,0.0,1.0
35707,0.0,1.0
35719,0.0,1.0
35720,1.0,0.0
35728,0.0,1.0
35734,0.0,1.0
35739,0.0,1.0
35741,0.0,1.0
35750,1.0,0.0
35752,0.0,1.0
35755,1.0,0.0
35756,0.0,1.0
35758,0.0,1.0
35760,0.0,1.0
35762,0.0,1.0
35765,1.0,0.0
35767,0.0,1.0
35773,0.0,1.0
35776,0.0,1.0
35787,0.0,1.0
35788,0.0,1.0
35791,0.0,1.0
35793,0.0,1.0
35810,0.0,1.0
35814,0.0,1.0
35817,1.0,0.0
35826,0.0,1.0
35841,0.0,1.0
35842,0.0,1.0
35846,0.0,1.0
35849,0.0,1.0
35867,0.0,1.0
35871,0.0,1.0
35872,0.0,1.0
35873,0.0,1.0
35876,1.0,0.0
35882,0.0,1.0
35886,0.0,1.0
35889,0.0,1.0
35891,1.0,0.0
35892,0.0,1.0
35919,0.0,1.0
35920,0.0,1.0
35923,0.0,1.0
35934,0.0,1.0
35939,0.0,1.0
35940,0.0,1.0
35944,0.0,1.0
35962,0.0,1.0
35972,0.0,1.0
35973,0.0,1.0
35974,0.0,1.0
35977,0.0,1.0
35979,0.0,1.0
35984,0.0,1.0
35989,0.0,1.0
36014,1.0,0.0
36047,0.0,1.0
36057,0.0,1.0
36062,0.0,1.0
36073,0.0,1.0
36075,0.0,1.0
36084,0.0,1.0
36085,0.0,1.0
36094,0.0,1.0
36099,0.0,1.0
36107,0.0,1.0
36110,0.0,1.0
36112,0.0,1.0
36121,0.0,1.0
36124,0.0,1.0
36135,0.0,1.0
36136,0.0,1.0
36143,0.0,1.0
36149,0.0,1.0
36154,0.0,1.0
36155,0.0,1.0
36157,0.0,1.0
36162,0.0,1.0
36164,0.0,1.0
36170,0.0,1.0
36174,0.0,1.0
36206,0.0,1.0
36214,0.0,1.0
36223,0.0,1.0
36227,0.0,1.0
36237,1.0,0.0
36241,0.0,1.0
36254,0.0,1.0
36270,0.0,1.0
36279,0.0,1.0
36285,1.0,0.0
36287,1.0,0.0
36292,0.0,1.0
36293,0.0,1.0
36296,1.0,0.0
36298,0.0,1.0
36300,1.0,0.0
36324,0.0,1.0
36326,0.0,1.0
36328,0.0,1.0
36336,0.0,1.0
36338,0.0,1.0
36342,0.0,1.0
36350,0.0,1.0
36357,0.0,1.0
36362,1.0,0.0
36370,0.0,1.0
36376,1.0,0.0
36377,0.0,1.0
36383,1.0,0.0
36390,0.0,1.0
36394,0.0,1.0
36407,0.0,1.0
36419,1.0,0.0
36426,0.0,1.0
36429,0.0,1.0
36440,1.0,0.0
36446,0.0,1.0
36449,0.0,1.0
36460,1.0,0.0
36464,0.0,1.0
36474,0.0,1.0
36483,1.0,0.0
36490,0.0,1.0
36492,0.0,1.0
36510,0.0,1.0
36512,1.0,0.0
36515,1.0,0.0
36517,0.0,1.0
36522,0.0,1.0
36523,0.0,1.0
36551,0.0,1.0
36554,1.0,0.0
36561,0.0,1.0
36566,0.0,1.0
36572,0.0,1.0
36573,0.0,1.0
36575,0.0,1.0
36576,1.0,0.0
36582,0.0,1.0
36596,0.0,1.0
36600,0.0,1.0
36604,0.0,1.0
36617,1.0,0.0
36622,0.0,1.0
36628,1.0,0.0
36630,0.0,1.0
36636,0.0,1.0
36640,0.0,1.0
36645,0.0,1.0
36646,0.0,1.0
36649,0.0,1.0
36662,0.0,1.0
36674,0.0,1.0
36678,1.0,0.0
36684,0.0,1.0
36686,0.0,1.0
36692,0.0,1.0
36696,0.0,1.0
36705,0.0,1.0
36710,0.0,1.0
36732,0.0,1.0
36742,0.0,1.0
36750,0.0,1.0
36752,0.0,1.0
36773,0.0,1.0
36782,0.0,1.0
36799,0.0,1.0
36800,0.0,1.0
36806,0.0,1.0
36821,0.0,1.0
36823,0.0,1.0
36825,0.0,1.0
36829,0.0,1.0
36836,0.0,1.0
36840,0.0,1.0
36844,1.0,0.0
36867,1.0,0.0
36868,0.0,1.0
36872,0.0,1.0
36874,0.0,1.0
36902,0.0,1.0
36903,0.0,1.0
36907,0.0,1.0
36912,0.0,1.0
36913,0.0,1.0
36919,0.0,1.0
36924,0.0,1.0
36927,1.0,0.0
36932,0.0,1.0
36933,1.0,0.0
36937,0.0,1.0
36938,0.0,1.0
36939,0.0,1.0
36942,0.0,1.0
36943,0.0,1.0
36947,0.0,1.0
36958,0.0,1.0
36969,1.0,0.0
36974,0.0,1.0
36977,0.0,1.0
36985,0.0,1.0
36989,0.0,1.0
36992,0.0,1.0
36995,0.0,1.0
37007,0.0,1.0
37010,0.0,1.0
37014,0.0,1.0
37021,0.0,1.0
37023,0.0,1.0
37034,0.0,1.0
37037,1.0,0.0
37074,1.0,0.0
37076,0.0,1.0
37077,0.0,1.0
37080,0.0,1.0
37084,0.0,1.0
37085,0.0,1.0
37095,0.0,1.0
37100,0.0,1.0
37113,0.0,1.0
37116,0.0,1.0
37123,0.0,1.0
37128,0.0,1.0
37153,0.0,1.0
37159,0.0,1.0
37162,0.0,1.0
37165,0.0,1.0
37166,0.0,1.0
37174,0.0,1.0
37182,0.0,1.0
37194,0.0,1.0
37195,0.0,1.0
37213,0.0,1.0
37218,0.0,1.0
37230,0.0,1.0
37232,0.0,1.0
37241,0.0,1.0
37244,0.0,1.0
37249,0.0,1.0
37250,0.0,1.0
37261,0.0,1.0
37262,0.0,1.0
37266,0.0,1.0
37270,0.0,1.0
37281,0.0,1.0
37284,0.0,1.0
37286,0.0,1.0
37287,0.0,1.0
37311,1.0,0.0
37318,0.0,1.0
37330,0.0,1.0
37334,0.0,1.0
37338,0.0,1.0
37351,0.0,1.0
37377,0.0,1.0
37384,1.0,0.0
37399,0.0,1.0
37411,1.0,0.0
37416,0.0,1.0
37424,1.0,0.0
37429,0.0,1.0
37437,0.0,1.0
37455,0.0,1.0
37471,0.0,1.0
37488,0.0,1.0
37489,0.0,1.0
37490,0.0,1.0
37510,1.0,0.0
37511,0.0,1.0
37512,0.0,1.0
37519,0.0,1.0
37520,0.0,1.0
37532,0.0,1.0
37535,0.0,1.0
37536,0.0,1.0
37537,1.0,0.0
37540,0.0,1.0
37547,0.0,1.0
37550,0.0,1.0
37552,1.0,0.0
37554,0.0,1.0
37573,0.0,1.0
37580,1.0,0.0
37593,0.0,1.0
37603,0.0,1.0
37608,0.0,1.0
37617,0.0,1.0
37621,0.0,1.0
37633,0.0,1.0
37635,0.0,1.0
37646,0.0,1.0
37653,0.0,1.0
37668,0.0,1.0
37669,1.0,0.0
37677,0.0,1.0
37695,0.0,1.0
37697,0.0,1.0
37727,0.0,1.0
37731,0.0,1.0
37735,0.0,1.0
37744,0.0,1.0
37745,0.0,1.0
37748,0.0,1.0
37751,0.0,1.0
37755,1.0,0.0
37762,0.0,1.0
37769,1.0,0.0
37772,0.0,1.0
37775,0.0,1.0
37778,0.0,1.0
37779,0.0,1.0
37782,0.0,1.0
37784,0.0,1.0
37786,0.0,1.0
37790,1.0,0.0
37795,1.0,0.0
37796,0.0,1.0
37797,0.0,1.0
37804,0.0,1.0
37805,0.0,1.0
37809,1.0,0.0
37817,0.0,1.0
37823,0.0,1.0
37841,0.0,1.0
37856,0.0,1.0
37858,0.0,1.0
37867,0.0,1.0
37869,1.0,0.0
37877,0.0,1.0
37880,0.0,1.0
37884,0.0,1.0
37886,1.0,0.0
37891,0.0,1.0
37895,0.0,1.0
37902,0.0,1.0
37905,0.0,1.0
37912,0.0,1.0
37914,0.0,1.0
37920,0.0,1.0
37921,0.0,1.0
37926,1.0,0.0
37935,0.0,1.0
37938,0.0,1.0
37942,0.0,1.0
37958,0.0,1.0
37961,0.0,1.0
37970,0.0,1.0
37976,0.0,1.0
37991,0.0,1.0
37992,0.0,1.0
37994,1.0,0.0
38003,0.0,1.0
38019,0.0,1.0
38024,0.0,1.0
38025,1.0,0.0
38042,0.0,1.0
38076,0.0,1.0
38077,0.0,1.0
38078,0.0,1.0
38081,1.0,0.0
38089,0.0,1.0
38095,0.0,1.0
38104,0.0,1.0
38109,1.0,0.0
38110,0.0,1.0
38123,0.0,1.0
38125,0.0,1.0
38128,0.0,1.0
38131,0.0,1.0
38132,0.0,1.0
38148,0.0,1.0
38149,0.0,1.0
38157,0.0,1.0
38168,0.0,1.0
38176,0.0,1.0
38188,0.0,1.0
38196,0.0,1.0
38197,0.0,1.0
38202,1.0,0.0
38204,0.0,1.0
38206,0.0,1.0
38208,0.0,1.0
38211,0.0,1.0
38216,0.0,1.0
38217,0.0,1.0
38234,0.0,1.0
38240,0.0,1.0
38246,0.0,1.0
38250,0.0,1.0
38256,0.0,1.0
38261,0.0,1.0
38264,1.0,0.0
38265,0.0,1.0
38273,1.0,0.0
38274,0.0,1.0
38284,0.0,1.0
38290,0.0,1.0
38291,0.0,1.0
38292,1.0,0.0
38296,1.0,0.0
38301,0.0,1.0
38303,0.0,1.0
38315,0.0,1.0
38324,0.0,1.0
38335,0.0,1.0
38339,0.0,1.0
38347,1.0,0.0
38350,0.0,1.0
38354,0.0,1.0
38357,1.0,0.0
38358,0.0,1.0
38365,0.0,1.0
38385,0.0,1.0
38391,0.0,1.0
38393,0.0,1.0
38398,0.0,1.0
38408,0.0,1.0
38409,0.0,1.0
38424,0.0,1.0
38426,0.0,1.0
38437,0.0,1.0
38443,1.0,0.0
38449,0.0,1.0
38455,0.0,1.0
38456,0.0,1.0
38462,0.0,1.0
38467,1.0,0.0
38471,0.0,1.0
38478,1.0,0.0
38488,0.0,1.0
38490,0.0,1.0
38494,0.0,1.0
38497,0.0,1.0
38500,0.0,1.0
38502,0.0,1.0
38504,0.0,1.0
38510,0.0,1.0
38513,0.0,1.0
38529,0.0,1.0
38530,1.0,0.0
38533,0.0,1.0
38554,0.0,1.0
38561,0.0,1.0
38573,0.0,1.0
38582,0.0,1.0
38589,0.0,1.0
38599,0.0,1.0
38601,0.0,1.0
38602,0.0,1.0
38603,0.0,1.0
38609,0.0,1.0
38624,0.0,1.0
38628,0.0,1.0
38631,0.0,1.0
38636,0.0,1.0
38639,0.0,1.0
38645,0.0,1.0
38649,1.0,0.0
38653,0.0,1.0
38654,1.0,0.0
38656,1.0,0.0
38664,0.0,1.0
38665,0.0,1.0
38677,0.0,1.0
38683,0.0,1.0
38684,0.0,1.0
38691,0.0,1.0
38696,0.0,1.0
38701,0.0,1.0
38706,0.0,1.0
38707,0.0,1.0
38710,0.0,1.0
38771,0.0,1.0
38776,0.0,1.0
38779,0.0,1.0
38784,0.0,1.0
38800,0.0,1.0
38802,0.0,1.0
38811,0.0,1.0
38815,0.0,1.0
38821,0.0,1.0
38831,0.0,1.0
38839,0.0,1.0
38841,1.0,0.0
38853,0.0,1.0
38854,0.0,1.0
38855,0.0,1.0
38858,0.0,1.0
38863,0.0,1.0
38876,0.0,1.0
38878,0.0,1.0
38882,0.0,1.0
38886,1.0,0.0
38888,0.0,1.0
38892,0.0,1.0
38905,0.0,1.0
38920,0.0,1.0
38925,0.0,1.0
38936,0.0,1.0
38937,1.0,0.0
38939,0.0,1.0
38954,0.0,1.0
38957,0.0,1.0
38962,0.0,1.0
38967,0.0,1.0
38968,0.0,1.0
38974,1.0,0.0
38975,0.0,1.0
38977,1.0,0.0
38984,0.0,1.0
39013,0.0,1.0
39019,0.0,1.0
39025,0.0,1.0
39026,0.0,1.0
39051,0.0,1.0
39059,1.0,0.0
39073,0.0,1.0
39074,0.0,1.0
39077,0.0,1.0
39084,0.0,1.0
39089,0.0,1.0
39095,0.0,1.0
39096,1.0,0.0
39100,0.0,1.0
39103,0.0,1.0
39105,0.0,1.0
39124,0.0,1.0
39136,0.0,1.0
39159,0.0,1.0
39164,0.0,1.0
39189,0.0,1.0
39194,0.0,1.0
39199,0.0,1.0
39202,0.0,1.0
39204,0.0,1.0
39214,0.0,1.0
39218,1.0,0.0
39229,0.0,1.0
39230,0.0,1.0
39233,0.0,1.0
39244,0.0,1.0
39249,0.0,1.0
39250,0.0,1.0
39251,0.0,1.0
39263,0.0,1.0
39275,0.0,1.0
39290,0.0,1.0
39299,0.0,1.0
39343,1.0,0.0
39345,1.0,0.0
39352,1.0,0.0
39355,0.0,1.0
39360,0.0,1.0
39363,0.0,1.0
39371,0.0,1.0
39373,0.0,1.0
39376,0.0,1.0
39387,0.0,1.0
39392,0.0,1.0
39393,0.0,1.0
39395,0.0,1.0
39398,0.0,1.0
39399,0.0,1.0
39403,0.0,1.0
39404,0.0,1.0
39406,0.0,1.0
39418,1.0,0.0
39427,0.0,1.0
39429,0.0,1.0
39437,0.0,1.0
39451,0.0,1.0
39459,1.0,0.0
39479,0.0,1.0
39483,0.0,1.0
39486,0.0,1.0
39487,0.0,1.0
39488,0.0,1.0
39492,0.0,1.0
39496,0.0,1.0
39497,0.0,1.0
39499,0.0,1.0
39500,0.0,1.0
39501,0.0,1.0
39506,0.0,1.0
39510,1.0,0.0
39513,1.0,0.0
39528,0.0,1.0
39530,0.0,1.0
39532,0.0,1.0
39549,1.0,0.0
39556,0.0,1.0
39560,0.0,1.0
39568,0.0,1.0
39569,0.0,1.0
39578,0.0,1.0
39579,0.0,1.0
39580,0.0,1.0
39586,0.0,1.0
39589,0.0,1.0
39590,0.0,1.0
39593,0.0,1.0
39594,0.0,1.0
39599,1.0,0.0
39601,1.0,0.0
39602,1.0,0.0
39607,1.0,0.0
39614,0.0,1.0
39616,0.0,1.0
39618,0.0,1.0
39629,0.0,1.0
39638,0.0,1.0
39640,0.0,1.0
39653,0.0,1.0
39657,0.0,1.0
39658,0.0,1.0
39661,0.0,1.0
39664,1.0,0.0
39665,0.0,1.0
39673,1.0,0.0
39674,0.0,1.0
39690,0.0,1.0
39692,0.0,1.0
39705,0.0,1.0
39724,0.0,1.0
39735,0.0,1.0
39737,0.0,1.0
39738,0.0,1.0
39742,0.0,1.0
39743,0.0,1.0
39747,1.0,0.0
39753,0.0,1.0
39758,1.0,0.0
39760,0.0,1.0
39769,0.0,1.0
39781,0.0,1.0
39783,0.0,1.0
39784,0.0,1.0
39788,0.0,1.0
39805,0.0,1.0
39821,0.0,1.0
39839,0.0,1.0
39841,0.0,1.0
39843,1.0,0.0
39845,0.0,1.0
39849,0.0,1.0
39850,1.0,0.0
39851,0.0,1.0
39853,0.0,1.0
39855,0.0,1.0
39856,0.0,1.0
39857,0.0,1.0
39861,0.0,1.0
39863,0.0,1.0
39864,1.0,0.0
39870,0.0,1.0
39871,1.0,0.0
39875,0.0,1.0
39877,0.0,1.0
39888,0.0,1.0
39894,0.0,1.0
39907,0.0,1.0
39919,0.0,1.0
39922,0.0,1.0
39924,0.0,1.0
39925,1.0,0.0
39929,0.0,1.0
39937,0.0,1.0
39939,0.0,1.0
39940,0.0,1.0
39941,1.0,0.0
39943,1.0,0.0
39946,0.0,1.0
39953,0.0,1.0
39960,0.0,1.0
39971,0.0,1.0
39974,0.0,1.0
39985,0.0,1.0
39996,0.0,1.0
39999,0.0,1.0
40013,0.0,1.0
40025,0.0,1.0
40026,0.0,1.0
40036,0.0,1.0
40052,0.0,1.0
40060,0.0,1.0
40065,0.0,1.0
40068,0.0,1.0
40083,0.0,1.0
40087,0.0,1.0
40092,1.0,0.0
40096,0.0,1.0
40097,0.0,1.0
40102,0.0,1.0
40103,0.0,1.0
40104,0.0,1.0
40112,0.0,1.0
40116,0.0,1.0
40130,0.0,1.0
40132,0.0,1.0
40146,1.0,0.0
40148,1.0,0.0
40149,1.0,0.0
40150,0.0,1.0
40164,0.0,1.0
40173,0.0,1.0
40177,0.0,1.0
40178,0.0,1.0
40198,0.0,1.0
40199,0.0,1.0
40200,1.0,0.0
40205,0.0,1.0
40210,0.0,1.0
40218,0.0,1.0
40221,1.0,0.0
40223,0.0,1.0
40224,0.0,1.0
40235,0.0,1.0
40238,0.0,1.0
40242,0.0,1.0
40254,0.0,1.0
40255,0.0,1.0
40286,0.0,1.0
40289,0.0,1.0
40294,0.0,1.0
40295,0.0,1.0
40297,1.0,0.0
40303,0.0,1.0
40308,0.0,1.0
40309,0.0,1.0
40311,0.0,1.0
40313,0.0,1.0
40328,0.0,1.0
40337,0.0,1.0
40342,0.0,1.0
40349,0.0,1.0
40367,0.0,1.0
40385,0.0,1.0
40387,0.0,1.0
40388,0.0,1.0
40403,0.0,1.0
40410,1.0,0.0
40418,0.0,1.0
40444,1.0,0.0
40446,0.0,1.0
40458,1.0,0.0
40467,0.0,1.0
40469,0.0,1.0
40477,0.0,1.0
40482,1.0,0.0
40491,0.0,1.0
40500,0.0,1.0
40503,0.0,1.0
40508,0.0,1.0
40509,1.0,0.0
40521,0.0,1.0
40525,1.0,0.0
40535,1.0,0.0
40541,1.0,0.0
40565,0.0,1.0
40568,1.0,0.0
40574,0.0,1.0
40588,1.0,0.0
40601,1.0,0.0
40618,1.0,0.0
40624,0.0,1.0
40636,0.0,1.0
40638,0.0,1.0
40640,1.0,0.0
40652,0.0,1.0
40656,0.0,1.0
40666,0.0,1.0
40667,0.0,1.0
40670,0.0,1.0
40673,0.0,1.0
40679,0.0,1.0
40680,0.0,1.0
40685,0.0,1.0
40693,0.0,1.0
40698,0.0,1.0
40714,0.0,1.0
40720,0.0,1.0
40727,0.0,1.0
40728,1.0,0.0
40738,1.0,0.0
40741,0.0,1.0
40742,0.0,1.0
40745,1.0,0.0
40747,0.0,1.0
40750,0.0,1.0
40763,0.0,1.0
40765,0.0,1.0
40776,1.0,0.0
40781,0.0,1.0
40783,0.0,1.0
40784,0.0,1.0
40794,0.0,1.0
40798,0.0,1.0
40803,0.0,1.0
40819,0.0,1.0
40820,0.0,1.0
40821,1.0,0.0
40824,0.0,1.0
40826,0.0,1.0
40827,0.0,1.0
40857,0.0,1.0
40869,0.0,1.0
40870,0.0,1.0
40875,0.0,1.0
40879,0.0,1.0
40885,1.0,0.0
40894,0.0,1.0
40898,0.0,1.0
40918,0.0,1.0
40919,1.0,0.0
40935,0.0,1.0
40936,0.0,1.0
40944,0.0,1.0
40970,0.0,1.0
40978,0.0,1.0
40981,0.0,1.0
40984,0.0,1.0
40985,0.0,1.0
40992,0.0,1.0
40997,0.0,1.0
40999,0.0,1.0
41006,1.0,0.0
41008,0.0,1.0
41011,0.0,1.0
41015,0.0,1.0
41016,1.0,0.0
41021,1.0,0.0
41024,1.0,0.0
41027,0.0,1.0
41046,0.0,1.0
41081,0.0,1.0
41082,0.0,1.0
41089,1.0,0.0
41095,0.0,1.0
41101,0.0,1.0
41105,0.0,1.0
41106,0.0,1.0
41107,0.0,1.0
41112,0.0,1.0
41114,0.0,1.0
41121,0.0,1.0
41130,0.0,1.0
41138,0.0,1.0
41148,0.0,1.0
41151,0.0,1.0
41156,0.0,1.0
41159,0.0,1.0
41166,1.0,0.0
41177,0.0,1.0
41185,0.0,1.0
41186,0.0,1.0
41188,0.0,1.0
41190,0.0,1.0
41193,0.0,1.0
41196,0.0,1.0
41200,1.0,0.0
41202,1.0,0.0
41208,0.0,1.0
41215,0.0,1.0
41216,0.0,1.0
41218,0.0,1.0
41219,1.0,0.0
41225,0.0,1.0
41234,0.0,1.0
41241,0.0,1.0
41245,0.0,1.0
41249,0.0,1.0
41255,1.0,0.0
41258,0.0,1.0
41260,0.0,1.0
41267,0.0,1.0
41286,0.0,1.0
41292,0.0,1.0
41295,0.0,1.0
41305,0.0,1.0
41306,0.0,1.0
41321,0.0,1.0
41325,0.0,1.0
41327,0.0,1.0
41349,0.0,1.0
41353,0.0,1.0
41355,0.0,1.0
41356,0.0,1.0
41360,0.0,1.0
41363,0.0,1.0
41366,1.0,0.0
41370,0.0,1.0
41371,0.0,1.0
41374,0.0,1.0
41376,0.0,1.0
41378,0.0,1.0
41380,0.0,1.0
41382,1.0,0.0
41398,0.0,1.0
41399,0.0,1.0
41403,0.0,1.0
41407,1.0,0.0
41422,0.0,1.0
41424,0.0,1.0
41433,0.0,1.0
41444,0.0,1.0
41447,0.0,1.0
41452,0.0,1.0
41466,1.0,0.0
41469,1.0,0.0
41472,0.0,1.0
41476,0.0,1.0
41478,0.0,1.0
41484,0.0,1.0
41489,1.0,0.0
41491,0.0,1.0
41498,1.0,0.0
41499,0.0,1.0
41504,0.0,1.0
41505,0.0,1.0
41508,0.0,1.0
41515,0.0,1.0
41527,0.0,1.0
41541,0.0,1.0
41546,0.0,1.0
41550,0.0,1.0
41551,0.0,1.0
41555,0.0,1.0
41561,0.0,1.0
41562,0.0,1.0
41563,0.0,1.0
41567,0.0,1.0
41574,0.0,1.0
41577,0.0,1.0
41584,0.0,1.0
41585,0.0,1.0
41590,0.0,1.0
41591,0.0,1.0
41602,0.0,1.0
41603,0.0,1.0
41606,0.0,1.0
41615,1.0,0.0
41631,0.0,1.0
41632,0.0,1.0
41638,1.0,0.0
41643,0.0,1.0
41646,1.0,0.0
41647,1.0,0.0
41649,0.0,1.0
41655,0.0,1.0
41672,0.0,1.0
41675,0.0,1.0
41682,0.0,1.0
41686,0.0,1.0
41689,0.0,1.0
41690,0.0,1.0
41692,0.0,1.0
41712,1.0,0.0
41714,0.0,1.0
41724,1.0,0.0
41727,1.0,0.0
41728,0.0,1.0
41734,0.0,1.0
41741,1.0,0.0
41747,1.0,0.0
41753,0.0,1.0
41757,0.0,1.0
41759,0.0,1.0
41767,0.0,1.0
41771,1.0,0.0
41775,0.0,1.0
41780,1.0,0.0
41799,0.0,1.0
41801,0.0,1.0
41820,0.0,1.0
41832,0.0,1.0
41834,1.0,0.0
41845,1.0,0.0
41863,1.0,0.0
41864,0.0,1.0
41865,1.0,0.0
41882,0.0,1.0
41886,0.0,1.0
41888,0.0,1.0
41910,0.0,1.0
41912,0.0,1.0
41914,0.0,1.0
41916,0.0,1.0
41920,0.0,1.0
41924,0.0,1.0
41926,0.0,1.0
41929,1.0,0.0
41935,0.0,1.0
41939,0.0,1.0
41941,0.0,1.0
41948,0.0,1.0
41951,0.0,1.0
41956,1.0,0.0
41984,1.0,0.0
41998,0.0,1.0
42003,0.0,1.0
42004,0.0,1.0
42024,0.0,1.0
42026,0.0,1.0
42031,0.0,1.0
42038,1.0,0.0
42040,0.0,1.0
42050,0.0,1.0
42055,0.0,1.0
42057,0.0,1.0
42063,0.0,1.0
42064,0.0,1.0
42072,0.0,1.0
42073,1.0,0.0
42079,0.0,1.0
42086,0.0,1.0
42097,0.0,1.0
42099,1.0,0.0
42101,0.0,1.0
42104,0.0,1.0
42105,0.0,1.0
42118,0.0,1.0
42119,0.0,1.0
42128,0.0,1.0
42129,0.0,1.0
42130,0.0,1.0
42133,0.0,1.0
42137,0.0,1.0
42140,0.0,1.0
42153,0.0,1.0
42154,1.0,0.0
42170,1.0,0.0
42184,0.0,1.0
42190,0.0,1.0
42191,0.0,1.0
42196,0.0,1.0
42197,0.0,1.0
42204,1.0,0.0
42206,0.0,1.0
42209,0.0,1.0
42222,0.0,1.0
42230,1.0,0.0
42232,0.0,1.0
42233,0.0,1.0
42234,0.0,1.0
42235,0.0,1.0
42240,0.0,1.0
42255,0.0,1.0
42261,0.0,1.0
42265,0.0,1.0
42277,0.0,1.0
42279,0.0,1.0
42285,0.0,1.0
42297,0.0,1.0
42317,0.0,1.0
42327,0.0,1.0
42334,0.0,1.0
42342,0.0,1.0
42355,0.0,1.0
42361,0.0,1.0
42365,1.0,0.0
42366,0.0,1.0
42379,0.0,1.0
42386,0.0,1.0
42394,1.0,0.0
42399,0.0,1.0
42401,0.0,1.0
42402,1.0,0.0
42403,0.0,1.0
42407,0.0,1.0
42425,0.0,1.0
42426,0.0,1.0
42430,0.0,1.0
42435,0.0,1.0
42439,0.0,1.0
42448,0.0,1.0
42452,0.0,1.0
42457,0.0,1.0
42459,0.0,1.0
42475,0.0,1.0
42483,0.0,1.0
42492,0.0,1.0
42497,0.0,1.0
42499,0.0,1.0
42504,0.0,1.0
42507,0.0,1.0
42510,0.0,1.0
42514,0.0,1.0
42521,0.0,1.0
42523,0.0,1.0
42531,0.0,1.0
42539,0.0,1.0
42541,0.0,1.0
42560,0.0,1.0
42561,1.0,0.0
42562,0.0,1.0
42563,0.0,1.0
42568,1.0,0.0
42569,0.0,1.0
42570,0.0,1.0
42579,0.0,1.0
42593,0.0,1.0
42599,1.0,0.0
42602,0.0,1.0
42612,1.0,0.0
42626,0.0,1.0
42630,0.0,1.0
42639,0.0,1.0
42643,0.0,1.0
42646,0.0,1.0
42649,0.0,1.0
42658,0.0,1.0
42659,0.0,1.0
42660,0.0,1.0
42661,0.0,1.0
42667,0.0,1.0
42668,0.0,1.0
42676,0.0,1.0
42693,0.0,1.0
42696,0.0,1.0
42700,0.0,1.0
42707,0.0,1.0
42709,0.0,1.0
42711,0.0,1.0
42723,0.0,1.0
42729,0.0,1.0
42735,0.0,1.0
42736,1.0,0.0
42738,0.0,1.0
42761,1.0,0.0
42774,0.0,1.0
42775,0.0,1.0
42781,0.0,1.0
42785,0.0,1.0
42800,0.0,1.0
42801,0.0,1.0
42802,0.0,1.0
42807,0.0,1.0
42818,0.0,1.0
42822,0.0,1.0
42825,0.0,1.0
42833,0.0,1.0
42839,0.0,1.0
42841,0.0,1.0
42843,0.0,1.0
42856,0.0,1.0
42857,0.0,1.0
42861,0.0,1.0
42896,0.0,1.0
42897,0.0,1.0
42906,0.0,1.0
42917,0.0,1.0
42923,0.0,1.0
42933,1.0,0.0
42934,0.0,1.0
42936,0.0,1.0
42937,0.0,1.0
42945,0.0,1.0
42947,0.0,1.0
42951,0.0,1.0
42952,0.0,1.0
42958,0.0,1.0
42960,0.0,1.0
42965,1.0,0.0
42968,0.0,1.0
42977,0.0,1.0
42982,0.0,1.0
42988,1.0,0.0
42994,1.0,0.0
42997,0.0,1.0
43002,1.0,0.0
43004,0.0,1.0
43005,0.0,1.0
43007,0.0,1.0
43035,1.0,0.0
43038,0.0,1.0
43041,1.0,0.0
43049,0.0,1.0
43059,1.0,0.0
43071,0.0,1.0
43082,0.0,1.0
43084,0.0,1.0
43086,0.0,1.0
43089,0.0,1.0
43099,0.0,1.0
43102,0.0,1.0
43104,0.0,1.0
43108,0.0,1.0
43113,0.0,1.0
43131,0.0,1.0
43145,0.0,1.0
43148,0.0,1.0
43158,0.0,1.0
43160,0.0,1.0
43162,0.0,1.0
43165,0.0,1.0
43170,1.0,0.0
43174,0.0,1.0
43184,1.0,0.0
43185,1.0,0.0
43189,1.0,0.0
43197,0.0,1.0
43203,0.0,1.0
43213,1.0,0.0
43216,0.0,1.0
43224,0.0,1.0
43227,0.0,1.0
43228,0.0,1.0
43230,0.0,1.0
43233,1.0,0.0
43244,0.0,1.0
43248,1.0,0.0
43257,0.0,1.0
43269,0.0,1.0
43274,0.0,1.0
43279,0.0,1.0
43292,0.0,1.0
43293,1.0,0.0
43294,0.0,1.0
43311,0.0,1.0
43315,0.0,1.0
43324,0.0,1.0
43336,1.0,0.0
43337,0.0,1.0
43345,1.0,0.0
43364,0.0,1.0
43376,1.0,0.0
43377,0.0,1.0
43379,0.0,1.0
43406,1.0,0.0
43411,0.0,1.0
43414,0.0,1.0
43418,0.0,1.0
43421,0.0,1.0
43424,0.0,1.0
43433,0.0,1.0
43448,0.0,1.0
43460,0.0,1.0
43470,0.0,1.0
43481,0.0,1.0
43485,0.0,1.0
43491,1.0,0.0
43494,0.0,1.0
43499,0.0,1.0
43505,0.0,1.0
43515,0.0,1.0
43518,0.0,1.0
43526,0.0,1.0
43540,0.0,1.0
43544,1.0,0.0
43553,0.0,1.0
43560,0.0,1.0
43566,0.0,1.0
43568,0.0,1.0
43570,0.0,1.0
43571,0.0,1.0
43585,0.0,1.0
43587,0.0,1.0
43599,0.0,1.0
43603,0.0,1.0
43608,0.0,1.0
43613,0.0,1.0
43621,0.0,1.0
43626,0.0,1.0
43635,0.0,1.0
43636,1.0,0.0
43639,0.0,1.0
43651,0.0,1.0
43652,0.0,1.0
43657,0.0,1.0
43658,0.0,1.0
43661,0.0,1.0
43668,0.0,1.0
43671,0.0,1.0
43696,0.0,1.0
43698,0.0,1.0
43703,0.0,1.0
43706,0.0,1.0
43714,1.0,0.0
43717,1.0,0.0
43728,0.0,1.0
43729,0.0,1.0
43736,0.0,1.0
43741,0.0,1.0
43751,0.0,1.0
43766,1.0,0.0
43769,0.0,1.0
43770,0.0,1.0
43781,0.0,1.0
43782,0.0,1.0
43784,0.0,1.0
43789,0.0,1.0
43792,0.0,1.0
43795,0.0,1.0
43800,0.0,1.0
43812,0.0,1.0
43813,0.0,1.0
43822,0.0,1.0
43827,0.0,1.0
43829,0.0,1.0
43833,0.0,1.0
43843,0.0,1.0
43848,0.0,1.0
43849,0.0,1.0
43851,0.0,1.0
43865,1.0,0.0
43870,0.0,1.0
43881,0.0,1.0
43882,0.0,1.0
43885,0.0,1.0
43900,1.0,0.0
43907,0.0,1.0
43913,0.0,1.0
43915,0.0,1.0
43923,0.0,1.0
43926,0.0,1.0
43934,0.0,1.0
43936,0.0,1.0
43949,0.0,1.0
43951,0.0,1.0
43958,0.0,1.0
43959,0.0,1.0
43962,0.0,1.0
43965,0.0,1.0
43973,0.0,1.0
43980,1.0,0.0
43992,0.0,1.0
43999,0.0,1.0
44004,0.0,1.0
44006,0.0,1.0
44010,0.0,1.0
44011,1.0,0.0
44014,1.0,0.0
44016,0.0,1.0
44019,0.0,1.0
44020,1.0,0.0
44028,0.0,1.0
44029,0.0,1.0
44034,0.0,1.0
44036,0.0,1.0
44044,0.0,1.0
44045,0.0,1.0
44054,0.0,1.0
44068,1.0,0.0
44070,0.0,1.0
44071,1.0,0.0
44075,0.0,1.0
44076,0.0,1.0
44083,0.0,1.0
44086,1.0,0.0
44088,0.0,1.0
44093,0.0,1.0
44098,0.0,1.0
44103,0.0,1.0
44108,0.0,1.0
44114,0.0,1.0
44115,0.0,1.0
44122,0.0,1.0
44126,1.0,0.0
44128,0.0,1.0
44133,0.0,1.0
44135,0.0,1.0
44151,0.0,1.0
44162,0.0,1.0
44181,0.0,1.0
44183,0.0,1.0
44184,0.0,1.0
44187,0.0,1.0
44191,0.0,1.0
44204,0.0,1.0
44214,0.0,1.0
44216,0.0,1.0
44219,1.0,0.0
44226,1.0,0.0
44234,0.0,1.0
44240,0.0,1.0
44242,0.0,1.0
44260,0.0,1.0
44262,1.0,0.0
44274,0.0,1.0
44277,0.0,1.0
44279,0.0,1.0
44283,0.0,1.0
44288,0.0,1.0
44296,0.0,1.0
44298,0.0,1.0
44306,0.0,1.0
44319,0.0,1.0
44320,0.0,1.0
44323,0.0,1.0
44330,0.0,1.0
44344,0.0,1.0
44346,0.0,1.0
44351,0.0,1.0
44357,1.0,0.0
44364,0.0,1.0
44375,0.0,1.0
44383,0.0,1.0
44389,0.0,1.0
44394,1.0,0.0
44402,0.0,1.0
44406,0.0,1.0
44419,0.0,1.0
44423,0.0,1.0
44424,0.0,1.0
44436,0.0,1.0
44441,0.0,1.0
44449,0.0,1.0
44458,0.0,1.0
44468,0.0,1.0
44479,0.0,1.0
44485,1.0,0.0
44486,0.0,1.0
44506,0.0,1.0
44508,0.0,1.0
44510,0.0,1.0
44511,0.0,1.0
44512,0.0,1.0
44527,0.0,1.0
44531,0.0,1.0
44533,0.0,1.0
44540,1.0,0.0
44541,0.0,1.0
44555,0.0,1.0
44559,0.0,1.0
44560,0.0,1.0
44564,0.0,1.0
44571,0.0,1.0
44572,0.0,1.0
44581,0.0,1.0
44592,0.0,1.0
44599,0.0,1.0
44601,0.0,1.0
44605,0.0,1.0
44607,0.0,1.0
44625,0.0,1.0
44642,1.0,0.0
44654,0.0,1.0
44661,0.0,1.0
44680,0.0,1.0
44682,0.0,1.0
44687,1.0,0.0
44690,0.0,1.0
44710,0.0,1.0
44711,0.0,1.0
44712,0.0,1.0
44722,0.0,1.0
44729,0.0,1.0
44736,0.0,1.0
44744,0.0,1.0
44746,0.0,1.0
44772,0.0,1.0
44777,0.0,1.0
44778,0.0,1.0
44779,0.0,1.0
44781,0.0,1.0
44783,0.0,1.0
44791,0.0,1.0
44792,0.0,1.0
44801,0.0,1.0
44811,0.0,1.0
44826,0.0,1.0
44836,0.0,1.0
44844,1.0,0.0
44849,0.0,1.0
44851,0.0,1.0
44861,0.0,1.0
44868,0.0,1.0
44874,0.0,1.0
44883,0.0,1.0
44896,0.0,1.0
44897,0.0,1.0
44904,0.0,1.0
44916,0.0,1.0
44917,0.0,1.0
44932,0.0,1.0
44948,0.0,1.0
44949,0.0,1.0
44959,1.0,0.0
44967,1.0,0.0
44970,0.0,1.0
44974,1.0,0.0
44975,0.0,1.0
44979,1.0,0.0
44982,0.0,1.0
44987,0.0,1.0
45003,0.0,1.0
45004,1.0,0.0
45011,0.0,1.0
45016,0.0,1.0
45022,0.0,1.0
45038,0.0,1.0
45040,0.0,1.0
45047,0.0,1.0
45048,0.0,1.0
45067,1.0,0.0
45073,0.0,1.0
45082,0.0,1.0
45083,1.0,0.0
45106,0.0,1.0
45113,0.0,1.0
45114,0.0,1.0
45115,1.0,0.0
45124,0.0,1.0
45131,0.0,1.0
45132,0.0,1.0
45134,1.0,0.0
45139,0.0,1.0
45140,0.0,1.0
45145,0.0,1.0
45166,1.0,0.0
45168,0.0,1.0
45172,0.0,1.0
45173,0.0,1.0
45179,1.0,0.0
45181,0.0,1.0
45182,0.0,1.0
45191,0.0,1.0
45199,0.0,1.0
45211,0.0,1.0
45216,0.0,1.0
45228,0.0,1.0
45239,0.0,1.0
45240,0.0,1.0
45241,1.0,0.0
45269,0.0,1.0
45270,0.0,1.0
45273,0.0,1.0
45284,0.0,1.0
45303,0.0,1.0
45308,0.0,1.0
45311,0.0,1.0
45315,0.0,1.0
45317,0.0,1.0
45318,0.0,1.0
45327,0.0,1.0
45328,0.0,1.0
45329,1.0,0.0
45350,0.0,1.0
45351,0.0,1.0
45362,1.0,0.0
45364,0.0,1.0
45365,1.0,0.0
45372,0.0,1.0
45375,0.0,1.0
45379,0.0,1.0
45404,0.0,1.0
45413,1.0,0.0
45418,0.0,1.0
45421,0.0,1.0
45425,0.0,1.0
45427,1.0,0.0
45430,1.0,0.0
45434,1.0,0.0
45437,1.0,0.0
45438,0.0,1.0
45439,0.0,1.0
45442,0.0,1.0
45443,0.0,1.0
45444,1.0,0.0
45445,0.0,1.0
45447,0.0,1.0
45450,0.0,1.0
45452,1.0,0.0
45468,0.0,1.0
45470,1.0,0.0
45471,0.0,1.0
45477,0.0,1.0
45478,0.0,1.0
45487,0.0,1.0
45489,0.0,1.0
45503,0.0,1.0
45509,1.0,0.0
45510,0.0,1.0
45515,0.0,1.0
45526,0.0,1.0
45532,0.0,1.0
45533,0.0,1.0
45546,1.0,0.0
45548,0.0,1.0
45563,0.0,1.0
45571,0.0,1.0
45581,1.0,0.0
45587,0.0,1.0
45591,0.0,1.0
45595,0.0,1.0
45596,1.0,0.0
45611,0.0,1.0
45630,0.0,1.0
45631,0.0,1.0
45632,0.0,1.0
45633,0.0,1.0
45637,0.0,1.0
45640,0.0,1.0
45645,0.0,1.0
45649,1.0,0.0
45650,0.0,1.0
45657,0.0,1.0
45658,0.0,1.0
45661,0.0,1.0
45664,0.0,1.0
45666,1.0,0.0
45669,0.0,1.0
45675,0.0,1.0
45684,0.0,1.0
45698,0.0,1.0
45707,0.0,1.0
45711,0.0,1.0
45730,0.0,1.0
45739,0.0,1.0
45740,1.0,0.0
45742,0.0,1.0
45748,0.0,1.0
45754,1.0,0.0
45764,0.0,1.0
45767,1.0,0.0
45771,1.0,0.0
45780,0.0,1.0
45781,0.0,1.0
45811,0.0,1.0
45814,0.0,1.0
45819,0.0,1.0
45826,0.0,1.0
45833,0.0,1.0
45835,0.0,1.0
45848,1.0,0.0
45852,1.0,0.0
45858,1.0,0.0
45867,0.0,1.0
45887,1.0,0.0
45892,0.0,1.0
45908,0.0,1.0
45909,1.0,0.0
45911,0.0,1.0
45913,0.0,1.0
45919,0.0,1.0
45924,0.0,1.0
45935,0.0,1.0
45941,0.0,1.0
45953,1.0,0.0
45956,0.0,1.0
45973,1.0,0.0
45978,0.0,1.0
45987,0.0,1.0
45990,1.0,0.0
46000,1.0,0.0
46006,1.0,0.0
46008,0.0,1.0
46011,0.0,1.0
46013,0.0,1.0
46019,0.0,1.0
46022,0.0,1.0
46036,0.0,1.0
46037,0.0,1.0
46038,0.0,1.0
46039,0.0,1.0
46040,0.0,1.0
46041,0.0,1.0
46043,0.0,1.0
46045,0.0,1.0
46049,1.0,0.0
46054,0.0,1.0
46055,0.0,1.0
46057,1.0,0.0
46063,0.0,1.0
46064,0.0,1.0
46068,0.0,1.0
46073,0.0,1.0
46075,0.0,1.0
46087,0.0,1.0
46103,0.0,1.0
46109,0.0,1.0
46111,0.0,1.0
46114,0.0,1.0
46121,0.0,1.0
46124,0.0,1.0
46143,0.0,1.0
46144,0.0,1.0
46156,1.0,0.0
46175,0.0,1.0
46177,0.0,1.0
46185,0.0,1.0
46196,0.0,1.0
46201,0.0,1.0
46202,0.0,1.0
46206,0.0,1.0
46226,0.0,1.0
46227,0.0,1.0
46229,0.0,1.0
46232,0.0,1.0
46241,0.0,1.0
46250,0.0,1.0
46251,0.0,1.0
46257,0.0,1.0
46258,0.0,1.0
46261,0.0,1.0
46263,0.0,1.0
46269,0.0,1.0
46286,0.0,1.0
46288,1.0,0.0
46290,1.0,0.0
46293,0.0,1.0
46296,0.0,1.0
46302,0.0,1.0
46304,1.0,0.0
46309,1.0,0.0
46311,0.0,1.0
46314,0.0,1.0
46315,0.0,1.0
46316,0.0,1.0
46325,0.0,1.0
46332,0.0,1.0
46339,1.0,0.0
46349,0.0,1.0
46350,0.0,1.0
46353,0.0,1.0
46358,0.0,1.0
46364,1.0,0.0
46366,1.0,0.0
46367,0.0,1.0
46391,0.0,1.0
46417,0.0,1.0
46428,0.0,1.0
46429,0.0,1.0
46436,0.0,1.0
46450,0.0,1.0
46454,0.0,1.0
46466,0.0,1.0
46477,0.0,1.0
46479,0.0,1.0
46505,0.0,1.0
46509,0.0,1.0
46516,1.0,0.0
46519,1.0,0.0
46531,0.0,1.0
46532,0.0,1.0
46539,0.0,1.0
46557,0.0,1.0
46566,0.0,1.0
46571,0.0,1.0
46589,0.0,1.0
46595,0.0,1.0
46611,1.0,0.0
46616,0.0,1.0
46626,0.0,1.0
46629,0.0,1.0
46642,0.0,1.0
46643,0.0,1.0
46653,0.0,1.0
46656,0.0,1.0
46666,1.0,0.0
46667,0.0,1.0
46676,0.0,1.0
46685,0.0,1.0
46687,0.0,1.0
46694,1.0,0.0
46708,0.0,1.0
46709,0.0,1.0
46712,0.0,1.0
46713,0.0,1.0
46716,0.0,1.0
46722,0.0,1.0
46734,0.0,1.0
46735,1.0,0.0
46742,0.0,1.0
46743,0.0,1.0
46751,0.0,1.0
46752,1.0,0.0
46763,0.0,1.0
46769,0.0,1.0
46773,0.0,1.0
46778,0.0,1.0
46782,0.0,1.0
46815,1.0,0.0
46821,0.0,1.0
46826,0.0,1.0
46829,0.0,1.0
46830,1.0,0.0
46833,0.0,1.0
46834,1.0,0.0
46846,0.0,1.0
46850,0.0,1.0
46854,0.0,1.0
46857,0.0,1.0
46865,0.0,1.0
46867,0.0,1.0
46869,0.0,1.0
46878,0.0,1.0
46879,0.0,1.0
46883,0.0,1.0
46887,0.0,1.0
46888,1.0,0.0
46893,0.0,1.0
46898,0.0,1.0
46906,0.0,1.0
46909,0.0,1.0
46915,0.0,1.0
46917,1.0,0.0
46929,0.0,1.0
46932,0.0,1.0
46933,0.0,1.0
46935,0.0,1.0
46959,0.0,1.0
46965,0.0,1.0
46966,0.0,1.0
46984,0.0,1.0
46995,0.0,1.0
47002,0.0,1.0
47003,0.0,1.0
47007,0.0,1.0
47008,1.0,0.0
47020,1.0,0.0
47025,0.0,1.0
47027,0.0,1.0
47036,0.0,1.0
47057,0.0,1.0
47072,0.0,1.0
47084,1.0,0.0
47091,0.0,1.0
47092,0.0,1.0
47093,0.0,1.0
47094,0.0,1.0
47105,0.0,1.0
47111,0.0,1.0
47116,0.0,1.0
47128,0.0,1.0
47159,0.0,1.0
47165,0.0,1.0
47170,0.0,1.0
47171,0.0,1.0
47183,0.0,1.0
47186,0.0,1.0
47187,0.0,1.0
47192,0.0,1.0
47197,0.0,1.0
47206,0.0,1.0
47233,0.0,1.0
47237,0.0,1.0
47238,0.0,1.0
47240,0.0,1.0
47242,0.0,1.0
47243,0.0,1.0
47250,0.0,1.0
47257,0.0,1.0
47264,0.0,1.0
47266,0.0,1.0
47269,0.0,1.0
47271,1.0,0.0
47279,0.0,1.0
47301,0.0,1.0
47305,1.0,0.0
47308,1.0,0.0
47312,0.0,1.0
47313,0.0,1.0
47321,0.0,1.0
47322,0.0,1.0
47326,1.0,0.0
47330,0.0,1.0
47335,0.0,1.0
47340,0.0,1.0
47343,0.0,1.0
47345,0.0,1.0
47355,0.0,1.0
47366,0.0,1.0
47367,0.0,1.0
47376,1.0,0.0
47391,0.0,1.0
47399,0.0,1.0
47402,1.0,0.0
47403,0.0,1.0
47408,0.0,1.0
47413,0.0,1.0
47420,0.0,1.0
47422,0.0,1.0
47423,0.0,1.0
47435,1.0,0.0
47439,0.0,1.0
47457,0.0,1.0
47461,0.0,1.0
47465,0.0,1.0
47466,0.0,1.0
47480,0.0,1.0
47486,0.0,1.0
47490,0.0,1.0
47494,0.0,1.0
47496,0.0,1.0
47499,0.0,1.0
47505,0.0,1.0
47506,0.0,1.0
47508,1.0,0.0
47511,0.0,1.0
47514,0.0,1.0
47516,0.0,1.0
47562,0.0,1.0
47578,0.0,1.0
47586,0.0,1.0
47591,0.0,1.0
47592,0.0,1.0
47617,0.0,1.0
47635,0.0,1.0
47637,0.0,1.0
47646,1.0,0.0
47650,0.0,1.0
47651,0.0,1.0
47661,0.0,1.0
47674,1.0,0.0
47680,0.0,1.0
47686,0.0,1.0
47691,0.0,1.0
47697,0.0,1.0
47701,0.0,1.0
47705,0.0,1.0
47707,0.0,1.0
47711,0.0,1.0
47712,0.0,1.0
47714,0.0,1.0
47719,0.0,1.0
47722,0.0,1.0
47740,0.0,1.0
47748,0.0,1.0
47752,0.0,1.0
47764,1.0,0.0
47781,0.0,1.0
47789,0.0,1.0
47790,1.0,0.0
47794,0.0,1.0
47797,0.0,1.0
47808,0.0,1.0
47812,0.0,1.0
47822,0.0,1.0
47835,0.0,1.0
47840,0.0,1.0
47846,0.0,1.0
47850,0.0,1.0
47854,0.0,1.0
47856,0.0,1.0
47858,0.0,1.0
47859,0.0,1.0
47869,0.0,1.0
47872,1.0,0.0
47883,0.0,1.0
47891,0.0,1.0
47896,0.0,1.0
47899,0.0,1.0
47901,0.0,1.0
47905,0.0,1.0
47915,0.0,1.0
47945,1.0,0.0
47946,1.0,0.0
47948,0.0,1.0
47951,0.0,1.0
47953,0.0,1.0
47960,1.0,0.0
47965,1.0,0.0
47966,0.0,1.0
47979,0.0,1.0
47992,0.0,1.0
47994,0.0,1.0
48011,0.0,1.0
48031,0.0,1.0
48033,0.0,1.0
48039,0.0,1.0
48040,0.0,1.0
48044,0.0,1.0
48052,0.0,1.0
48056,0.0,1.0
48058,0.0,1.0
48064,1.0,0.0
48070,0.0,1.0
48072,0.0,1.0
48084,1.0,0.0
48085,0.0,1.0
48088,0.0,1.0
48094,0.0,1.0
48097,1.0,0.0
48108,0.0,1.0
48116,0.0,1.0
48120,1.0,0.0
48125,1.0,0.0
48134,0.0,1.0
48135,0.0,1.0
48141,0.0,1.0
48143,0.0,1.0
48144,0.0,1.0
48151,0.0,1.0
48156,0.0,1.0
48166,0.0,1.0
48167,0.0,1.0
48169,0.0,1.0
48175,0.0,1.0
48185,0.0,1.0
48191,0.0,1.0
48197,0.0,1.0
48199,0.0,1.0
48210,0.0,1.0
48213,0.0,1.0
48226,0.0,1.0
48232,1.0,0.0
48234,0.0,1.0
48235,1.0,0.0
48240,0.0,1.0
48245,0.0,1.0
48247,0.0,1.0
48248,0.0,1.0
48269,0.0,1.0
48271,0.0,1.0
48272,0.0,1.0
48291,0.0,1.0
48307,1.0,0.0
48316,0.0,1.0
48318,0.0,1.0
48322,1.0,0.0
48328,0.0,1.0
48334,0.0,1.0
48336,0.0,1.0
48342,0.0,1.0
48344,1.0,0.0
48349,0.0,1.0
48353,0.0,1.0
48354,0.0,1.0
48355,0.0,1.0
48357,0.0,1.0
48362,0.0,1.0
48366,1.0,0.0
48367,0.0,1.0
48372,0.0,1.0
48379,0.0,1.0
48387,0.0,1.0
48388,0.0,1.0
48395,0.0,1.0
48402,0.0,1.0
48407,0.0,1.0
48412,0.0,1.0
48414,0.0,1.0
48415,1.0,0.0
48438,0.0,1.0
48439,0.0,1.0
48440,0.0,1.0
48442,0.0,1.0
48444,0.0,1.0
48446,0.0,1.0
48447,0.0,1.0
48448,0.0,1.0
48449,0.0,1.0
48454,0.0,1.0
48459,0.0,1.0
48464,0.0,1.0
48466,0.0,1.0
48470,0.0,1.0
48475,0.0,1.0
48479,0.0,1.0
48480,0.0,1.0
48491,0.0,1.0
48493,1.0,0.0
48498,0.0,1.0
48499,1.0,0.0
48501,0.0,1.0
48519,0.0,1.0
48525,0.0,1.0
48526,0.0,1.0
48529,0.0,1.0
48530,0.0,1.0
48550,1.0,0.0
48557,0.0,1.0
48561,0.0,1.0
48574,0.0,1.0
48580,0.0,1.0
48586,0.0,1.0
48597,0.0,1.0
48601,0.0,1.0
48613,0.0,1.0
48614,1.0,0.0
48616,1.0,0.0
48626,0.0,1.0
48629,0.0,1.0
48642,0.0,1.0
48643,0.0,1.0
48644,0.0,1.0
48651,0.0,1.0
48663,0.0,1.0
48664,0.0,1.0
48674,0.0,1.0
48687,0.0,1.0
48691,0.0,1.0
48700,0.0,1.0
48717,0.0,1.0
48720,0.0,1.0
48735,0.0,1.0
48743,0.0,1.0
48764,1.0,0.0
48774,0.0,1.0
48776,0.0,1.0
48778,1.0,0.0
48779,0.0,1.0
48784,1.0,0.0
48787,0.0,1.0
48789,0.0,1.0
48790,0.0,1.0
48791,0.0,1.0
48803,0.0,1.0
48806,0.0,1.0
48807,0.0,1.0
48822,0.0,1.0
48828,0.0,1.0
48834,1.0,0.0
48839,0.0,1.0
48852,0.0,1.0
48861,0.0,1.0
48872,0.0,1.0
48889,0.0,1.0
48890,1.0,0.0
48902,0.0,1.0
48908,0.0,1.0
48926,0.0,1.0
48928,0.0,1.0
48932,0.0,1.0
48940,0.0,1.0
48945,0.0,1.0
48959,0.0,1.0
48965,0.0,1.0
48968,0.0,1.0
48972,0.0,1.0
48974,0.0,1.0
48976,0.0,1.0
48983,0.0,1.0
48992,0.0,1.0
48993,0.0,1.0
48994,0.0,1.0
48998,1.0,0.0
49002,0.0,1.0
49007,0.0,1.0
49009,0.0,1.0
49015,0.0,1.0
49016,0.0,1.0
49017,0.0,1.0
49018,0.0,1.0
49019,0.0,1.0
49024,0.0,1.0
49030,0.0,1.0
49035,0.0,1.0
49056,1.0,0.0
49058,0.0,1.0
49079,0.0,1.0
49082,0.0,1.0
49093,0.0,1.0
49097,0.0,1.0
49100,0.0,1.0
49103,0.0,1.0
49111,0.0,1.0
49112,0.0,1.0
49118,0.0,1.0
49136,0.0,1.0
49141,1.0,0.0
49175,0.0,1.0
49177,1.0,0.0
49180,0.0,1.0
49183,0.0,1.0
49190,0.0,1.0
49204,1.0,0.0
49206,0.0,1.0
49207,0.0,1.0
49208,0.0,1.0
49210,1.0,0.0
49226,0.0,1.0
49238,0.0,1.0
49263,0.0,1.0
49266,0.0,1.0
49271,0.0,1.0
49274,0.0,1.0
49285,0.0,1.0
49293,0.0,1.0
49297,0.0,1.0
49307,0.0,1.0
49309,0.0,1.0
49310,0.0,1.0
49325,0.0,1.0
49326,0.0,1.0
49327,0.0,1.0
49328,0.0,1.0
49335,0.0,1.0
49344,0.0,1.0
49355,0.0,1.0
49360,0.0,1.0
49365,0.0,1.0
49367,0.0,1.0
49373,0.0,1.0
49377,0.0,1.0
49379,1.0,0.0
49383,1.0,0.0
49390,0.0,1.0
49398,0.0,1.0
49405,0.0,1.0
49419,0.0,1.0
49432,0.0,1.0
49441,0.0,1.0
49443,0.0,1.0
49447,0.0,1.0
49449,1.0,0.0
49456,0.0,1.0
49457,0.0,1.0
49465,0.0,1.0
49481,0.0,1.0
49485,0.0,1.0
49493,0.0,1.0
49505,0.0,1.0
49506,0.0,1.0
49528,0.0,1.0
49529,0.0,1.0
49530,0.0,1.0
49531,0.0,1.0
49537,0.0,1.0
49540,0.0,1.0
49547,0.0,1.0
49554,0.0,1.0
49555,0.0,1.0
49559,0.0,1.0
49574,0.0,1.0
49583,1.0,0.0
49591,0.0,1.0
49594,0.0,1.0
49601,0.0,1.0
49603,0.0,1.0
49614,0.0,1.0
49635,0.0,1.0
49636,0.0,1.0
49639,0.0,1.0
49640,0.0,1.0
49644,1.0,0.0
49651,0.0,1.0
49652,0.0,1.0
49655,0.0,1.0
49660,1.0,0.0
49661,0.0,1.0
49662,0.0,1.0
49663,0.0,1.0
49669,0.0,1.0
49670,0.0,1.0
49671,0.0,1.0
49672,0.0,1.0
49675,0.0,1.0
49696,1.0,0.0
49699,1.0,0.0
49705,0.0,1.0
49710,0.0,1.0
49714,0.0,1.0
49716,0.0,1.0
49727,0.0,1.0
49731,0.0,1.0
49735,0.0,1.0
49740,1.0,0.0
49742,0.0,1.0
49760,1.0,0.0
49768,0.0,1.0
49771,0.0,1.0
49779,1.0,0.0
49780,0.0,1.0
49792,1.0,0.0
49800,0.0,1.0
49809,0.0,1.0
49812,1.0,0.0
49821,1.0,0.0
49848,0.0,1.0
49858,0.0,1.0
49868,1.0,0.0
49871,0.0,1.0
49874,0.0,1.0
49886,0.0,1.0
49891,1.0,0.0
49904,0.0,1.0
49916,0.0,1.0
49917,0.0,1.0
49921,0.0,1.0
49922,0.0,1.0
49924,0.0,1.0
49925,0.0,1.0
49929,0.0,1.0
49944,0.0,1.0
49950,0.0,1.0
49953,0.0,1.0
49956,0.0,1.0
49963,0.0,1.0
49966,1.0,0.0
49967,0.0,1.0
49971,1.0,0.0
49987,0.0,1.0
49995,0.0,1.0
49996,0.0,1.0
50004,1.0,0.0
50007,0.0,1.0
50011,1.0,0.0
50012,0.0,1.0
50020,1.0,0.0
50021,0.0,1.0
50022,1.0,0.0
50052,0.0,1.0
50070,1.0,0.0
50072,0.0,1.0
50086,0.0,1.0
50090,0.0,1.0
50092,0.0,1.0
50093,0.0,1.0
50094,0.0,1.0
50098,0.0,1.0
50100,0.0,1.0
50117,0.0,1.0
50122,0.0,1.0
50124,0.0,1.0
50128,0.0,1.0
50134,0.0,1.0
50139,0.0,1.0
50142,0.0,1.0
50143,0.0,1.0
50147,0.0,1.0
50153,0.0,1.0
50160,0.0,1.0
50175,0.0,1.0
50176,1.0,0.0
50177,0.0,1.0
50179,0.0,1.0
50185,0.0,1.0
50187,0.0,1.0
50191,0.0,1.0
50193,0.0,1.0
50199,0.0,1.0
50206,1.0,0.0
50208,0.0,1.0
50209,0.0,1.0
50213,0.0,1.0
50219,0.0,1.0
50220,1.0,0.0
50227,0.0,1.0
50237,0.0,1.0
50239,0.0,1.0
50255,0.0,1.0
50256,1.0,0.0
50261,0.0,1.0
50283,0.0,1.0
50295,1.0,0.0
50312,0.0,1.0
50317,1.0,0.0
50322,0.0,1.0
50323,0.0,1.0
50325,0.0,1.0
50345,0.0,1.0
50349,0.0,1.0
50363,0.0,1.0
50364,0.0,1.0
50367,0.0,1.0
50370,1.0,0.0
50371,0.0,1.0
50373,0.0,1.0
50401,0.0,1.0
50409,0.0,1.0
50411,0.0,1.0
50415,0.0,1.0
50423,0.0,1.0
50425,0.0,1.0
50428,0.0,1.0
50429,0.0,1.0
50436,0.0,1.0
50448,0.0,1.0
50464,0.0,1.0
50487,0.0,1.0
50490,1.0,0.0
50491,0.0,1.0
50492,0.0,1.0
50493,0.0,1.0
50510,0.0,1.0
50515,0.0,1.0
50523,0.0,1.0
50526,1.0,0.0
50533,0.0,1.0
50534,1.0,0.0
50538,0.0,1.0
50550,1.0,0.0
50562,0.0,1.0
50569,0.0,1.0
50584,0.0,1.0
50585,0.0,1.0
50592,1.0,0.0
50601,0.0,1.0
50603,1.0,0.0
50623,0.0,1.0
50625,0.0,1.0
50626,0.0,1.0
50638,0.0,1.0
50640,0.0,1.0
50649,0.0,1.0
50660,0.0,1.0
50670,0.0,1.0
50671,0.0,1.0
50672,0.0,1.0
50673,0.0,1.0
50674,0.0,1.0
50678,0.0,1.0
50680,0.0,1.0
50687,0.0,1.0
50688,0.0,1.0
50689,0.0,1.0
50692,0.0,1.0
50712,0.0,1.0
50714,0.0,1.0
50718,0.0,1.0
50732,0.0,1.0
50733,1.0,0.0
50747,0.0,1.0
50749,0.0,1.0
50760,0.0,1.0
50776,0.0,1.0
50783,0.0,1.0
50787,0.0,1.0
50788,0.0,1.0
50804,0.0,1.0
50831,0.0,1.0
50832,0.0,1.0
50838,0.0,1.0
50840,0.0,1.0
50841,1.0,0.0
50845,1.0,0.0
50846,0.0,1.0
50848,1.0,0.0
50857,0.0,1.0
50858,0.0,1.0
50863,1.0,0.0
50868,0.0,1.0
50870,0.0,1.0
50886,1.0,0.0
50900,0.0,1.0
50901,0.0,1.0
50907,0.0,1.0
50929,0.0,1.0
50936,0.0,1.0
50939,0.0,1.0
50940,0.0,1.0
50946,0.0,1.0
50947,0.0,1.0
50949,1.0,0.0
50956,0.0,1.0
50958,0.0,1.0
50964,0.0,1.0
50966,0.0,1.0
50967,0.0,1.0
50970,0.0,1.0
50982,0.0,1.0
50991,0.0,1.0
50993,0.0,1.0
51002,0.0,1.0
51003,0.0,1.0
51020,0.0,1.0
51024,0.0,1.0
51025,0.0,1.0
51026,0.0,1.0
51029,0.0,1.0
51036,0.0,1.0
51059,1.0,0.0
51068,0.0,1.0
51069,0.0,1.0
51073,0.0,1.0
51075,0.0,1.0
51085,0.0,1.0
51086,0.0,1.0
51098,0.0,1.0
51110,0.0,1.0
51122,0.0,1.0
51126,0.0,1.0
51129,0.0,1.0
51133,0.0,1.0
51143,0.0,1.0
51148,0.0,1.0
51153,0.0,1.0
51169,0.0,1.0
51176,0.0,1.0
51190,0.0,1.0
51192,0.0,1.0
51194,0.0,1.0
51196,1.0,0.0
51199,0.0,1.0
51202,0.0,1.0
51222,0.0,1.0
51223,0.0,1.0
51225,0.0,1.0
51233,1.0,0.0
51241,0.0,1.0
51244,0.0,1.0
51255,0.0,1.0
51258,0.0,1.0
51271,0.0,1.0
51274,0.0,1.0
51275,1.0,0.0
51277,0.0,1.0
51280,0.0,1.0
51281,0.0,1.0
51287,0.0,1.0
51289,1.0,0.0
51293,1.0,0.0
51301,0.0,1.0
51311,0.0,1.0
51317,0.0,1.0
51319,0.0,1.0
51321,0.0,1.0
51326,0.0,1.0
51327,0.0,1.0
51340,0.0,1.0
51341,0.0,1.0
51367,0.0,1.0
51371,0.0,1.0
51373,0.0,1.0
51374,1.0,0.0
51382,0.0,1.0
51386,0.0,1.0
51387,0.0,1.0
51390,0.0,1.0
51392,1.0,0.0
51396,0.0,1.0
51399,0.0,1.0
51403,0.0,1.0
51407,0.0,1.0
51408,0.0,1.0
51414,0.0,1.0
51417,0.0,1.0
51418,0.0,1.0
51426,1.0,0.0
51430,0.0,1.0
51431,0.0,1.0
51438,0.0,1.0
51445,0.0,1.0
51455,0.0,1.0
51457,0.0,1.0
51460,0.0,1.0
51462,1.0,0.0
51469,0.0,1.0
51473,1.0,0.0
51475,0.0,1.0
51480,0.0,1.0
51482,0.0,1.0
51500,0.0,1.0
51504,0.0,1.0
51520,0.0,1.0
51534,1.0,0.0
51540,0.0,1.0
51542,0.0,1.0
51545,0.0,1.0
51548,0.0,1.0
51549,1.0,0.0
51555,0.0,1.0
51557,0.0,1.0
51565,0.0,1.0
51567,0.0,1.0
51572,0.0,1.0
51574,0.0,1.0
51594,0.0,1.0
51601,1.0,0.0
51605,0.0,1.0
51608,0.0,1.0
51609,0.0,1.0
51615,0.0,1.0
51616,0.0,1.0
51617,0.0,1.0
51622,0.0,1.0
51623,0.0,1.0
51636,0.0,1.0
51637,0.0,1.0
51639,1.0,0.0
51646,1.0,0.0
51647,1.0,0.0
51652,0.0,1.0
51653,1.0,0.0
51662,0.0,1.0
51674,0.0,1.0
51682,0.0,1.0
51688,1.0,0.0
51696,0.0,1.0
51699,0.0,1.0
51701,0.0,1.0
51708,0.0,1.0
51710,0.0,1.0
51720,0.0,1.0
51723,1.0,0.0
51733,0.0,1.0
51735,0.0,1.0
51738,0.0,1.0
51739,0.0,1.0
51745,0.0,1.0
51746,0.0,1.0
51751,0.0,1.0
51755,0.0,1.0
51759,1.0,0.0
51772,0.0,1.0
51779,0.0,1.0
51781,0.0,1.0
51783,0.0,1.0
51791,0.0,1.0
51792,0.0,1.0
51797,0.0,1.0
51798,0.0,1.0
51804,0.0,1.0
51808,0.0,1.0
51817,0.0,1.0
51823,0.0,1.0
51824,0.0,1.0
51832,0.0,1.0
51833,0.0,1.0
51843,0.0,1.0
51855,0.0,1.0
51861,1.0,0.0
51863,0.0,1.0
51866,0.0,1.0
51882,0.0,1.0
51891,0.0,1.0
51897,0.0,1.0
51900,0.0,1.0
51902,1.0,0.0
51905,0.0,1.0
51911,0.0,1.0
51916,0.0,1.0
51929,0.0,1.0
51966,0.0,1.0
51969,0.0,1.0
51970,0.0,1.0
51979,0.0,1.0
51980,0.0,1.0
51987,0.0,1.0
51988,0.0,1.0
51991,0.0,1.0
51997,0.0,1.0
52008,0.0,1.0
52015,0.0,1.0
52021,0.0,1.0
52029,0.0,1.0
52039,0.0,1.0
52040,0.0,1.0
52045,0.0,1.0
52052,0.0,1.0
52060,0.0,1.0
52068,0.0,1.0
52076,0.0,1.0
52081,0.0,1.0
52093,1.0,0.0
52095,0.0,1.0
52096,0.0,1.0
52097,0.0,1.0
52106,0.0,1.0
52107,0.0,1.0
52116,0.0,1.0
52118,0.0,1.0
52126,0.0,1.0
52128,0.0,1.0
52133,0.0,1.0
52140,1.0,0.0
52151,0.0,1.0
52154,1.0,0.0
52155,0.0,1.0
52164,0.0,1.0
52167,0.0,1.0
52171,0.0,1.0
52179,1.0,0.0
52198,0.0,1.0
52207,0.0,1.0
52214,0.0,1.0
52216,1.0,0.0
52217,0.0,1.0
52220,0.0,1.0
52222,1.0,0.0
52224,0.0,1.0
52226,0.0,1.0
52229,0.0,1.0
52236,0.0,1.0
52244,0.0,1.0
52246,0.0,1.0
52255,1.0,0.0
52268,1.0,0.0
52284,0.0,1.0
52286,0.0,1.0
52289,0.0,1.0
52292,1.0,0.0
52302,0.0,1.0
52304,0.0,1.0
52305,0.0,1.0
52309,0.0,1.0
52310,0.0,1.0
52322,0.0,1.0
52330,0.0,1.0
52332,0.0,1.0
52335,0.0,1.0
52336,0.0,1.0
52348,1.0,0.0
52356,0.0,1.0
52367,0.0,1.0
52380,0.0,1.0
52381,0.0,1.0
52388,0.0,1.0
52393,0.0,1.0
52394,0.0,1.0
52396,0.0,1.0
52400,0.0,1.0
52405,0.0,1.0
52413,0.0,1.0
52426,0.0,1.0
52428,0.0,1.0
52433,0.0,1.0
52437,0.0,1.0
52444,1.0,0.0
52459,0.0,1.0
52483,0.0,1.0
52494,0.0,1.0
52504,0.0,1.0
52505,0.0,1.0
52506,0.0,1.0
52507,0.0,1.0
52508,0.0,1.0
52529,0.0,1.0
52531,0.0,1.0
52540,0.0,1.0
52558,0.0,1.0
52560,0.0,1.0
52566,0.0,1.0
52577,0.0,1.0
52584,0.0,1.0
52593,1.0,0.0
52597,0.0,1.0
52601,0.0,1.0
52609,0.0,1.0
52614,0.0,1.0
52618,0.0,1.0
52622,0.0,1.0
52626,0.0,1.0
52628,0.0,1.0
52643,0.0,1.0
52650,1.0,0.0
52651,0.0,1.0
52661,0.0,1.0
52686,0.0,1.0
52687,0.0,1.0
52693,1.0,0.0
52704,1.0,0.0
52724,0.0,1.0
52729,0.0,1.0
52735,0.0,1.0
52746,1.0,0.0
52767,0.0,1.0
52773,0.0,1.0
52786,0.0,1.0
52788,1.0,0.0
52789,0.0,1.0
52792,0.0,1.0
52796,1.0,0.0
52800,0.0,1.0
52801,0.0,1.0
52808,0.0,1.0
52809,0.0,1.0
52823,0.0,1.0
52826,0.0,1.0
52833,0.0,1.0
52846,0.0,1.0
52866,0.0,1.0
52869,0.0,1.0
52874,0.0,1.0
52882,0.0,1.0
52896,0.0,1.0
52897,0.0,1.0
52898,0.0,1.0
52922,0.0,1.0
52923,0.0,1.0
52927,0.0,1.0
52930,1.0,0.0
52946,0.0,1.0
52966,0.0,1.0
52977,0.0,1.0
52978,1.0,0.0
52980,0.0,1.0
52985,0.0,1.0
52987,0.0,1.0
52988,0.0,1.0
52995,0.0,1.0
52999,0.0,1.0
53023,0.0,1.0
53037,1.0,0.0
53040,0.0,1.0
53043,0.0,1.0
53053,0.0,1.0
53058,1.0,0.0
53060,0.0,1.0
53066,0.0,1.0
53067,0.0,1.0
53068,0.0,1.0
53079,1.0,0.0
53080,0.0,1.0
53084,0.0,1.0
53097,0.0,1.0
53098,0.0,1.0
53102,0.0,1.0
53111,0.0,1.0
53112,0.0,1.0
53114,0.0,1.0
53115,0.0,1.0
53122,0.0,1.0
53127,0.0,1.0
53135,0.0,1.0
53136,0.0,1.0
53142,0.0,1.0
53152,0.0,1.0
53159,0.0,1.0
53162,0.0,1.0
53188,0.0,1.0
53198,0.0,1.0
53205,0.0,1.0
53206,0.0,1.0
53208,0.0,1.0
53211,0.0,1.0
53212,0.0,1.0
53218,0.0,1.0
53220,0.0,1.0
53221,0.0,1.0
53226,0.0,1.0
53244,0.0,1.0
53245,0.0,1.0
53247,0.0,1.0
53251,0.0,1.0
53259,0.0,1.0
53263,1.0,0.0
53266,0.0,1.0
53275,0.0,1.0
53277,0.0,1.0
53285,0.0,1.0
53286,0.0,1.0
53294,1.0,0.0
53295,0.0,1.0
53308,0.0,1.0
53311,1.0,0.0
53316,1.0,0.0
53319,0.0,1.0
53320,0.0,1.0
53323,0.0,1.0
53328,0.0,1.0
53329,0.0,1.0
53332,0.0,1.0
53334,0.0,1.0
53341,0.0,1.0
53348,0.0,1.0
53366,0.0,1.0
53367,0.0,1.0
53371,0.0,1.0
53376,0.0,1.0
53378,0.0,1.0
53384,0.0,1.0
53413,0.0,1.0
53428,0.0,1.0
53439,0.0,1.0
53448,0.0,1.0
53453,0.0,1.0
53465,0.0,1.0
53466,0.0,1.0
53476,0.0,1.0
53478,0.0,1.0
53492,0.0,1.0
53493,0.0,1.0
53500,1.0,0.0
53504,0.0,1.0
53505,1.0,0.0
53509,0.0,1.0
53510,1.0,0.0
53519,0.0,1.0
53520,0.0,1.0
53523,0.0,1.0
53527,0.0,1.0
53531,0.0,1.0
53533,0.0,1.0
53535,0.0,1.0
53538,0.0,1.0
53539,0.0,1.0
53540,0.0,1.0
53542,0.0,1.0
53555,0.0,1.0
53558,0.0,1.0
53577,0.0,1.0
53581,1.0,0.0
53582,0.0,1.0
53599,0.0,1.0
53607,0.0,1.0
53612,0.0,1.0
53620,0.0,1.0
53624,0.0,1.0
53629,0.0,1.0
53630,0.0,1.0
53631,0.0,1.0
53639,0.0,1.0
53650,0.0,1.0
53658,0.0,1.0
53667,0.0,1.0
53671,0.0,1.0
53675,0.0,1.0
53679,0.0,1.0
53681,0.0,1.0
53689,1.0,0.0
53692,0.0,1.0
53697,0.0,1.0
53699,0.0,1.0
53707,0.0,1.0
53709,1.0,0.0
53732,0.0,1.0
53740,0.0,1.0
53745,0.0,1.0
53746,0.0,1.0
53752,1.0,0.0
53769,0.0,1.0
53775,0.0,1.0
53780,0.0,1.0
53781,0.0,1.0
53785,0.0,1.0
53812,0.0,1.0
53813,0.0,1.0
53823,0.0,1.0
53830,0.0,1.0
53837,0.0,1.0
53847,0.0,1.0
53850,0.0,1.0
53859,0.0,1.0
53868,0.0,1.0
53873,1.0,0.0
53874,0.0,1.0
53876,0.0,1.0
53879,0.0,1.0
53881,0.0,1.0
53885,0.0,1.0
53886,0.0,1.0
53889,1.0,0.0
53898,0.0,1.0
53900,0.0,1.0
53905,0.0,1.0
53945,1.0,0.0
53961,0.0,1.0
53962,0.0,1.0
53966,0.0,1.0
53982,0.0,1.0
53986,1.0,0.0
53997,0.0,1.0
53998,0.0,1.0
54025,0.0,1.0
54040,1.0,0.0
54041,0.0,1.0
54044,0.0,1.0
54059,0.0,1.0
54060,0.0,1.0
54072,0.0,1.0
54075,0.0,1.0
54079,0.0,1.0
54084,1.0,0.0
54088,0.0,1.0
54094,1.0,0.0
54098,0.0,1.0
54107,0.0,1.0
54116,0.0,1.0
54117,1.0,0.0
54122,0.0,1.0
54129,0.0,1.0
54137,0.0,1.0
54139,0.0,1.0
54146,0.0,1.0
54147,0.0,1.0
54152,0.0,1.0
54154,0.0,1.0
54159,0.0,1.0
54161,0.0,1.0
54168,0.0,1.0
54180,0.0,1.0
54190,0.0,1.0
54193,1.0,0.0
54195,1.0,0.0
54197,0.0,1.0
54205,0.0,1.0
54209,0.0,1.0
54211,0.0,1.0
54214,1.0,0.0
54215,0.0,1.0
54224,0.0,1.0
54231,0.0,1.0
54232,0.0,1.0
54249,0.0,1.0
54261,0.0,1.0
54269,0.0,1.0
54272,0.0,1.0
54280,1.0,0.0
54282,0.0,1.0
54284,0.0,1.0
54292,0.0,1.0
54296,0.0,1.0
54297,0.0,1.0
54301,0.0,1.0
54324,0.0,1.0
54328,0.0,1.0
54334,0.0,1.0
54340,0.0,1.0
54343,1.0,0.0
54345,0.0,1.0
54351,1.0,0.0
54352,0.0,1.0
54357,0.0,1.0
54360,0.0,1.0
54363,1.0,0.0
54365,0.0,1.0
54368,0.0,1.0
54371,0.0,1.0
54393,0.0,1.0
54401,0.0,1.0
54410,0.0,1.0
54412,0.0,1.0
54413,0.0,1.0
54416,1.0,0.0
54419,0.0,1.0
54422,0.0,1.0
54424,0.0,1.0
54436,0.0,1.0
54452,0.0,1.0
54458,0.0,1.0
54466,1.0,0.0
54471,0.0,1.0
54479,1.0,0.0
54498,0.0,1.0
54500,0.0,1.0
54504,1.0,0.0
54506,0.0,1.0
54507,1.0,0.0
54512,0.0,1.0
54522,0.0,1.0
54526,0.0,1.0
54541,0.0,1.0
54551,0.0,1.0
54560,0.0,1.0
54561,0.0,1.0
54564,0.0,1.0
54566,0.0,1.0
54572,0.0,1.0
54577,0.0,1.0
54579,0.0,1.0
54582,0.0,1.0
54595,0.0,1.0
54596,0.0,1.0
54600,0.0,1.0
54604,0.0,1.0
54614,1.0,0.0
54615,0.0,1.0
54616,0.0,1.0
54620,0.0,1.0
54623,0.0,1.0
54624,0.0,1.0
54630,0.0,1.0
54635,0.0,1.0
54641,1.0,0.0
54673,0.0,1.0
54674,0.0,1.0
54698,0.0,1.0
54702,0.0,1.0
54703,0.0,1.0
54723,0.0,1.0
54728,1.0,0.0
54737,0.0,1.0
54740,0.0,1.0
54745,1.0,0.0
54747,0.0,1.0
54748,0.0,1.0
54750,0.0,1.0
54752,0.0,1.0
54753,0.0,1.0
54756,1.0,0.0
54764,0.0,1.0
54770,0.0,1.0
54786,0.0,1.0
54792,0.0,1.0
54796,0.0,1.0
54801,0.0,1.0
54805,0.0,1.0
54822,0.0,1.0
54825,0.0,1.0
54827,0.0,1.0
54829,1.0,0.0
54843,0.0,1.0
54845,1.0,0.0
54850,0.0,1.0
54851,0.0,1.0
54862,0.0,1.0
54871,0.0,1.0
54872,0.0,1.0
54880,0.0,1.0
54904,0.0,1.0
54908,1.0,0.0
54912,0.0,1.0
54914,0.0,1.0
54916,0.0,1.0
54918,0.0,1.0
54925,0.0,1.0
54940,0.0,1.0
54953,1.0,0.0
54954,0.0,1.0
54961,0.0,1.0
54964,1.0,0.0
54965,0.0,1.0
54966,0.0,1.0
54968,0.0,1.0
54971,1.0,0.0
54972,0.0,1.0
54973,1.0,0.0
54985,0.0,1.0
54986,0.0,1.0
55010,0.0,1.0
55012,0.0,1.0
55013,0.0,1.0
55014,0.0,1.0
55016,0.0,1.0
55018,0.0,1.0
55026,0.0,1.0
55032,0.0,1.0
55038,1.0,0.0
55039,0.0,1.0
55044,0.0,1.0
55060,0.0,1.0
55066,0.0,1.0
55076,1.0,0.0
55077,0.0,1.0
55084,1.0,0.0
55090,0.0,1.0
55092,0.0,1.0
55110,0.0,1.0
55114,0.0,1.0
55117,0.0,1.0
55119,0.0,1.0
55122,0.0,1.0
55126,1.0,0.0
55132,0.0,1.0
55135,0.0,1.0
55137,1.0,0.0
55146,0.0,1.0
55151,0.0,1.0
55168,0.0,1.0
55171,0.0,1.0
55177,0.0,1.0
55191,0.0,1.0
55196,1.0,0.0
55199,0.0,1.0
55201,0.0,1.0
55206,0.0,1.0
55212,0.0,1.0
55219,0.0,1.0
55222,1.0,0.0
55238,0.0,1.0
55242,0.0,1.0
55243,1.0,0.0
55246,0.0,1.0
55250,0.0,1.0
55261,0.0,1.0
55264,0.0,1.0
55268,0.0,1.0
55277,1.0,0.0
55295,0.0,1.0
55300,0.0,1.0
55322,0.0,1.0
55323,0.0,1.0
55329,0.0,1.0
55335,1.0,0.0
55339,0.0,1.0
55340,1.0,0.0
55342,0.0,1.0
55348,0.0,1.0
55351,0.0,1.0
55356,0.0,1.0
55359,0.0,1.0
55376,0.0,1.0
55378,0.0,1.0
55383,0.0,1.0
55388,1.0,0.0
55390,0.0,1.0
55398,0.0,1.0
55403,1.0,0.0
55410,0.0,1.0
55413,0.0,1.0
55414,1.0,0.0
55420,1.0,0.0
55426,0.0,1.0
55430,0.0,1.0
55435,0.0,1.0
55441,1.0,0.0
55450,0.0,1.0
55453,1.0,0.0
55466,1.0,0.0
55467,0.0,1.0
55472,0.0,1.0
55473,0.0,1.0
55475,0.0,1.0
55479,0.0,1.0
55485,0.0,1.0
55486,0.0,1.0
55491,0.0,1.0
55494,0.0,1.0
55502,0.0,1.0
55510,0.0,1.0
55515,0.0,1.0
55526,0.0,1.0
55542,1.0,0.0
55547,1.0,0.0
55549,0.0,1.0
55559,0.0,1.0
55572,0.0,1.0
55578,0.0,1.0
55584,0.0,1.0
55598,1.0,0.0
55599,0.0,1.0
55608,0.0,1.0
55619,0.0,1.0
55630,0.0,1.0
55631,0.0,1.0
55642,0.0,1.0
55644,0.0,1.0
55649,1.0,0.0
55650,0.0,1.0
55656,0.0,1.0
55671,0.0,1.0
55672,0.0,1.0
55690,0.0,1.0
55691,0.0,1.0
55692,0.0,1.0
55696,0.0,1.0
55706,0.0,1.0
55708,0.0,1.0
55711,0.0,1.0
55719,1.0,0.0
55721,0.0,1.0
55722,0.0,1.0
55724,0.0,1.0
55728,0.0,1.0
55744,1.0,0.0
55756,0.0,1.0
55759,0.0,1.0
55781,0.0,1.0
55804,0.0,1.0
55810,0.0,1.0
55811,0.0,1.0
55814,0.0,1.0
55843,0.0,1.0
55861,0.0,1.0
55862,1.0,0.0
55865,0.0,1.0
55873,0.0,1.0
55894,0.0,1.0
55896,0.0,1.0
55897,0.0,1.0
55899,0.0,1.0
55903,0.0,1.0
55907,0.0,1.0
55922,0.0,1.0
55929,1.0,0.0
55932,0.0,1.0
55941,0.0,1.0
55974,0.0,1.0
55976,1.0,0.0
55993,0.0,1.0
56006,0.0,1.0
56010,0.0,1.0
56015,0.0,1.0
56017,0.0,1.0
56019,0.0,1.0
56038,0.0,1.0
56051,0.0,1.0
56053,0.0,1.0
56056,0.0,1.0
56059,0.0,1.0
56065,0.0,1.0
56076,0.0,1.0
56078,0.0,1.0
56083,0.0,1.0
56097,0.0,1.0
56099,0.0,1.0
56100,1.0,0.0
56106,0.0,1.0
56137,0.0,1.0
56146,0.0,1.0
56154,0.0,1.0
56166,0.0,1.0
56172,0.0,1.0
56174,0.0,1.0
56176,0.0,1.0
56187,0.0,1.0
56201,0.0,1.0
56203,0.0,1.0
56204,0.0,1.0
56205,0.0,1.0
56215,0.0,1.0
56219,0.0,1.0
56221,0.0,1.0
56232,0.0,1.0
56235,0.0,1.0
56237,0.0,1.0
56242,0.0,1.0
56249,0.0,1.0
56252,0.0,1.0
56258,0.0,1.0
56262,0.0,1.0
56263,0.0,1.0
56267,0.0,1.0
56268,0.0,1.0
56276,0.0,1.0
56279,0.0,1.0
56282,0.0,1.0
56292,0.0,1.0
56293,1.0,0.0
56297,0.0,1.0
56305,0.0,1.0
56311,0.0,1.0
56318,0.0,1.0
56325,0.0,1.0
56337,0.0,1.0
56345,0.0,1.0
56351,0.0,1.0
56356,0.0,1.0
56357,0.0,1.0
56365,0.0,1.0
56367,0.0,1.0
56372,0.0,1.0
56375,0.0,1.0
56377,0.0,1.0
56380,0.0,1.0
56384,1.0,0.0
56385,1.0,0.0
56393,0.0,1.0
56395,0.0,1.0
56396,1.0,0.0
56412,0.0,1.0
56419,0.0,1.0
56428,0.0,1.0
56449,0.0,1.0
56453,0.0,1.0
56454,0.0,1.0
56458,0.0,1.0
56460,0.0,1.0
56462,0.0,1.0
56475,0.0,1.0
56477,0.0,1.0
56485,0.0,1.0
56489,0.0,1.0
56505,0.0,1.0
56509,0.0,1.0
56516,0.0,1.0
56522,0.0,1.0
56527,0.0,1.0
56530,0.0,1.0
56531,0.0,1.0
56535,0.0,1.0
56544,0.0,1.0
56547,0.0,1.0
56553,0.0,1.0
56554,1.0,0.0
56569,0.0,1.0
56573,0.0,1.0
56580,0.0,1.0
56585,0.0,1.0
56594,0.0,1.0
56601,0.0,1.0
56602,0.0,1.0
56615,0.0,1.0
56617,0.0,1.0
56618,0.0,1.0
56619,0.0,1.0
56623,0.0,1.0
56625,1.0,0.0
56627,0.0,1.0
56631,0.0,1.0
56633,0.0,1.0
56641,0.0,1.0
56646,0.0,1.0
56648,0.0,1.0
56649,1.0,0.0
56650,0.0,1.0
56657,0.0,1.0
56660,0.0,1.0
56680,0.0,1.0
56685,0.0,1.0
56690,1.0,0.0
56707,0.0,1.0
56717,0.0,1.0
56718,1.0,0.0
56730,0.0,1.0
56744,0.0,1.0
56749,0.0,1.0
56756,0.0,1.0
56758,0.0,1.0
56759,0.0,1.0
56764,1.0,0.0
56766,0.0,1.0
56771,0.0,1.0
56775,0.0,1.0
56780,0.0,1.0
56789,0.0,1.0
56797,0.0,1.0
56813,0.0,1.0
56818,0.0,1.0
56821,1.0,0.0
56831,0.0,1.0
56837,0.0,1.0
56838,0.0,1.0
56843,1.0,0.0
56851,0.0,1.0
56859,0.0,1.0
56863,0.0,1.0
56868,0.0,1.0
56878,1.0,0.0
56881,0.0,1.0
56882,0.0,1.0
56885,0.0,1.0
56891,0.0,1.0
56897,0.0,1.0
56903,0.0,1.0
56937,0.0,1.0
56941,0.0,1.0
56950,0.0,1.0
56964,0.0,1.0
56966,0.0,1.0
56967,0.0,1.0
56975,0.0,1.0
56983,1.0,0.0
56988,0.0,1.0
56997,0.0,1.0
56999,0.0,1.0
57003,0.0,1.0
57005,0.0,1.0
57009,0.0,1.0
57018,0.0,1.0
57027,0.0,1.0
57033,0.0,1.0
57035,0.0,1.0
57040,0.0,1.0
57043,0.0,1.0
57070,0.0,1.0
57076,0.0,1.0
57077,0.0,1.0
57081,0.0,1.0
57085,0.0,1.0
57092,0.0,1.0
57093,0.0,1.0
57094,0.0,1.0
57096,0.0,1.0
57115,0.0,1.0
57119,0.0,1.0
57122,1.0,0.0
57130,0.0,1.0
57132,0.0,1.0
57133,0.0,1.0
57141,0.0,1.0
57149,1.0,0.0
57150,1.0,0.0
57153,0.0,1.0
57158,1.0,0.0
57166,0.0,1.0
57172,0.0,1.0
57194,0.0,1.0
57203,1.0,0.0
57213,0.0,1.0
57225,0.0,1.0
57232,1.0,0.0
57235,0.0,1.0
57240,0.0,1.0
57249,0.0,1.0
57251,0.0,1.0
57252,0.0,1.0
57254,0.0,1.0
57259,0.0,1.0
57293,0.0,1.0
57294,0.0,1.0
57296,0.0,1.0
57297,0.0,1.0
57306,0.0,1.0
57309,0.0,1.0
57312,0.0,1.0
57313,0.0,1.0
57314,1.0,0.0
57321,0.0,1.0
57331,0.0,1.0
57336,0.0,1.0
57338,0.0,1.0
57342,0.0,1.0
57349,0.0,1.0
57378,0.0,1.0
57387,0.0,1.0
57388,0.0,1.0
57392,0.0,1.0
57401,0.0,1.0
57402,0.0,1.0
57406,0.0,1.0
57411,0.0,1.0
57418,0.0,1.0
57419,1.0,0.0
57425,0.0,1.0
57442,0.0,1.0
57460,1.0,0.0
57462,0.0,1.0
57463,0.0,1.0
57465,0.0,1.0
57468,0.0,1.0
57469,0.0,1.0
57472,0.0,1.0
57474,1.0,0.0
57478,0.0,1.0
57480,0.0,1.0
57486,0.0,1.0
57498,0.0,1.0
57510,1.0,0.0
57520,0.0,1.0
57521,0.0,1.0
57525,0.0,1.0
57533,0.0,1.0
57536,0.0,1.0
57544,0.0,1.0
57558,0.0,1.0
57574,0.0,1.0
57585,1.0,0.0
57589,0.0,1.0
57600,0.0,1.0
57612,0.0,1.0
57614,0.0,1.0
57617,0.0,1.0
57619,1.0,0.0
57626,0.0,1.0
57629,0.0,1.0
57633,1.0,0.0
57641,0.0,1.0
57654,1.0,0.0
57656,1.0,0.0
57657,0.0,1.0
57681,0.0,1.0
57687,0.0,1.0
57702,0.0,1.0
57708,0.0,1.0
57721,0.0,1.0
57723,0.0,1.0
57726,1.0,0.0
57737,0.0,1.0
57745,0.0,1.0
57758,1.0,0.0
57760,0.0,1.0
57763,0.0,1.0
57768,0.0,1.0
57776,0.0,1.0
57779,0.0,1.0
57787,0.0,1.0
57790,1.0,0.0
57800,0.0,1.0
57803,0.0,1.0
57805,0.0,1.0
57814,1.0,0.0
57823,1.0,0.0
57831,0.0,1.0
57836,0.0,1.0
57839,0.0,1.0
57843,0.0,1.0
57844,0.0,1.0
57846,0.0,1.0
57854,0.0,1.0
57856,0.0,1.0
57859,0.0,1.0
57865,0.0,1.0
57889,0.0,1.0
57895,0.0,1.0
57896,0.0,1.0
57900,0.0,1.0
57902,0.0,1.0
57911,1.0,0.0
57913,1.0,0.0
57918,0.0,1.0
57920,0.0,1.0
57921,0.0,1.0
57927,0.0,1.0
57930,1.0,0.0
57935,0.0,1.0
57937,0.0,1.0
57947,0.0,1.0
57949,1.0,0.0
57956,0.0,1.0
57959,0.0,1.0
57971,0.0,1.0
57974,1.0,0.0
57984,1.0,0.0
57989,0.0,1.0
57991,1.0,0.0
58006,0.0,1.0
58007,1.0,0.0
58009,0.0,1.0
58013,0.0,1.0
58020,0.0,1.0
58023,0.0,1.0
58041,0.0,1.0
58044,0.0,1.0
58049,1.0,0.0
58059,1.0,0.0
58067,0.0,1.0
58073,0.0,1.0
58075,0.0,1.0
58080,0.0,1.0
58082,1.0,0.0
58084,0.0,1.0
58086,0.0,1.0
58097,0.0,1.0
58100,0.0,1.0
58123,0.0,1.0
58132,1.0,0.0
58143,0.0,1.0
58145,1.0,0.0
58147,0.0,1.0
58160,0.0,1.0
58166,0.0,1.0
58168,0.0,1.0
58174,0.0,1.0
58186,0.0,1.0
58187,0.0,1.0
58190,0.0,1.0
58196,0.0,1.0
58199,0.0,1.0
58203,0.0,1.0
58215,0.0,1.0
58220,0.0,1.0
58234,0.0,1.0
58240,0.0,1.0
58243,0.0,1.0
58247,0.0,1.0
58263,0.0,1.0
58277,0.0,1.0
58287,0.0,1.0
58293,0.0,1.0
58309,0.0,1.0
58312,1.0,0.0
58327,0.0,1.0
58330,0.0,1.0
58334,1.0,0.0
58337,0.0,1.0
58350,0.0,1.0
58360,1.0,0.0
58369,0.0,1.0
58375,1.0,0.0
58376,0.0,1.0
58377,0.0,1.0
58381,0.0,1.0
58385,0.0,1.0
58403,0.0,1.0
58425,0.0,1.0
58432,0.0,1.0
58441,1.0,0.0
58456,0.0,1.0
58467,0.0,1.0
58468,0.0,1.0
58470,0.0,1.0
58482,0.0,1.0
58486,0.0,1.0
58497,0.0,1.0
58504,0.0,1.0
58506,1.0,0.0
58510,1.0,0.0
58513,1.0,0.0
58514,0.0,1.0
58517,0.0,1.0
58528,0.0,1.0
58530,0.0,1.0
58534,0.0,1.0
58538,0.0,1.0
58549,0.0,1.0
58555,0.0,1.0
58560,0.0,1.0
58561,0.0,1.0
58562,0.0,1.0
58569,0.0,1.0
58572,0.0,1.0
58575,0.0,1.0
58577,0.0,1.0
58589,0.0,1.0
58590,0.0,1.0
58597,0.0,1.0
58602,0.0,1.0
58603,0.0,1.0
58609,0.0,1.0
58612,0.0,1.0
58619,0.0,1.0
58620,0.0,1.0
58621,0.0,1.0
58635,0.0,1.0
58636,0.0,1.0
58644,0.0,1.0
58649,0.0,1.0
58662,0.0,1.0
58670,1.0,0.0
58681,0.0,1.0
58683,1.0,0.0
58689,0.0,1.0
58699,0.0,1.0
58705,0.0,1.0
58716,0.0,1.0
58719,0.0,1.0
58729,0.0,1.0
58737,0.0,1.0
58738,0.0,1.0
58749,0.0,1.0
58761,0.0,1.0
58772,0.0,1.0
58774,0.0,1.0
58787,0.0,1.0
58788,0.0,1.0
58789,1.0,0.0
58794,0.0,1.0
58797,0.0,1.0
58804,0.0,1.0
58806,0.0,1.0
58809,0.0,1.0
58816,0.0,1.0
58821,0.0,1.0
58823,0.0,1.0
58835,0.0,1.0
58844,0.0,1.0
58853,0.0,1.0
58855,0.0,1.0
58856,0.0,1.0
58861,0.0,1.0
58862,0.0,1.0
58864,0.0,1.0
58865,0.0,1.0
58885,0.0,1.0
58886,1.0,0.0
58899,0.0,1.0
58906,0.0,1.0
58910,1.0,0.0
58913,0.0,1.0
58918,0.0,1.0
58920,0.0,1.0
58923,0.0,1.0
58929,1.0,0.0
58936,0.0,1.0
58939,0.0,1.0
58948,0.0,1.0
58960,0.0,1.0
58962,1.0,0.0
58971,0.0,1.0
58977,0.0,1.0
58980,0.0,1.0
58981,0.0,1.0
58983,0.0,1.0
58984,0.0,1.0
58993,1.0,0.0
59004,0.0,1.0
59011,0.0,1.0
59025,0.0,1.0
59027,0.0,1.0
59036,0.0,1.0
59037,0.0,1.0
59041,0.0,1.0
59045,0.0,1.0
59049,0.0,1.0
59065,0.0,1.0
59072,0.0,1.0
59086,0.0,1.0
59096,0.0,1.0
59098,0.0,1.0
59099,0.0,1.0
59102,0.0,1.0
59105,0.0,1.0
59116,0.0,1.0
59124,0.0,1.0
59132,0.0,1.0
59140,0.0,1.0
59147,0.0,1.0
59148,0.0,1.0
59154,0.0,1.0
59158,0.0,1.0
59161,0.0,1.0
59165,0.0,1.0
59167,0.0,1.0
59169,0.0,1.0
59171,0.0,1.0
59179,0.0,1.0
59181,0.0,1.0
59189,0.0,1.0
59194,0.0,1.0
59207,0.0,1.0
59217,0.0,1.0
59222,1.0,0.0
59223,0.0,1.0
59225,0.0,1.0
59230,0.0,1.0
59238,0.0,1.0
59253,0.0,1.0
59254,0.0,1.0
59261,0.0,1.0
59265,1.0,0.0
59273,0.0,1.0
59278,0.0,1.0
59281,0.0,1.0
59282,0.0,1.0
59289,0.0,1.0
59296,0.0,1.0
59301,0.0,1.0
59305,1.0,0.0
59312,0.0,1.0
59317,0.0,1.0
59321,0.0,1.0
59323,0.0,1.0
59332,0.0,1.0
59345,1.0,0.0
59352,0.0,1.0
59356,0.0,1.0
59358,0.0,1.0
59359,0.0,1.0
59382,1.0,0.0
59384,0.0,1.0
59389,0.0,1.0
59393,0.0,1.0
59409,0.0,1.0
59417,0.0,1.0
59424,0.0,1.0
59427,0.0,1.0
59429,0.0,1.0
59431,0.0,1.0
59441,0.0,1.0
59442,1.0,0.0
59446,0.0,1.0
59447,0.0,1.0
59451,0.0,1.0
59478,1.0,0.0
59479,0.0,1.0
59493,0.0,1.0
59496,0.0,1.0
59502,0.0,1.0
59506,0.0,1.0
59509,0.0,1.0
59517,0.0,1.0
59530,0.0,1.0
59533,0.0,1.0
59535,0.0,1.0
59545,0.0,1.0
59550,0.0,1.0
59551,0.0,1.0
59564,0.0,1.0
59565,0.0,1.0
59568,0.0,1.0
59569,1.0,0.0
59577,0.0,1.0
59590,1.0,0.0
59595,0.0,1.0
59597,0.0,1.0
59599,1.0,0.0
59607,0.0,1.0
59609,0.0,1.0
59627,1.0,0.0
59639,0.0,1.0
59648,0.0,1.0
59650,0.0,1.0
59651,1.0,0.0
59662,0.0,1.0
59665,0.0,1.0
59672,0.0,1.0
59679,0.0,1.0
59684,1.0,0.0
59687,1.0,0.0
59706,0.0,1.0
59711,0.0,1.0
59714,0.0,1.0
59727,0.0,1.0
59735,0.0,1.0
59737,0.0,1.0
59739,0.0,1.0
59743,0.0,1.0
59746,0.0,1.0
59748,0.0,1.0
59752,0.0,1.0
59763,0.0,1.0
59768,0.0,1.0
59773,0.0,1.0
59788,0.0,1.0
59793,0.0,1.0
59794,1.0,0.0
59797,0.0,1.0
59799,0.0,1.0
59800,0.0,1.0
59808,0.0,1.0
59821,0.0,1.0
59830,0.0,1.0
59840,0.0,1.0
59842,0.0,1.0
59844,0.0,1.0
59863,0.0,1.0
59879,0.0,1.0
59882,0.0,1.0
59887,0.0,1.0
59906,0.0,1.0
59914,0.0,1.0
59919,0.0,1.0
59925,0.0,1.0
59929,0.0,1.0
59930,0.0,1.0
59947,1.0,0.0
59949,0.0,1.0
59950,0.0,1.0
59961,1.0,0.0
59966,0.0,1.0
59969,0.0,1.0
59974,1.0,0.0
59981,0.0,1.0
59989,0.0,1.0
60000,0.0,1.0
60004,1.0,0.0
60009,0.0,1.0
60023,0.0,1.0
60026,0.0,1.0
60031,0.0,1.0
60037,1.0,0.0
60042,0.0,1.0
60043,0.0,1.0
60048,0.0,1.0
60057,0.0,1.0
60062,1.0,0.0
60067,0.0,1.0
60075,0.0,1.0
60079,0.0,1.0
60081,0.0,1.0
60090,0.0,1.0
60091,0.0,1.0
60095,0.0,1.0
60106,0.0,1.0
60107,0.0,1.0
60112,0.0,1.0
60115,0.0,1.0
60119,1.0,0.0
60125,0.0,1.0
60126,0.0,1.0
60127,0.0,1.0
60131,0.0,1.0
60140,1.0,0.0
60145,0.0,1.0
60147,0.0,1.0
60157,0.0,1.0
60160,1.0,0.0
60162,1.0,0.0
60169,0.0,1.0
60179,0.0,1.0
60182,0.0,1.0
60188,1.0,0.0
60197,0.0,1.0
60202,1.0,0.0
60213,0.0,1.0
60215,0.0,1.0
60216,0.0,1.0
60221,0.0,1.0
60230,0.0,1.0
60238,0.0,1.0
60245,0.0,1.0
60253,0.0,1.0
60262,0.0,1.0
60264,1.0,0.0
60265,0.0,1.0
60268,0.0,1.0
60278,0.0,1.0
60288,0.0,1.0
60296,0.0,1.0
60303,0.0,1.0
60306,0.0,1.0
60307,0.0,1.0
60309,0.0,1.0
60311,0.0,1.0
60313,0.0,1.0
60332,0.0,1.0
60338,1.0,0.0
60351,0.0,1.0
60354,1.0,0.0
60359,1.0,0.0
60361,0.0,1.0
60368,0.0,1.0
60369,0.0,1.0
60372,1.0,0.0
60373,0.0,1.0
60378,0.0,1.0
60381,0.0,1.0
60382,0.0,1.0
60386,0.0,1.0
60401,0.0,1.0
60402,0.0,1.0
60405,0.0,1.0
60411,0.0,1.0
60415,0.0,1.0
60416,0.0,1.0
60419,0.0,1.0
60420,1.0,0.0
60426,0.0,1.0
60433,1.0,0.0
60436,0.0,1.0
60437,1.0,0.0
60439,0.0,1.0
60447,0.0,1.0
60449,0.0,1.0
60452,0.0,1.0
60465,0.0,1.0
60466,1.0,0.0
60473,0.0,1.0
60476,0.0,1.0
60483,0.0,1.0
60500,0.0,1.0
60501,0.0,1.0
60515,0.0,1.0
60524,0.0,1.0
60541,0.0,1.0
60549,0.0,1.0
60570,0.0,1.0
60572,0.0,1.0
60574,0.0,1.0
60575,0.0,1.0
60576,0.0,1.0
60578,0.0,1.0
60580,0.0,1.0
60597,0.0,1.0
60602,0.0,1.0
60603,0.0,1.0
60605,0.0,1.0
60614,0.0,1.0
60621,1.0,0.0
60622,1.0,0.0
60623,0.0,1.0
60630,0.0,1.0
60634,0.0,1.0
60635,0.0,1.0
60639,0.0,1.0
60640,0.0,1.0
60643,1.0,0.0
60644,0.0,1.0
60646,0.0,1.0
60649,0.0,1.0
60651,0.0,1.0
60656,0.0,1.0
60664,1.0,0.0
60682,0.0,1.0
60688,0.0,1.0
60705,1.0,0.0
60706,0.0,1.0
60714,0.0,1.0
60716,0.0,1.0
60717,0.0,1.0
60728,1.0,0.0
60738,0.0,1.0
60739,0.0,1.0
60741,0.0,1.0
60742,0.0,1.0
60745,0.0,1.0
60753,0.0,1.0
60782,0.0,1.0
60795,0.0,1.0
60799,0.0,1.0
60806,0.0,1.0
60810,0.0,1.0
60812,0.0,1.0
60815,0.0,1.0
60819,0.0,1.0
60820,0.0,1.0
60824,0.0,1.0
60831,0.0,1.0
60832,0.0,1.0
60843,0.0,1.0
60845,0.0,1.0
60851,0.0,1.0
60852,0.0,1.0
60855,0.0,1.0
60856,0.0,1.0
60858,0.0,1.0
60861,1.0,0.0
60874,0.0,1.0
60877,0.0,1.0
60890,0.0,1.0
60892,0.0,1.0
60901,0.0,1.0
60904,0.0,1.0
60905,0.0,1.0
60907,1.0,0.0
60934,0.0,1.0
60938,0.0,1.0
60939,0.0,1.0
60955,0.0,1.0
60964,0.0,1.0
60970,1.0,0.0
60976,0.0,1.0
60984,0.0,1.0
60988,0.0,1.0
60997,1.0,0.0
60998,0.0,1.0
61003,0.0,1.0
61015,1.0,0.0
61027,0.0,1.0
61031,0.0,1.0
61046,0.0,1.0
61050,0.0,1.0
61056,0.0,1.0
61061,0.0,1.0
61064,0.0,1.0
61073,0.0,1.0
61075,1.0,0.0
61080,0.0,1.0
61082,1.0,0.0
61090,0.0,1.0
61094,0.0,1.0
61111,0.0,1.0
61113,1.0,0.0
61114,0.0,1.0
61117,0.0,1.0
61120,0.0,1.0
61125,1.0,0.0
61135,0.0,1.0
61143,0.0,1.0
61144,0.0,1.0
61147,0.0,1.0
61155,0.0,1.0
61159,1.0,0.0
61175,0.0,1.0
61184,0.0,1.0
61203,0.0,1.0
61206,0.0,1.0
61207,0.0,1.0
61216,0.0,1.0
61223,0.0,1.0
61227,1.0,0.0
61243,0.0,1.0
61249,0.0,1.0
61253,0.0,1.0
61272,0.0,1.0
61279,0.0,1.0
61282,0.0,1.0
61283,0.0,1.0
61285,0.0,1.0
61291,0.0,1.0
61292,0.0,1.0
61307,0.0,1.0
61310,0.0,1.0
61317,0.0,1.0
61335,0.0,1.0
61337,0.0,1.0
61366,0.0,1.0
61372,0.0,1.0
61374,0.0,1.0
61390,0.0,1.0
61393,0.0,1.0
61402,0.0,1.0
61403,0.0,1.0
61404,0.0,1.0
61412,0.0,1.0
61416,0.0,1.0
61435,0.0,1.0
61436,0.0,1.0
61440,0.0,1.0
61446,0.0,1.0
61454,0.0,1.0
61459,0.0,1.0
61465,0.0,1.0
61471,0.0,1.0
61480,1.0,0.0
61489,0.0,1.0
61506,0.0,1.0
61526,0.0,1.0
61532,0.0,1.0
61539,0.0,1.0
61543,0.0,1.0
61554,0.0,1.0
61556,1.0,0.0
61562,0.0,1.0
61565,0.0,1.0
61568,0.0,1.0
61569,0.0,1.0
61578,0.0,1.0
61595,1.0,0.0
61600,0.0,1.0
61602,0.0,1.0
61604,0.0,1.0
61617,0.0,1.0
61657,0.0,1.0
61672,0.0,1.0
61678,0.0,1.0
61683,0.0,1.0
61699,0.0,1.0
61720,0.0,1.0
61722,0.0,1.0
61725,0.0,1.0
61748,0.0,1.0
61752,0.0,1.0
61753,0.0,1.0
61764,0.0,1.0
61773,0.0,1.0
61781,0.0,1.0
61807,0.0,1.0
61813,0.0,1.0
61825,0.0,1.0
61826,1.0,0.0
61852,0.0,1.0
61859,0.0,1.0
61872,0.0,1.0
61874,1.0,0.0
61891,0.0,1.0
61892,1.0,0.0
61901,0.0,1.0
61903,0.0,1.0
61907,0.0,1.0
61916,0.0,1.0
61917,0.0,1.0
61935,0.0,1.0
61939,1.0,0.0
61946,0.0,1.0
61953,0.0,1.0
61960,0.0,1.0
61972,0.0,1.0
61996,0.0,1.0
62001,0.0,1.0
62006,0.0,1.0
62014,0.0,1.0
62021,0.0,1.0
62023,0.0,1.0
62027,0.0,1.0
62034,1.0,0.0
62040,1.0,0.0
62042,0.0,1.0
62044,1.0,0.0
62046,0.0,1.0
62048,0.0,1.0
62051,0.0,1.0
62052,1.0,0.0
62062,0.0,1.0
62076,0.0,1.0
62082,0.0,1.0
62087,0.0,1.0
62104,0.0,1.0
62113,0.0,1.0
62119,0.0,1.0
62122,0.0,1.0
62128,0.0,1.0
62130,0.0,1.0
62132,0.0,1.0
62137,0.0,1.0
62139,0.0,1.0
62147,0.0,1.0
62151,0.0,1.0
62155,0.0,1.0
62158,0.0,1.0
62160,0.0,1.0
62162,0.0,1.0
62165,0.0,1.0
62172,0.0,1.0
62173,0.0,1.0
62177,0.0,1.0
62182,0.0,1.0
62185,0.0,1.0
62200,0.0,1.0
62201,0.0,1.0
62204,0.0,1.0
62208,0.0,1.0
62209,0.0,1.0
62214,0.0,1.0
62218,0.0,1.0
62223,0.0,1.0
62224,0.0,1.0
62251,0.0,1.0
62257,0.0,1.0
62264,0.0,1.0
62270,0.0,1.0
62272,0.0,1.0
62286,1.0,0.0
62291,1.0,0.0
62296,0.0,1.0
62308,0.0,1.0
62312,0.0,1.0
62314,0.0,1.0
62318,1.0,0.0
62321,0.0,1.0
62330,0.0,1.0
62336,0.0,1.0
62346,0.0,1.0
62354,0.0,1.0
62361,1.0,0.0
62363,0.0,1.0
62367,0.0,1.0
62396,1.0,0.0
62407,1.0,0.0
62409,0.0,1.0
62410,0.0,1.0
62417,1.0,0.0
62421,0.0,1.0
62429,0.0,1.0
62432,1.0,0.0
62450,0.0,1.0
62456,1.0,0.0
62457,0.0,1.0
62465,0.0,1.0
62479,0.0,1.0
62483,0.0,1.0
62497,0.0,1.0
62503,0.0,1.0
62505,0.0,1.0
62526,0.0,1.0
62529,0.0,1.0
62545,0.0,1.0
62547,1.0,0.0
62550,0.0,1.0
62553,1.0,0.0
62556,0.0,1.0
62559,0.0,1.0
62560,1.0,0.0
62574,0.0,1.0
62608,0.0,1.0
62609,0.0,1.0
62614,0.0,1.0
62620,0.0,1.0
62623,0.0,1.0
62625,0.0,1.0
62628,0.0,1.0
62634,0.0,1.0
62635,0.0,1.0
62644,0.0,1.0
62650,0.0,1.0
62651,1.0,0.0
62652,0.0,1.0
62659,1.0,0.0
62704,0.0,1.0
62712,0.0,1.0
62727,0.0,1.0
62734,1.0,0.0
62745,0.0,1.0
62746,0.0,1.0
62749,0.0,1.0
62757,0.0,1.0
62760,0.0,1.0
62763,1.0,0.0
62766,0.0,1.0
62777,0.0,1.0
62783,1.0,0.0
62789,0.0,1.0
62790,0.0,1.0
62791,0.0,1.0
62793,1.0,0.0
62800,1.0,0.0
62805,0.0,1.0
62813,0.0,1.0
62816,0.0,1.0
62823,0.0,1.0
62831,0.0,1.0
62832,1.0,0.0
62848,0.0,1.0
62869,1.0,0.0
62872,1.0,0.0
62874,0.0,1.0
62890,0.0,1.0
62896,0.0,1.0
62900,0.0,1.0
62905,0.0,1.0
62906,0.0,1.0
62918,1.0,0.0
62921,0.0,1.0
62922,0.0,1.0
62928,0.0,1.0
62933,0.0,1.0
62935,0.0,1.0
62954,0.0,1.0
62957,0.0,1.0
62963,1.0,0.0
62983,0.0,1.0
62993,0.0,1.0
62998,0.0,1.0
63006,0.0,1.0
63018,0.0,1.0
63023,0.0,1.0
63032,0.0,1.0
63035,0.0,1.0
63042,0.0,1.0
63054,0.0,1.0
63062,0.0,1.0
63083,0.0,1.0
63093,0.0,1.0
63100,0.0,1.0
63114,1.0,0.0
63121,0.0,1.0
63135,0.0,1.0
63137,0.0,1.0
63146,0.0,1.0
63150,0.0,1.0
63155,0.0,1.0
63171,1.0,0.0
63188,0.0,1.0
63203,0.0,1.0
63210,0.0,1.0
63211,0.0,1.0
63215,0.0,1.0
63218,0.0,1.0
63219,0.0,1.0
63229,1.0,0.0
63233,0.0,1.0
63245,0.0,1.0
63254,0.0,1.0
63268,0.0,1.0
63274,0.0,1.0
63284,0.0,1.0
63287,0.0,1.0
63315,0.0,1.0
63316,0.0,1.0
63337,0.0,1.0
63340,0.0,1.0
63348,0.0,1.0
63355,0.0,1.0
63360,0.0,1.0
63365,0.0,1.0
63367,0.0,1.0
63368,1.0,0.0
63376,0.0,1.0
63384,1.0,0.0
63414,0.0,1.0
63415,0.0,1.0
63416,0.0,1.0
63429,0.0,1.0
63439,0.0,1.0
63441,0.0,1.0
63443,0.0,1.0
63445,0.0,1.0
63451,0.0,1.0
63454,0.0,1.0
63461,0.0,1.0
63463,0.0,1.0
63464,0.0,1.0
63475,1.0,0.0
63481,0.0,1.0
63484,0.0,1.0
63485,0.0,1.0
63497,0.0,1.0
63517,0.0,1.0
63521,0.0,1.0
63527,0.0,1.0
63535,0.0,1.0
63538,0.0,1.0
63548,0.0,1.0
63555,0.0,1.0
63560,0.0,1.0
63562,0.0,1.0
63574,1.0,0.0
63578,0.0,1.0
63587,0.0,1.0
63595,1.0,0.0
63608,0.0,1.0
63609,1.0,0.0
63611,0.0,1.0
63613,0.0,1.0
63626,0.0,1.0
63631,0.0,1.0
63633,0.0,1.0
63634,0.0,1.0
63638,0.0,1.0
63649,0.0,1.0
63651,0.0,1.0
63654,0.0,1.0
63656,0.0,1.0
63658,0.0,1.0
63669,0.0,1.0
63677,0.0,1.0
63688,0.0,1.0
63689,1.0,0.0
63692,0.0,1.0
63697,0.0,1.0
63699,0.0,1.0
63704,0.0,1.0
63709,0.0,1.0
63719,0.0,1.0
63723,0.0,1.0
63737,0.0,1.0
63752,0.0,1.0
63755,0.0,1.0
63760,0.0,1.0
63766,1.0,0.0
63771,0.0,1.0
63781,0.0,1.0
63782,1.0,0.0
63787,0.0,1.0
63788,0.0,1.0
63797,0.0,1.0
63799,0.0,1.0
63808,1.0,0.0
63811,0.0,1.0
63821,0.0,1.0
63830,0.0,1.0
63835,1.0,0.0
63842,0.0,1.0
63846,0.0,1.0
63847,0.0,1.0
63848,0.0,1.0
63872,0.0,1.0
63874,0.0,1.0
63879,0.0,1.0
63883,1.0,0.0
63884,1.0,0.0
63885,0.0,1.0
63892,0.0,1.0
63893,1.0,0.0
63895,0.0,1.0
63908,1.0,0.0
63909,0.0,1.0
63910,0.0,1.0
63911,0.0,1.0
63917,0.0,1.0
63918,0.0,1.0
63929,0.0,1.0
63930,0.0,1.0
63933,0.0,1.0
63934,0.0,1.0
63935,0.0,1.0
63942,1.0,0.0
63946,0.0,1.0
63947,0.0,1.0
63952,0.0,1.0
63957,0.0,1.0
63958,0.0,1.0
63960,0.0,1.0
63966,1.0,0.0
63967,0.0,1.0
63985,0.0,1.0
63989,0.0,1.0
64001,0.0,1.0
64007,0.0,1.0
64015,0.0,1.0
64016,0.0,1.0
64018,0.0,1.0
64036,0.0,1.0
64073,0.0,1.0
64076,0.0,1.0
64082,0.0,1.0
64083,0.0,1.0
64084,0.0,1.0
64085,0.0,1.0
64088,0.0,1.0
64102,0.0,1.0
64107,0.0,1.0
64111,0.0,1.0
64112,0.0,1.0
64138,0.0,1.0
64147,0.0,1.0
64150,0.0,1.0
64159,0.0,1.0
64168,0.0,1.0
64169,0.0,1.0
64175,0.0,1.0
64184,0.0,1.0
64186,0.0,1.0
64195,0.0,1.0
64199,0.0,1.0
64208,0.0,1.0
64211,1.0,0.0
64215,0.0,1.0
64216,0.0,1.0
64223,0.0,1.0
64237,0.0,1.0
64238,0.0,1.0
64240,0.0,1.0
64243,0.0,1.0
64247,0.0,1.0
64249,0.0,1.0
64250,0.0,1.0
64254,0.0,1.0
64265,0.0,1.0
64266,0.0,1.0
64288,1.0,0.0
64292,0.0,1.0
64299,0.0,1.0
64302,0.0,1.0
64303,0.0,1.0
64305,0.0,1.0
64310,0.0,1.0
64323,1.0,0.0
64326,0.0,1.0
64332,0.0,1.0
64337,0.0,1.0
64344,0.0,1.0
64351,0.0,1.0
64354,0.0,1.0
64358,0.0,1.0
64376,1.0,0.0
64379,0.0,1.0
64389,0.0,1.0
64409,1.0,0.0
64415,0.0,1.0
64417,0.0,1.0
64418,0.0,1.0
64423,0.0,1.0
64425,1.0,0.0
64440,1.0,0.0
64449,0.0,1.0
64461,0.0,1.0
64463,0.0,1.0
64464,0.0,1.0
64476,0.0,1.0
64483,0.0,1.0
64488,0.0,1.0
64498,0.0,1.0
64499,0.0,1.0
64503,1.0,0.0
64505,0.0,1.0
64513,0.0,1.0
64533,0.0,1.0
64534,0.0,1.0
64550,0.0,1.0
64553,0.0,1.0
64556,0.0,1.0
64568,0.0,1.0
64570,1.0,0.0
64573,0.0,1.0
64585,1.0,0.0
64589,0.0,1.0
64598,0.0,1.0
64603,0.0,1.0
64606,0.0,1.0
64615,0.0,1.0
64637,0.0,1.0
64649,0.0,1.0
64650,0.0,1.0
64663,0.0,1.0
64673,0.0,1.0
64675,0.0,1.0
64676,0.0,1.0
64679,0.0,1.0
64684,1.0,0.0
64685,0.0,1.0
64688,0.0,1.0
64695,0.0,1.0
64702,0.0,1.0
64707,0.0,1.0
64708,0.0,1.0
64733,0.0,1.0
64739,0.0,1.0
64740,0.0,1.0
64746,0.0,1.0
64751,0.0,1.0
64761,0.0,1.0
64763,0.0,1.0
64765,0.0,1.0
64769,0.0,1.0
64774,0.0,1.0
64777,0.0,1.0
64780,0.0,1.0
64781,0.0,1.0
64787,1.0,0.0
64788,0.0,1.0
64791,0.0,1.0
64799,0.0,1.0
64812,0.0,1.0
64815,0.0,1.0
64817,0.0,1.0
64820,0.0,1.0
64823,0.0,1.0
64834,0.0,1.0
64840,1.0,0.0
64851,0.0,1.0
64853,0.0,1.0
64868,0.0,1.0
64875,0.0,1.0
64879,0.0,1.0
64883,1.0,0.0
64895,0.0,1.0
64897,0.0,1.0
64898,0.0,1.0
64900,0.0,1.0
64901,0.0,1.0
64903,0.0,1.0
64906,0.0,1.0
64912,0.0,1.0
64929,0.0,1.0
64930,0.0,1.0
64956,0.0,1.0
64961,0.0,1.0
64968,0.0,1.0
64973,0.0,1.0
64976,0.0,1.0
64981,0.0,1.0
64984,0.0,1.0
64990,1.0,0.0
64995,0.0,1.0
65012,0.0,1.0
65025,0.0,1.0
65048,0.0,1.0
65051,0.0,1.0
65066,0.0,1.0
65071,0.0,1.0
65088,0.0,1.0
65090,0.0,1.0
65096,0.0,1.0
65098,0.0,1.0
65111,0.0,1.0
65117,0.0,1.0
65120,0.0,1.0
65123,1.0,0.0
65125,0.0,1.0
65130,1.0,0.0
65137,0.0,1.0
65139,0.0,1.0
65141,0.0,1.0
65150,0.0,1.0
65151,0.0,1.0
65152,0.0,1.0
65153,0.0,1.0
65162,0.0,1.0
65164,0.0,1.0
65166,0.0,1.0
65171,0.0,1.0
65177,0.0,1.0
65185,0.0,1.0
65186,0.0,1.0
65192,0.0,1.0
65204,0.0,1.0
65206,0.0,1.0
65238,0.0,1.0
65247,1.0,0.0
65257,0.0,1.0
65260,1.0,0.0
65277,0.0,1.0
65280,0.0,1.0
65285,0.0,1.0
65290,0.0,1.0
65298,0.0,1.0
65299,0.0,1.0
65309,1.0,0.0
65319,0.0,1.0
65321,0.0,1.0
65340,0.0,1.0
65342,0.0,1.0
65346,1.0,0.0
65350,0.0,1.0
65352,0.0,1.0
65366,0.0,1.0
65370,0.0,1.0
65384,1.0,0.0
65385,0.0,1.0
65388,0.0,1.0
65393,0.0,1.0
65396,0.0,1.0
65402,0.0,1.0
65404,0.0,1.0
65416,0.0,1.0
65417,0.0,1.0
65419,1.0,0.0
65430,1.0,0.0
65433,1.0,0.0
65434,0.0,1.0
65437,0.0,1.0
65438,0.0,1.0
65443,0.0,1.0
65444,0.0,1.0
65446,0.0,1.0
65450,1.0,0.0
65462,1.0,0.0
65473,0.0,1.0
65476,0.0,1.0
65485,0.0,1.0
65486,1.0,0.0
65487,0.0,1.0
65490,0.0,1.0
65493,0.0,1.0
65496,0.0,1.0
65502,0.0,1.0
65503,0.0,1.0
65508,0.0,1.0
65522,0.0,1.0
65523,0.0,1.0
65525,0.0,1.0
65526,0.0,1.0
65536,0.0,1.0
65538,0.0,1.0
65539,0.0,1.0
65540,1.0,0.0
65541,0.0,1.0
65543,0.0,1.0
65554,0.0,1.0
65566,0.0,1.0
65567,0.0,1.0
65571,0.0,1.0
65578,0.0,1.0
65581,0.0,1.0
65584,1.0,0.0
65599,0.0,1.0
65601,1.0,0.0
65603,0.0,1.0
65606,0.0,1.0
65616,1.0,0.0
65617,0.0,1.0
65632,0.0,1.0
65634,0.0,1.0
65639,0.0,1.0
65642,0.0,1.0
65646,0.0,1.0
65651,0.0,1.0
65655,0.0,1.0
65666,0.0,1.0
65677,0.0,1.0
65680,0.0,1.0
65683,0.0,1.0
65686,0.0,1.0
65693,0.0,1.0
65696,0.0,1.0
65698,0.0,1.0
65706,0.0,1.0
65707,0.0,1.0
65730,0.0,1.0
65753,0.0,1.0
65756,1.0,0.0
65764,0.0,1.0
65767,0.0,1.0
65770,0.0,1.0
65775,0.0,1.0
65793,0.0,1.0
65802,0.0,1.0
65807,0.0,1.0
65813,0.0,1.0
65824,0.0,1.0
65828,1.0,0.0
65840,0.0,1.0
65841,1.0,0.0
65854,0.0,1.0
65859,1.0,0.0
65861,0.0,1.0
65863,0.0,1.0
65869,1.0,0.0
65902,0.0,1.0
65910,0.0,1.0
65912,0.0,1.0
65922,0.0,1.0
65923,0.0,1.0
65955,0.0,1.0
65958,1.0,0.0
65968,0.0,1.0
65981,0.0,1.0
65991,0.0,1.0
65993,0.0,1.0
65994,0.0,1.0
65998,0.0,1.0
66006,0.0,1.0
66011,0.0,1.0
66013,0.0,1.0
66037,0.0,1.0
66042,1.0,0.0
66046,0.0,1.0
66047,1.0,0.0
66053,1.0,0.0
66058,0.0,1.0
66060,1.0,0.0
66066,0.0,1.0
66073,0.0,1.0
66076,0.0,1.0
66077,0.0,1.0
66080,0.0,1.0
66081,0.0,1.0
66084,0.0,1.0
66086,0.0,1.0
66092,0.0,1.0
66104,0.0,1.0
66105,0.0,1.0
66118,0.0,1.0
66119,0.0,1.0
66123,0.0,1.0
66129,0.0,1.0
66130,0.0,1.0
66131,1.0,0.0
66137,0.0,1.0
66139,1.0,0.0
66140,1.0,0.0
66145,0.0,1.0
66146,0.0,1.0
66149,0.0,1.0
66151,0.0,1.0
66156,0.0,1.0
66160,0.0,1.0
66163,0.0,1.0
66178,0.0,1.0
66188,0.0,1.0
66192,0.0,1.0
66195,0.0,1.0
66196,0.0,1.0
66203,0.0,1.0
66206,0.0,1.0
66210,0.0,1.0
66213,0.0,1.0
66220,0.0,1.0
66224,0.0,1.0
66227,0.0,1.0
66241,0.0,1.0
66248,0.0,1.0
66256,0.0,1.0
66259,0.0,1.0
66262,0.0,1.0
66263,0.0,1.0
66265,0.0,1.0
66267,0.0,1.0
66275,0.0,1.0
66286,0.0,1.0
66292,0.0,1.0
66296,0.0,1.0
66300,0.0,1.0
66302,0.0,1.0
66304,0.0,1.0
66332,0.0,1.0
66334,0.0,1.0
66335,0.0,1.0
66338,0.0,1.0
66340,0.0,1.0
66346,0.0,1.0
66351,0.0,1.0
66365,1.0,0.0
66370,0.0,1.0
66373,1.0,0.0
66378,0.0,1.0
66382,1.0,0.0
66385,0.0,1.0
66391,0.0,1.0
66392,0.0,1.0
66394,0.0,1.0
66399,0.0,1.0
66401,1.0,0.0
66405,0.0,1.0
66408,0.0,1.0
66412,1.0,0.0
66419,0.0,1.0
66427,0.0,1.0
66433,1.0,0.0
66440,0.0,1.0
66441,0.0,1.0
66449,0.0,1.0
66457,0.0,1.0
66458,1.0,0.0
66461,1.0,0.0
66464,1.0,0.0
66466,0.0,1.0
66471,0.0,1.0
66475,0.0,1.0
66486,0.0,1.0
66505,0.0,1.0
66511,0.0,1.0
66514,0.0,1.0
66524,0.0,1.0
66529,0.0,1.0
66531,1.0,0.0
66534,1.0,0.0
66551,0.0,1.0
66554,0.0,1.0
66559,0.0,1.0
66566,0.0,1.0
66581,0.0,1.0
66585,1.0,0.0
66592,0.0,1.0
66595,0.0,1.0
66605,0.0,1.0
66610,0.0,1.0
66621,0.0,1.0
66623,0.0,1.0
66632,0.0,1.0
66634,0.0,1.0
66646,0.0,1.0
66652,0.0,1.0
66656,0.0,1.0
66665,0.0,1.0
66668,0.0,1.0
66679,0.0,1.0
66681,1.0,0.0
66683,0.0,1.0
66685,0.0,1.0
66692,0.0,1.0
66693,0.0,1.0
66703,0.0,1.0
66706,1.0,0.0
66709,0.0,1.0
66714,0.0,1.0
66716,0.0,1.0
66724,1.0,0.0
66728,0.0,1.0
66729,0.0,1.0
66736,0.0,1.0
66744,0.0,1.0
66763,0.0,1.0
66767,0.0,1.0
66769,0.0,1.0
66785,0.0,1.0
66787,0.0,1.0
66788,1.0,0.0
66796,0.0,1.0
66812,0.0,1.0
66817,0.0,1.0
66819,0.0,1.0
66822,0.0,1.0
66825,0.0,1.0
66831,0.0,1.0
66837,0.0,1.0
66854,0.0,1.0
66866,0.0,1.0
66870,0.0,1.0
66882,0.0,1.0
66890,0.0,1.0
66892,0.0,1.0
66901,0.0,1.0
66903,0.0,1.0
66905,0.0,1.0
66913,0.0,1.0
66917,1.0,0.0
66919,0.0,1.0
66923,0.0,1.0
66925,0.0,1.0
66934,1.0,0.0
66940,0.0,1.0
66956,1.0,0.0
66971,1.0,0.0
66979,0.0,1.0
66982,0.0,1.0
66987,1.0,0.0
66989,0.0,1.0
67002,0.0,1.0
67005,0.0,1.0
67011,0.0,1.0
67014,0.0,1.0
67016,0.0,1.0
67017,0.0,1.0
67025,0.0,1.0
67039,0.0,1.0
67040,0.0,1.0
67049,0.0,1.0
67067,0.0,1.0
67068,0.0,1.0
67070,0.0,1.0
67086,0.0,1.0
67088,1.0,0.0
67093,0.0,1.0
67094,0.0,1.0
67099,1.0,0.0
67107,0.0,1.0
67122,0.0,1.0
67125,1.0,0.0
67127,0.0,1.0
67128,0.0,1.0
67129,0.0,1.0
67131,0.0,1.0
67135,0.0,1.0
67142,0.0,1.0
67148,0.0,1.0
67150,1.0,0.0
67152,0.0,1.0
67153,0.0,1.0
67154,1.0,0.0
67158,0.0,1.0
67179,0.0,1.0
67187,0.0,1.0
67188,1.0,0.0
67197,0.0,1.0
67199,0.0,1.0
67215,0.0,1.0
67226,0.0,1.0
67228,0.0,1.0
67234,0.0,1.0
67238,0.0,1.0
67250,0.0,1.0
67255,0.0,1.0
67257,0.0,1.0
67260,0.0,1.0
67269,0.0,1.0
67270,0.0,1.0
67273,0.0,1.0
67282,0.0,1.0
67291,1.0,0.0
67294,0.0,1.0
67302,1.0,0.0
67308,0.0,1.0
67311,0.0,1.0
67317,0.0,1.0
67319,0.0,1.0
67326,0.0,1.0
67334,0.0,1.0
67344,0.0,1.0
67348,0.0,1.0
67353,0.0,1.0
67356,0.0,1.0
67358,0.0,1.0
67361,0.0,1.0
67366,0.0,1.0
67368,0.0,1.0
67380,1.0,0.0
67392,0.0,1.0
67394,0.0,1.0
67400,0.0,1.0
67404,0.0,1.0
67409,0.0,1.0
67411,0.0,1.0
67418,0.0,1.0
67425,0.0,1.0
67428,0.0,1.0
67435,0.0,1.0
67439,0.0,1.0
67463,0.0,1.0
67464,0.0,1.0
67467,0.0,1.0
67468,0.0,1.0
67469,0.0,1.0
67474,0.0,1.0
67484,0.0,1.0
67492,1.0,0.0
67498,0.0,1.0
67507,0.0,1.0
67510,1.0,0.0
67513,0.0,1.0
67519,0.0,1.0
67529,0.0,1.0
67530,0.0,1.0
67538,0.0,1.0
67547,0.0,1.0
67554,1.0,0.0
67566,0.0,1.0
67570,0.0,1.0
67573,0.0,1.0
67594,1.0,0.0
67599,0.0,1.0
67600,0.0,1.0
67608,0.0,1.0
67611,1.0,0.0
67616,1.0,0.0
67618,1.0,0.0
67628,0.0,1.0
67629,0.0,1.0
67644,0.0,1.0
67645,0.0,1.0
67657,0.0,1.0
67666,0.0,1.0
67673,0.0,1.0
67686,0.0,1.0
67688,0.0,1.0
67703,0.0,1.0
67704,0.0,1.0
67712,0.0,1.0
67724,0.0,1.0
67730,0.0,1.0
67731,0.0,1.0
67740,0.0,1.0
67743,1.0,0.0
67753,0.0,1.0
67756,0.0,1.0
67771,0.0,1.0
67777,0.0,1.0
67781,1.0,0.0
67790,0.0,1.0
67795,0.0,1.0
67797,0.0,1.0
67801,0.0,1.0
67808,0.0,1.0
67827,1.0,0.0
67837,0.0,1.0
67839,1.0,0.0
67846,0.0,1.0
67849,0.0,1.0
67854,0.0,1.0
67862,0.0,1.0
67863,0.0,1.0
67866,0.0,1.0
67871,0.0,1.0
67880,0.0,1.0
67885,0.0,1.0
67887,0.0,1.0
67890,0.0,1.0
67912,0.0,1.0
67917,0.0,1.0
67920,0.0,1.0
67923,1.0,0.0
67938,0.0,1.0
67943,1.0,0.0
67946,1.0,0.0
67962,0.0,1.0
67971,0.0,1.0
67982,0.0,1.0
67985,0.0,1.0
67996,0.0,1.0
68004,0.0,1.0
68011,0.0,1.0
68012,0.0,1.0
68015,0.0,1.0
68042,0.0,1.0
68055,0.0,1.0
68056,0.0,1.0
68062,0.0,1.0
68063,0.0,1.0
68071,0.0,1.0
68076,0.0,1.0
68078,0.0,1.0
68084,0.0,1.0
68087,0.0,1.0
68092,0.0,1.0
68100,0.0,1.0
68104,0.0,1.0
68108,0.0,1.0
68118,0.0,1.0
68119,0.0,1.0
68120,0.0,1.0
68125,0.0,1.0
68148,0.0,1.0
68151,0.0,1.0
68161,0.0,1.0
68162,0.0,1.0
68170,0.0,1.0
68186,1.0,0.0
68187,0.0,1.0
68195,1.0,0.0
68205,0.0,1.0
68221,0.0,1.0
68231,0.0,1.0
68240,0.0,1.0
68263,0.0,1.0
68266,1.0,0.0
68286,0.0,1.0
68288,0.0,1.0
68291,0.0,1.0
68300,0.0,1.0
68309,0.0,1.0
68312,0.0,1.0
68313,0.0,1.0
68316,0.0,1.0
68328,0.0,1.0
68334,0.0,1.0
68337,1.0,0.0
68342,0.0,1.0
68355,0.0,1.0
68377,0.0,1.0
68384,0.0,1.0
68388,0.0,1.0
68390,0.0,1.0
68393,0.0,1.0
68398,0.0,1.0
68399,0.0,1.0
68403,0.0,1.0
68414,0.0,1.0
68416,0.0,1.0
68423,0.0,1.0
68427,0.0,1.0
68451,0.0,1.0
68458,0.0,1.0
68477,0.0,1.0
68484,0.0,1.0
68489,0.0,1.0
68490,1.0,0.0
68493,0.0,1.0
68496,1.0,0.0
68509,0.0,1.0
68510,0.0,1.0
68512,0.0,1.0
68513,0.0,1.0
68515,0.0,1.0
68518,0.0,1.0
68519,0.0,1.0
68520,0.0,1.0
68526,0.0,1.0
68544,0.0,1.0
68546,0.0,1.0
68549,0.0,1.0
68550,0.0,1.0
68552,0.0,1.0
68561,0.0,1.0
68567,0.0,1.0
68589,0.0,1.0
68601,0.0,1.0
68605,0.0,1.0
68634,0.0,1.0
68642,0.0,1.0
68644,0.0,1.0
68646,1.0,0.0
68647,0.0,1.0
68650,0.0,1.0
68651,0.0,1.0
68652,0.0,1.0
68656,0.0,1.0
68664,0.0,1.0
68668,0.0,1.0
68672,0.0,1.0
68674,1.0,0.0
68675,1.0,0.0
68689,0.0,1.0
68690,0.0,1.0
68692,0.0,1.0
68711,0.0,1.0
68712,0.0,1.0
68713,1.0,0.0
68719,0.0,1.0
68721,0.0,1.0
68725,0.0,1.0
68726,1.0,0.0
68732,0.0,1.0
68733,0.0,1.0
68739,0.0,1.0
68745,1.0,0.0
68748,0.0,1.0
68749,0.0,1.0
68753,0.0,1.0
68762,0.0,1.0
68769,0.0,1.0
68775,1.0,0.0
68776,1.0,0.0
68780,0.0,1.0
68789,0.0,1.0
68795,0.0,1.0
68798,1.0,0.0
68806,0.0,1.0
68812,0.0,1.0
68822,0.0,1.0
68824,0.0,1.0
68828,0.0,1.0
68848,0.0,1.0
68854,0.0,1.0
68857,0.0,1.0
68859,1.0,0.0
68866,1.0,0.0
68870,0.0,1.0
68875,0.0,1.0
68876,0.0,1.0
68877,0.0,1.0
68893,0.0,1.0
68899,0.0,1.0
68900,0.0,1.0
68907,0.0,1.0
68919,0.0,1.0
68921,1.0,0.0
68930,0.0,1.0
68937,1.0,0.0
68944,0.0,1.0
68948,0.0,1.0
68957,0.0,1.0
68960,0.0,1.0
68966,1.0,0.0
68968,0.0,1.0
68975,0.0,1.0
69010,0.0,1.0
69011,0.0,1.0
69021,1.0,0.0
69024,0.0,1.0
69032,0.0,1.0
69036,0.0,1.0
69040,0.0,1.0
69042,0.0,1.0
69056,0.0,1.0
69057,0.0,1.0
69059,0.0,1.0
69066,0.0,1.0
69068,0.0,1.0
69073,0.0,1.0
69074,0.0,1.0
69077,0.0,1.0
69078,0.0,1.0
69083,1.0,0.0
69096,0.0,1.0
69100,0.0,1.0
69102,0.0,1.0
69105,0.0,1.0
69108,0.0,1.0
69110,0.0,1.0
69127,0.0,1.0
69132,0.0,1.0
69139,0.0,1.0
69148,0.0,1.0
69151,0.0,1.0
69158,0.0,1.0
69183,0.0,1.0
69187,0.0,1.0
69195,0.0,1.0
69196,0.0,1.0
69198,0.0,1.0
69199,0.0,1.0
69203,0.0,1.0
69204,0.0,1.0
69208,0.0,1.0
69217,0.0,1.0
69228,1.0,0.0
69229,0.0,1.0
69233,0.0,1.0
69236,0.0,1.0
69240,1.0,0.0
69242,1.0,0.0
69247,0.0,1.0
69249,0.0,1.0
69252,0.0,1.0
69255,0.0,1.0
69256,0.0,1.0
69264,0.0,1.0
69265,0.0,1.0
69274,0.0,1.0
69276,1.0,0.0
69283,0.0,1.0
69296,0.0,1.0
69297,1.0,0.0
69302,1.0,0.0
69304,1.0,0.0
69309,0.0,1.0
69322,0.0,1.0
69337,0.0,1.0
69340,0.0,1.0
69342,0.0,1.0
69351,1.0,0.0
69358,0.0,1.0
69368,0.0,1.0
69380,0.0,1.0
69381,0.0,1.0
69383,0.0,1.0
69404,0.0,1.0
69405,0.0,1.0
69407,0.0,1.0
69409,0.0,1.0
69412,0.0,1.0
69417,0.0,1.0
69429,0.0,1.0
69437,0.0,1.0
69454,0.0,1.0
69458,0.0,1.0
69472,1.0,0.0
69476,0.0,1.0
69478,0.0,1.0
69485,1.0,0.0
69488,0.0,1.0
69491,1.0,0.0
69496,1.0,0.0
69503,0.0,1.0
69505,1.0,0.0
69510,0.0,1.0
69517,0.0,1.0
69527,0.0,1.0
69529,0.0,1.0
69532,1.0,0.0
69538,0.0,1.0
69544,0.0,1.0
69545,0.0,1.0
69551,0.0,1.0
69553,0.0,1.0
69554,1.0,0.0
69556,0.0,1.0
69557,0.0,1.0
69570,0.0,1.0
69573,0.0,1.0
69583,0.0,1.0
69586,0.0,1.0
69590,0.0,1.0
69597,1.0,0.0
69599,0.0,1.0
69610,0.0,1.0
69613,0.0,1.0
69615,0.0,1.0
69617,1.0,0.0
69620,0.0,1.0
69626,1.0,0.0
69631,0.0,1.0
69632,0.0,1.0
69645,0.0,1.0
69648,0.0,1.0
69649,0.0,1.0
69652,0.0,1.0
69659,0.0,1.0
69673,0.0,1.0
69683,0.0,1.0
69685,0.0,1.0
69688,0.0,1.0
69689,0.0,1.0
69694,0.0,1.0
69703,0.0,1.0
69719,0.0,1.0
69720,0.0,1.0
69734,0.0,1.0
69738,1.0,0.0
69743,0.0,1.0
69755,0.0,1.0
69758,1.0,0.0
69761,0.0,1.0
69766,1.0,0.0
69767,0.0,1.0
69770,0.0,1.0
69775,0.0,1.0
69778,0.0,1.0
69791,1.0,0.0
69800,0.0,1.0
69802,1.0,0.0
69804,0.0,1.0
69807,0.0,1.0
69810,1.0,0.0
69814,0.0,1.0
69816,0.0,1.0
69818,0.0,1.0
69819,0.0,1.0
69824,0.0,1.0
69863,1.0,0.0
69868,1.0,0.0
69880,0.0,1.0
69882,1.0,0.0
69887,0.0,1.0
69888,0.0,1.0
69894,0.0,1.0
69903,0.0,1.0
69912,1.0,0.0
69919,0.0,1.0
69920,0.0,1.0
69926,0.0,1.0
69927,0.0,1.0
69932,0.0,1.0
69937,0.0,1.0
69939,1.0,0.0
69943,0.0,1.0
69945,0.0,1.0
69950,0.0,1.0
69958,1.0,0.0
69962,0.0,1.0
69973,0.0,1.0
69975,0.0,1.0
69990,0.0,1.0
69991,0.0,1.0
69996,0.0,1.0
70003,0.0,1.0
70009,0.0,1.0
70014,0.0,1.0
70021,0.0,1.0
70023,0.0,1.0
70025,0.0,1.0
70031,0.0,1.0
70039,0.0,1.0
70041,0.0,1.0
70049,0.0,1.0
70052,0.0,1.0
70054,1.0,0.0
70057,0.0,1.0
70058,0.0,1.0
70059,0.0,1.0
70061,0.0,1.0
70070,1.0,0.0
70073,0.0,1.0
70075,0.0,1.0
70081,0.0,1.0
70088,0.0,1.0
70089,0.0,1.0
70095,0.0,1.0
70110,0.0,1.0
70118,0.0,1.0
70122,0.0,1.0
70125,0.0,1.0
70126,0.0,1.0
70127,0.0,1.0
70145,0.0,1.0
70148,0.0,1.0
70151,0.0,1.0
70159,1.0,0.0
70160,0.0,1.0
70171,0.0,1.0
70174,1.0,0.0
70178,0.0,1.0
70184,0.0,1.0
70193,0.0,1.0
70201,0.0,1.0
70203,0.0,1.0
70212,0.0,1.0
70222,0.0,1.0
70230,1.0,0.0
70247,0.0,1.0
70250,0.0,1.0
70258,0.0,1.0
70259,0.0,1.0
70261,0.0,1.0
70262,0.0,1.0
70280,0.0,1.0
70290,0.0,1.0
70291,1.0,0.0
70294,0.0,1.0
70307,0.0,1.0
70309,1.0,0.0
70320,0.0,1.0
70324,0.0,1.0
70331,1.0,0.0
70352,0.0,1.0
70358,0.0,1.0
70363,1.0,0.0
70385,0.0,1.0
70386,0.0,1.0
70390,1.0,0.0
70394,1.0,0.0
70400,0.0,1.0
70402,0.0,1.0
70415,0.0,1.0
70418,0.0,1.0
70434,1.0,0.0
70449,0.0,1.0
70453,0.0,1.0
70464,0.0,1.0
70469,1.0,0.0
70477,0.0,1.0
70483,0.0,1.0
70485,0.0,1.0
70492,0.0,1.0
70493,0.0,1.0
70499,1.0,0.0
70505,0.0,1.0
70506,0.0,1.0
70508,0.0,1.0
70519,0.0,1.0
70539,0.0,1.0
70552,1.0,0.0
70555,0.0,1.0
70565,0.0,1.0
70566,0.0,1.0
70569,0.0,1.0
70571,0.0,1.0
70576,0.0,1.0
70578,0.0,1.0
70583,0.0,1.0
70590,0.0,1.0
70596,0.0,1.0
70606,0.0,1.0
70611,0.0,1.0
70614,0.0,1.0
70626,0.0,1.0
70628,0.0,1.0
70631,1.0,0.0
70635,1.0,0.0
70636,1.0,0.0
70656,0.0,1.0
70663,0.0,1.0
70666,0.0,1.0
70672,0.0,1.0
70673,0.0,1.0
70684,0.0,1.0
70685,0.0,1.0
70690,0.0,1.0
70699,0.0,1.0
70704,0.0,1.0
70708,1.0,0.0
70711,0.0,1.0
70718,0.0,1.0
70724,1.0,0.0
70725,0.0,1.0
70727,0.0,1.0
70729,0.0,1.0
70730,0.0,1.0
70744,0.0,1.0
70750,0.0,1.0
70752,0.0,1.0
70760,0.0,1.0
70761,0.0,1.0
70770,1.0,0.0
70780,1.0,0.0
70783,0.0,1.0
70784,0.0,1.0
70787,0.0,1.0
70789,0.0,1.0
70793,0.0,1.0
70796,0.0,1.0
70804,0.0,1.0
70811,1.0,0.0
70813,1.0,0.0
70815,0.0,1.0
70822,0.0,1.0
70825,0.0,1.0
70831,1.0,0.0
70837,0.0,1.0
70873,0.0,1.0
70879,1.0,0.0
70900,0.0,1.0
70901,1.0,0.0
70903,0.0,1.0
70908,1.0,0.0
70914,0.0,1.0
70916,0.0,1.0
70926,0.0,1.0
70938,1.0,0.0
70942,1.0,0.0
70948,0.0,1.0
70953,0.0,1.0
70956,0.0,1.0
70968,0.0,1.0
70969,0.0,1.0
70989,0.0,1.0
70992,0.0,1.0
71002,0.0,1.0
71003,1.0,0.0
71006,0.0,1.0
71011,0.0,1.0
71015,1.0,0.0
71016,0.0,1.0
71027,0.0,1.0
71029,0.0,1.0
71033,0.0,1.0
71034,0.0,1.0
71035,0.0,1.0
71037,0.0,1.0
71039,0.0,1.0
71052,1.0,0.0
71054,0.0,1.0
71059,0.0,1.0
71060,0.0,1.0
71063,1.0,0.0
71069,0.0,1.0
71079,0.0,1.0
71086,0.0,1.0
71088,0.0,1.0
71092,0.0,1.0
71098,0.0,1.0
71099,0.0,1.0
71126,0.0,1.0
71140,1.0,0.0
71144,0.0,1.0
71153,0.0,1.0
71156,0.0,1.0
71162,0.0,1.0
71163,0.0,1.0
71167,0.0,1.0
71171,0.0,1.0
71182,0.0,1.0
71196,0.0,1.0
71204,1.0,0.0
71205,0.0,1.0
71217,1.0,0.0
71229,0.0,1.0
71233,1.0,0.0
71241,0.0,1.0
71248,0.0,1.0
71254,0.0,1.0
71256,0.0,1.0
71258,1.0,0.0
71261,0.0,1.0
71278,0.0,1.0
71279,0.0,1.0
71281,0.0,1.0
71282,1.0,0.0
71286,0.0,1.0
71288,0.0,1.0
71290,1.0,0.0
71307,0.0,1.0
71308,0.0,1.0
71319,0.0,1.0
71326,0.0,1.0
71334,0.0,1.0
71365,0.0,1.0
71367,0.0,1.0
71386,1.0,0.0
71391,0.0,1.0
71392,1.0,0.0
71393,0.0,1.0
71419,1.0,0.0
71440,0.0,1.0
71448,1.0,0.0
71461,0.0,1.0
71491,0.0,1.0
71504,0.0,1.0
71521,0.0,1.0
71522,0.0,1.0
71529,1.0,0.0
71530,0.0,1.0
71534,0.0,1.0
71535,0.0,1.0
71545,0.0,1.0
71558,1.0,0.0
71562,0.0,1.0
71571,0.0,1.0
71573,0.0,1.0
71578,0.0,1.0
71581,0.0,1.0
71592,1.0,0.0
71605,1.0,0.0
71616,0.0,1.0
71645,0.0,1.0
71649,0.0,1.0
71656,0.0,1.0
71669,0.0,1.0
71670,0.0,1.0
71671,0.0,1.0
71700,1.0,0.0
71702,0.0,1.0
71703,0.0,1.0
71715,1.0,0.0
71726,0.0,1.0
71729,0.0,1.0
71734,0.0,1.0
71743,0.0,1.0
71745,0.0,1.0
71750,1.0,0.0
71755,1.0,0.0
71757,0.0,1.0
71759,1.0,0.0
71761,0.0,1.0
71764,0.0,1.0
71771,0.0,1.0
71774,1.0,0.0
71776,0.0,1.0
71777,0.0,1.0
71781,1.0,0.0
71782,0.0,1.0
71785,1.0,0.0
71790,0.0,1.0
71791,0.0,1.0
71804,1.0,0.0
71811,0.0,1.0
71816,0.0,1.0
71818,0.0,1.0
71844,0.0,1.0
71852,0.0,1.0
71855,0.0,1.0
71858,0.0,1.0
71868,0.0,1.0
71875,0.0,1.0
71876,1.0,0.0
71882,0.0,1.0
71896,0.0,1.0
71904,0.0,1.0
71912,0.0,1.0
71917,1.0,0.0
71919,0.0,1.0
71928,1.0,0.0
71935,0.0,1.0
71942,0.0,1.0
71949,0.0,1.0
71950,1.0,0.0
71964,1.0,0.0
71965,1.0,0.0
71966,1.0,0.0
71969,0.0,1.0
71971,0.0,1.0
71975,1.0,0.0
71983,0.0,1.0
71986,0.0,1.0
71987,0.0,1.0
71996,1.0,0.0
72023,0.0,1.0
72030,1.0,0.0
72044,0.0,1.0
72067,0.0,1.0
72071,0.0,1.0
72088,0.0,1.0
72089,0.0,1.0
72101,0.0,1.0
72102,1.0,0.0
72112,1.0,0.0
72122,0.0,1.0
72127,1.0,0.0
72136,0.0,1.0
72143,0.0,1.0
72148,1.0,0.0
72153,0.0,1.0
72160,0.0,1.0
72165,0.0,1.0
72166,0.0,1.0
72178,0.0,1.0
72181,0.0,1.0
72187,0.0,1.0
72194,0.0,1.0
72217,0.0,1.0
72226,0.0,1.0
72240,0.0,1.0
72246,1.0,0.0
72252,0.0,1.0
72254,0.0,1.0
72255,0.0,1.0
72256,0.0,1.0
72265,0.0,1.0
72269,1.0,0.0
72283,0.0,1.0
72291,1.0,0.0
72296,0.0,1.0
72308,0.0,1.0
72347,0.0,1.0
72357,0.0,1.0
72359,0.0,1.0
72368,0.0,1.0
72369,0.0,1.0
72371,0.0,1.0
72382,0.0,1.0
72388,0.0,1.0
72393,1.0,0.0
72394,0.0,1.0
72395,0.0,1.0
72408,1.0,0.0
72425,0.0,1.0
72430,0.0,1.0
72437,0.0,1.0
72445,0.0,1.0
72447,0.0,1.0
72462,0.0,1.0
72475,0.0,1.0
72481,0.0,1.0
72486,1.0,0.0
72491,0.0,1.0
72496,0.0,1.0
72513,0.0,1.0
72514,0.0,1.0
72515,0.0,1.0
72518,1.0,0.0
72521,0.0,1.0
72524,1.0,0.0
72525,0.0,1.0
72550,0.0,1.0
72555,1.0,0.0
72559,0.0,1.0
72561,0.0,1.0
72562,0.0,1.0
72566,0.0,1.0
72571,0.0,1.0
72573,0.0,1.0
72574,0.0,1.0
72579,0.0,1.0
72582,0.0,1.0
72589,1.0,0.0
72590,0.0,1.0
72592,1.0,0.0
72596,0.0,1.0
72599,0.0,1.0
72600,0.0,1.0
72603,0.0,1.0
72609,1.0,0.0
72610,0.0,1.0
72619,1.0,0.0
72621,0.0,1.0
72624,0.0,1.0
72631,0.0,1.0
72632,1.0,0.0
72644,0.0,1.0
72651,0.0,1.0
72661,0.0,1.0
72665,0.0,1.0
72667,1.0,0.0
72671,0.0,1.0
72674,1.0,0.0
72685,0.0,1.0
72712,1.0,0.0
72713,0.0,1.0
72715,1.0,0.0
72734,0.0,1.0
72736,0.0,1.0
72737,0.0,1.0
72767,0.0,1.0
72772,0.0,1.0
72775,0.0,1.0
72788,0.0,1.0
72789,0.0,1.0
72807,0.0,1.0
72809,0.0,1.0
72813,0.0,1.0
72814,0.0,1.0
72820,0.0,1.0
72837,0.0,1.0
72850,0.0,1.0
72856,1.0,0.0
72861,0.0,1.0
72862,1.0,0.0
72869,0.0,1.0
72872,0.0,1.0
72876,0.0,1.0
72887,0.0,1.0
72888,0.0,1.0
72889,0.0,1.0
72893,0.0,1.0
72895,0.0,1.0
72897,0.0,1.0
72900,0.0,1.0
72912,0.0,1.0
72928,0.0,1.0
72932,0.0,1.0
72934,0.0,1.0
72943,0.0,1.0
72953,0.0,1.0
72958,1.0,0.0
72974,0.0,1.0
72975,0.0,1.0
72991,0.0,1.0
72993,0.0,1.0
72996,0.0,1.0
73005,0.0,1.0
73007,1.0,0.0
73012,0.0,1.0
73014,1.0,0.0
73018,0.0,1.0
73019,0.0,1.0
73026,0.0,1.0
73045,0.0,1.0
73047,0.0,1.0
73061,0.0,1.0
73070,0.0,1.0
73078,1.0,0.0
73095,0.0,1.0
73133,0.0,1.0
73151,0.0,1.0
73164,0.0,1.0
73175,0.0,1.0
73179,0.0,1.0
73193,0.0,1.0
73194,0.0,1.0
73195,0.0,1.0
73198,0.0,1.0
73199,1.0,0.0
73202,0.0,1.0
73203,1.0,0.0
73207,1.0,0.0
73208,0.0,1.0
73221,0.0,1.0
73233,0.0,1.0
73237,1.0,0.0
73241,0.0,1.0
73247,0.0,1.0
73255,0.0,1.0
73259,0.0,1.0
73268,0.0,1.0
73270,0.0,1.0
73281,0.0,1.0
73294,0.0,1.0
73297,0.0,1.0
73298,0.0,1.0
73316,0.0,1.0
73318,0.0,1.0
73325,0.0,1.0
73336,0.0,1.0
73340,0.0,1.0
73348,0.0,1.0
73354,0.0,1.0
73369,0.0,1.0
73370,0.0,1.0
73371,0.0,1.0
73373,0.0,1.0
73391,1.0,0.0
73394,0.0,1.0
73406,0.0,1.0
73408,0.0,1.0
73418,0.0,1.0
73423,0.0,1.0
73429,0.0,1.0
73432,0.0,1.0
73433,0.0,1.0
73443,0.0,1.0
73447,0.0,1.0
73452,1.0,0.0
73453,0.0,1.0
73467,0.0,1.0
73473,0.0,1.0
73476,0.0,1.0
73478,1.0,0.0
73493,0.0,1.0
73499,0.0,1.0
73505,0.0,1.0
73507,1.0,0.0
73514,0.0,1.0
73528,0.0,1.0
73531,0.0,1.0
73533,0.0,1.0
73537,0.0,1.0
73539,0.0,1.0
73544,0.0,1.0
73545,1.0,0.0
73550,0.0,1.0
73554,1.0,0.0
73555,1.0,0.0
73556,1.0,0.0
73558,0.0,1.0
73570,0.0,1.0
73575,0.0,1.0
73576,0.0,1.0
73598,0.0,1.0
73612,0.0,1.0
73613,0.0,1.0
73631,0.0,1.0
73634,0.0,1.0
73639,0.0,1.0
73641,0.0,1.0
73647,0.0,1.0
73650,0.0,1.0
73659,0.0,1.0
73668,0.0,1.0
73669,0.0,1.0
73682,0.0,1.0
73686,1.0,0.0
73687,0.0,1.0
73694,0.0,1.0
73698,0.0,1.0
73704,0.0,1.0
73706,0.0,1.0
73712,0.0,1.0
73724,0.0,1.0
73725,0.0,1.0
73728,0.0,1.0
73730,0.0,1.0
73734,0.0,1.0
73740,0.0,1.0
73741,0.0,1.0
73746,1.0,0.0
73749,0.0,1.0
73754,0.0,1.0
73757,0.0,1.0
73759,0.0,1.0
73763,0.0,1.0
73772,0.0,1.0
73786,0.0,1.0
73797,0.0,1.0
73800,0.0,1.0
73805,0.0,1.0
73806,0.0,1.0
73810,0.0,1.0
73813,0.0,1.0
73819,0.0,1.0
73834,1.0,0.0
73838,1.0,0.0
73844,0.0,1.0
73854,0.0,1.0
73857,0.0,1.0
73858,0.0,1.0
73868,0.0,1.0
73871,0.0,1.0
73878,0.0,1.0
73880,0.0,1.0
73881,0.0,1.0
73882,1.0,0.0
73891,0.0,1.0
73892,0.0,1.0
73904,0.0,1.0
73931,0.0,1.0
73934,0.0,1.0
73936,0.0,1.0
73948,1.0,0.0
73950,0.0,1.0
73952,0.0,1.0
73958,0.0,1.0
73963,0.0,1.0
73966,0.0,1.0
73970,0.0,1.0
73977,0.0,1.0
73979,0.0,1.0
73999,0.0,1.0
74013,0.0,1.0
74025,0.0,1.0
74034,0.0,1.0
74035,0.0,1.0
74036,0.0,1.0
74038,0.0,1.0
74048,0.0,1.0
74049,0.0,1.0
74051,0.0,1.0
74053,0.0,1.0
74056,0.0,1.0
74079,0.0,1.0
74093,0.0,1.0
74106,0.0,1.0
74120,1.0,0.0
74127,1.0,0.0
74129,0.0,1.0
74146,0.0,1.0
74150,0.0,1.0
74152,0.0,1.0
74156,0.0,1.0
74157,1.0,0.0
74164,0.0,1.0
74169,0.0,1.0
74172,1.0,0.0
74185,0.0,1.0
74191,0.0,1.0
74198,0.0,1.0
74199,0.0,1.0
74204,0.0,1.0
74205,0.0,1.0
74208,0.0,1.0
74213,0.0,1.0
74216,0.0,1.0
74219,0.0,1.0
74226,0.0,1.0
74232,0.0,1.0
74235,1.0,0.0
74248,1.0,0.0
74258,0.0,1.0
74272,0.0,1.0
74276,0.0,1.0
74278,0.0,1.0
74280,1.0,0.0
74285,0.0,1.0
74287,0.0,1.0
74288,0.0,1.0
74293,0.0,1.0
74298,0.0,1.0
74301,1.0,0.0
74309,0.0,1.0
74313,0.0,1.0
74317,0.0,1.0
74327,0.0,1.0
74333,0.0,1.0
74341,0.0,1.0
74358,0.0,1.0
74361,0.0,1.0
74375,0.0,1.0
74376,0.0,1.0
74378,0.0,1.0
74386,0.0,1.0
74393,0.0,1.0
74406,1.0,0.0
74410,0.0,1.0
74411,0.0,1.0
74416,0.0,1.0
74417,0.0,1.0
74424,0.0,1.0
74433,0.0,1.0
74435,0.0,1.0
74438,0.0,1.0
74440,0.0,1.0
74466,0.0,1.0
74490,0.0,1.0
74497,0.0,1.0
74515,0.0,1.0
74518,0.0,1.0
74522,0.0,1.0
74527,1.0,0.0
74546,0.0,1.0
74548,1.0,0.0
74554,0.0,1.0
74561,0.0,1.0
74567,0.0,1.0
74573,1.0,0.0
74574,1.0,0.0
74580,0.0,1.0
74581,1.0,0.0
74606,0.0,1.0
74613,0.0,1.0
74620,0.0,1.0
74627,0.0,1.0
74629,0.0,1.0
74630,0.0,1.0
74631,0.0,1.0
74633,0.0,1.0
74639,0.0,1.0
74640,0.0,1.0
74652,0.0,1.0
74654,0.0,1.0
74658,0.0,1.0
74660,0.0,1.0
74674,0.0,1.0
74681,0.0,1.0
74691,0.0,1.0
74711,0.0,1.0
74717,0.0,1.0
74719,0.0,1.0
74723,1.0,0.0
74729,0.0,1.0
74732,0.0,1.0
74735,1.0,0.0
74737,0.0,1.0
74741,0.0,1.0
74745,0.0,1.0
74746,0.0,1.0
74747,0.0,1.0
74748,0.0,1.0
74755,1.0,0.0
74758,0.0,1.0
74765,0.0,1.0
74773,0.0,1.0
74785,0.0,1.0
74799,0.0,1.0
74805,1.0,0.0
74806,1.0,0.0
74807,0.0,1.0
74827,1.0,0.0
74834,0.0,1.0
74839,0.0,1.0
74849,0.0,1.0
74864,1.0,0.0
74866,1.0,0.0
74876,0.0,1.0
74880,0.0,1.0
74881,0.0,1.0
74889,1.0,0.0
74900,1.0,0.0
74902,0.0,1.0
74904,0.0,1.0
74912,0.0,1.0
74913,0.0,1.0
74919,1.0,0.0
74926,0.0,1.0
74931,0.0,1.0
74938,0.0,1.0
74940,0.0,1.0
74947,0.0,1.0
74951,0.0,1.0
74953,0.0,1.0
74958,0.0,1.0
74959,0.0,1.0
74969,0.0,1.0
74987,0.0,1.0
74989,1.0,0.0
74994,0.0,1.0
74997,0.0,1.0
74999,0.0,1.0
75006,0.0,1.0
75009,0.0,1.0
75032,0.0,1.0
75037,0.0,1.0
75044,0.0,1.0
75046,0.0,1.0
75053,1.0,0.0
75054,0.0,1.0
75056,0.0,1.0
75060,0.0,1.0
75061,0.0,1.0
75074,0.0,1.0
75075,0.0,1.0
75078,0.0,1.0
75085,0.0,1.0
75088,0.0,1.0
75093,0.0,1.0
75102,0.0,1.0
75112,0.0,1.0
75117,0.0,1.0
75125,1.0,0.0
75150,0.0,1.0
75156,0.0,1.0
75159,0.0,1.0
75161,0.0,1.0
75168,0.0,1.0
75170,0.0,1.0
75189,0.0,1.0
75191,0.0,1.0
75192,0.0,1.0
75198,0.0,1.0
75220,1.0,0.0
75237,1.0,0.0
75249,0.0,1.0
75265,0.0,1.0
75277,0.0,1.0
75278,0.0,1.0
75280,0.0,1.0
75314,0.0,1.0
75315,0.0,1.0
75317,0.0,1.0
75321,1.0,0.0
75328,0.0,1.0
75339,0.0,1.0
75342,0.0,1.0
75355,0.0,1.0
75360,0.0,1.0
75379,0.0,1.0
75380,0.0,1.0
75381,0.0,1.0
75389,0.0,1.0
75392,0.0,1.0
75395,0.0,1.0
75414,0.0,1.0
75422,0.0,1.0
75425,0.0,1.0
75433,0.0,1.0
75437,0.0,1.0
75438,0.0,1.0
75439,0.0,1.0
75440,0.0,1.0
75441,1.0,0.0
75444,0.0,1.0
75445,0.0,1.0
75447,0.0,1.0
75449,0.0,1.0
75451,1.0,0.0
75453,0.0,1.0
75455,0.0,1.0
75491,0.0,1.0
75494,1.0,0.0
75505,0.0,1.0
75506,0.0,1.0
75508,1.0,0.0
75513,0.0,1.0
75524,0.0,1.0
75530,1.0,0.0
75532,0.0,1.0
75534,0.0,1.0
75538,0.0,1.0
75543,1.0,0.0
75552,0.0,1.0
75564,0.0,1.0
75577,0.0,1.0
75580,1.0,0.0
75589,0.0,1.0
75598,0.0,1.0
75601,1.0,0.0
75603,0.0,1.0
75606,0.0,1.0
75613,0.0,1.0
75627,0.0,1.0
75631,1.0,0.0
75634,0.0,1.0
75635,0.0,1.0
75638,0.0,1.0
75643,0.0,1.0
75645,0.0,1.0
75674,0.0,1.0
75676,0.0,1.0
75678,0.0,1.0
75689,0.0,1.0
75701,0.0,1.0
75707,0.0,1.0
75711,0.0,1.0
75712,0.0,1.0
75714,0.0,1.0
75722,0.0,1.0
75730,0.0,1.0
75731,0.0,1.0
75733,0.0,1.0
75753,0.0,1.0
75758,0.0,1.0
75762,1.0,0.0
75765,0.0,1.0
75779,0.0,1.0
75782,0.0,1.0
75786,0.0,1.0
75792,0.0,1.0
75798,0.0,1.0
75813,0.0,1.0
75816,0.0,1.0
75829,0.0,1.0
75831,1.0,0.0
75859,0.0,1.0
75869,0.0,1.0
75871,0.0,1.0
75877,0.0,1.0
75884,0.0,1.0
75890,0.0,1.0
75896,0.0,1.0
75900,1.0,0.0
75903,0.0,1.0
75904,0.0,1.0
75908,0.0,1.0
75911,1.0,0.0
75917,0.0,1.0
75926,0.0,1.0
75927,0.0,1.0
75928,0.0,1.0
75936,0.0,1.0
75963,0.0,1.0
75971,0.0,1.0
75977,0.0,1.0
75980,0.0,1.0
75981,0.0,1.0
75988,0.0,1.0
76002,0.0,1.0
76005,0.0,1.0
76017,0.0,1.0
76018,1.0,0.0
76021,0.0,1.0
76034,0.0,1.0
76035,0.0,1.0
76037,0.0,1.0
76040,0.0,1.0
76049,0.0,1.0
76051,1.0,0.0
76057,0.0,1.0
76062,0.0,1.0
76065,0.0,1.0
76068,0.0,1.0
76074,0.0,1.0
76082,0.0,1.0
76104,1.0,0.0
76115,0.0,1.0
76118,0.0,1.0
76132,0.0,1.0
76141,0.0,1.0
76148,0.0,1.0
76158,0.0,1.0
76163,0.0,1.0
76172,1.0,0.0
76177,1.0,0.0
76180,1.0,0.0
76185,0.0,1.0
76191,1.0,0.0
76198,0.0,1.0
76206,0.0,1.0
76217,0.0,1.0
76221,0.0,1.0
76223,0.0,1.0
76225,0.0,1.0
76227,0.0,1.0
76235,0.0,1.0
76243,0.0,1.0
76249,0.0,1.0
76252,0.0,1.0
76253,0.0,1.0
76263,0.0,1.0
76264,0.0,1.0
76271,0.0,1.0
76276,0.0,1.0
76280,0.0,1.0
76286,0.0,1.0
76300,0.0,1.0
76310,0.0,1.0
76326,0.0,1.0
76328,1.0,0.0
76331,1.0,0.0
76337,0.0,1.0
76373,0.0,1.0
76383,0.0,1.0
76387,0.0,1.0
76406,0.0,1.0
76409,1.0,0.0
76417,0.0,1.0
76431,0.0,1.0
76434,0.0,1.0
76435,0.0,1.0
76437,0.0,1.0
76440,0.0,1.0
76456,0.0,1.0
76457,0.0,1.0
76459,0.0,1.0
76462,0.0,1.0
76463,1.0,0.0
76464,0.0,1.0
76469,0.0,1.0
76470,0.0,1.0
76471,0.0,1.0
76477,0.0,1.0
76478,0.0,1.0
76490,1.0,0.0
76491,1.0,0.0
76492,1.0,0.0
76500,0.0,1.0
76517,0.0,1.0
76518,0.0,1.0
76541,0.0,1.0
76542,1.0,0.0
76546,0.0,1.0
76548,0.0,1.0
76565,1.0,0.0
76567,0.0,1.0
76574,0.0,1.0
76576,0.0,1.0
76581,0.0,1.0
76582,0.0,1.0
76588,0.0,1.0
76590,1.0,0.0
76596,0.0,1.0
76608,0.0,1.0
76610,1.0,0.0
76617,0.0,1.0
76618,0.0,1.0
76631,0.0,1.0
76640,0.0,1.0
76641,0.0,1.0
76642,0.0,1.0
76644,1.0,0.0
76645,0.0,1.0
76655,0.0,1.0
76656,0.0,1.0
76661,0.0,1.0
76666,0.0,1.0
76667,1.0,0.0
76681,0.0,1.0
76693,1.0,0.0
76711,0.0,1.0
76716,0.0,1.0
76718,0.0,1.0
76721,0.0,1.0
76722,0.0,1.0
76726,0.0,1.0
76728,0.0,1.0
76734,0.0,1.0
76744,0.0,1.0
76745,0.0,1.0
76758,0.0,1.0
76767,0.0,1.0
76772,0.0,1.0
76773,0.0,1.0
76775,0.0,1.0
76779,0.0,1.0
76784,0.0,1.0
76791,0.0,1.0
76796,0.0,1.0
76802,0.0,1.0
76814,1.0,0.0
76816,1.0,0.0
76821,0.0,1.0
76834,0.0,1.0
76839,0.0,1.0
76842,0.0,1.0
76847,0.0,1.0
76848,0.0,1.0
76851,0.0,1.0
76852,0.0,1.0
76854,0.0,1.0
76861,0.0,1.0
76862,0.0,1.0
76864,0.0,1.0
76867,0.0,1.0
76873,0.0,1.0
76884,0.0,1.0
76890,0.0,1.0
76891,1.0,0.0
76897,0.0,1.0
76903,0.0,1.0
76910,0.0,1.0
76911,0.0,1.0
76912,0.0,1.0
76917,0.0,1.0
76930,0.0,1.0
76933,0.0,1.0
76935,0.0,1.0
76936,0.0,1.0
76938,0.0,1.0
76944,0.0,1.0
76945,1.0,0.0
76946,0.0,1.0
76955,0.0,1.0
76968,0.0,1.0
76983,0.0,1.0
76985,0.0,1.0
76998,0.0,1.0
77000,0.0,1.0
77009,0.0,1.0
77012,0.0,1.0
77014,0.0,1.0
77023,0.0,1.0
77027,0.0,1.0
77028,0.0,1.0
77029,0.0,1.0
77032,0.0,1.0
77035,0.0,1.0
77053,0.0,1.0
77057,0.0,1.0
77064,0.0,1.0
77076,0.0,1.0
77096,0.0,1.0
77099,0.0,1.0
77101,0.0,1.0
77102,0.0,1.0
77104,1.0,0.0
77120,0.0,1.0
77122,1.0,0.0
77149,0.0,1.0
77151,1.0,0.0
77153,0.0,1.0
77156,1.0,0.0
77157,0.0,1.0
77161,0.0,1.0
77162,0.0,1.0
77163,0.0,1.0
77192,0.0,1.0
77194,0.0,1.0
77195,0.0,1.0
77196,0.0,1.0
77206,0.0,1.0
77214,0.0,1.0
77245,0.0,1.0
77248,0.0,1.0
77268,0.0,1.0
77281,1.0,0.0
77285,0.0,1.0
77297,0.0,1.0
77299,0.0,1.0
77302,0.0,1.0
77308,0.0,1.0
77315,1.0,0.0
77321,0.0,1.0
77323,0.0,1.0
77332,0.0,1.0
77344,0.0,1.0
77345,1.0,0.0
77355,0.0,1.0
77364,1.0,0.0
77381,0.0,1.0
77385,0.0,1.0
77388,0.0,1.0
77392,0.0,1.0
77399,0.0,1.0
77401,0.0,1.0
77407,0.0,1.0
77412,0.0,1.0
77414,1.0,0.0
77415,0.0,1.0
77417,0.0,1.0
77421,1.0,0.0
77433,0.0,1.0
77443,0.0,1.0
77446,0.0,1.0
77451,1.0,0.0
77452,0.0,1.0
77454,0.0,1.0
77467,0.0,1.0
77470,0.0,1.0
77474,0.0,1.0
77500,0.0,1.0
77519,0.0,1.0
77524,1.0,0.0
77527,0.0,1.0
77539,1.0,0.0
77545,0.0,1.0
77558,1.0,0.0
77562,0.0,1.0
77566,0.0,1.0
77571,0.0,1.0
77574,1.0,0.0
77582,1.0,0.0
77583,0.0,1.0
77588,0.0,1.0
77593,1.0,0.0
77599,0.0,1.0
77605,0.0,1.0
77616,0.0,1.0
77619,0.0,1.0
77621,0.0,1.0
77624,0.0,1.0
77626,1.0,0.0
77642,0.0,1.0
77645,1.0,0.0
77648,0.0,1.0
77650,0.0,1.0
77652,0.0,1.0
77653,0.0,1.0
77656,1.0,0.0
77666,0.0,1.0
77675,0.0,1.0
77678,1.0,0.0
77682,1.0,0.0
77689,0.0,1.0
77692,0.0,1.0
77695,1.0,0.0
77715,0.0,1.0
77726,0.0,1.0
77744,0.0,1.0
77750,0.0,1.0
77751,0.0,1.0
77758,0.0,1.0
77763,0.0,1.0
77766,0.0,1.0
77772,0.0,1.0
77773,0.0,1.0
77774,0.0,1.0
77779,0.0,1.0
77780,0.0,1.0
77783,0.0,1.0
77792,1.0,0.0
77794,0.0,1.0
77804,0.0,1.0
77805,0.0,1.0
77814,0.0,1.0
77822,1.0,0.0
77824,0.0,1.0
77826,0.0,1.0
77827,0.0,1.0
77831,1.0,0.0
77834,0.0,1.0
77836,0.0,1.0
77838,1.0,0.0
77848,1.0,0.0
77851,0.0,1.0
77854,0.0,1.0
77857,0.0,1.0
77863,0.0,1.0
77868,0.0,1.0
77877,0.0,1.0
77882,0.0,1.0
77891,0.0,1.0
77893,1.0,0.0
77894,0.0,1.0
77898,1.0,0.0
77900,1.0,0.0
77903,0.0,1.0
77912,0.0,1.0
77913,0.0,1.0
77915,0.0,1.0
77926,0.0,1.0
77928,0.0,1.0
77931,0.0,1.0
77953,1.0,0.0
77955,0.0,1.0
77957,0.0,1.0
77968,0.0,1.0
77976,0.0,1.0
78001,1.0,0.0
78012,0.0,1.0
78016,0.0,1.0
78017,1.0,0.0
78020,1.0,0.0
78028,0.0,1.0
78033,0.0,1.0
78035,0.0,1.0
78037,0.0,1.0
78038,0.0,1.0
78042,0.0,1.0
78044,0.0,1.0
78048,0.0,1.0
78059,0.0,1.0
78070,0.0,1.0
78072,0.0,1.0
78073,1.0,0.0
78081,0.0,1.0
78094,1.0,0.0
78106,0.0,1.0
78110,0.0,1.0
78114,0.0,1.0
78119,0.0,1.0
78127,1.0,0.0
78131,0.0,1.0
78134,0.0,1.0
78145,0.0,1.0
78148,0.0,1.0
78151,0.0,1.0
78153,0.0,1.0
78154,0.0,1.0
78155,0.0,1.0
78156,0.0,1.0
78174,0.0,1.0
78178,1.0,0.0
78181,0.0,1.0
78192,1.0,0.0
78197,0.0,1.0
78199,0.0,1.0
78201,0.0,1.0
78202,0.0,1.0
78206,0.0,1.0
78208,0.0,1.0
78216,0.0,1.0
78217,0.0,1.0
78222,0.0,1.0
78225,0.0,1.0
78230,0.0,1.0
78235,0.0,1.0
78242,1.0,0.0
78243,0.0,1.0
78244,0.0,1.0
78246,0.0,1.0
78247,0.0,1.0
78249,0.0,1.0
78260,0.0,1.0
78263,0.0,1.0
78268,0.0,1.0
78270,0.0,1.0
78276,0.0,1.0
78292,0.0,1.0
78302,0.0,1.0
78307,0.0,1.0
78308,0.0,1.0
78310,0.0,1.0
78314,1.0,0.0
78317,0.0,1.0
78319,0.0,1.0
78322,0.0,1.0
78342,0.0,1.0
78350,0.0,1.0
78363,0.0,1.0
78365,0.0,1.0
78371,0.0,1.0
78380,0.0,1.0
78385,0.0,1.0
78391,0.0,1.0
78400,0.0,1.0
78402,0.0,1.0
78416,0.0,1.0
78419,0.0,1.0
78425,0.0,1.0
78430,0.0,1.0
78433,0.0,1.0
78436,0.0,1.0
78438,0.0,1.0
78439,0.0,1.0
78441,1.0,0.0
78449,0.0,1.0
78450,0.0,1.0
78451,0.0,1.0
78455,0.0,1.0
78458,0.0,1.0
78462,0.0,1.0
78466,1.0,0.0
78470,0.0,1.0
78474,0.0,1.0
78478,0.0,1.0
78485,0.0,1.0
78495,0.0,1.0
78497,0.0,1.0
78501,0.0,1.0
78507,1.0,0.0
78520,0.0,1.0
78523,1.0,0.0
78525,0.0,1.0
78527,0.0,1.0
78529,0.0,1.0
78530,0.0,1.0
78531,0.0,1.0
78534,0.0,1.0
78540,0.0,1.0
78542,0.0,1.0
78543,0.0,1.0
78549,0.0,1.0
78562,0.0,1.0
78579,0.0,1.0
78591,0.0,1.0
78606,1.0,0.0
78608,0.0,1.0
78611,0.0,1.0
78623,0.0,1.0
78627,0.0,1.0
78641,1.0,0.0
78665,0.0,1.0
78673,0.0,1.0
78681,0.0,1.0
78687,0.0,1.0
78691,1.0,0.0
78694,0.0,1.0
78711,0.0,1.0
78725,0.0,1.0
78727,0.0,1.0
78733,0.0,1.0
78738,0.0,1.0
78740,0.0,1.0
78742,0.0,1.0
78760,0.0,1.0
78768,0.0,1.0
78783,0.0,1.0
78784,1.0,0.0
78788,0.0,1.0
78795,0.0,1.0
78799,0.0,1.0
78813,0.0,1.0
78821,1.0,0.0
78824,0.0,1.0
78832,0.0,1.0
78834,0.0,1.0
78835,0.0,1.0
78844,0.0,1.0
78852,0.0,1.0
78858,1.0,0.0
78863,0.0,1.0
78867,0.0,1.0
78869,1.0,0.0
78870,0.0,1.0
78883,1.0,0.0
78884,0.0,1.0
78888,0.0,1.0
78891,0.0,1.0
78898,0.0,1.0
78900,1.0,0.0
78911,1.0,0.0
78925,0.0,1.0
78927,0.0,1.0
78928,0.0,1.0
78930,0.0,1.0
78934,1.0,0.0
78936,0.0,1.0
78939,0.0,1.0
78941,0.0,1.0
78947,0.0,1.0
78952,0.0,1.0
78956,0.0,1.0
78957,0.0,1.0
78960,0.0,1.0
78963,0.0,1.0
78964,0.0,1.0
78965,0.0,1.0
78973,0.0,1.0
78977,1.0,0.0
78989,0.0,1.0
78991,0.0,1.0
78994,0.0,1.0
79012,0.0,1.0
79017,0.0,1.0
79020,0.0,1.0
79023,0.0,1.0
79025,0.0,1.0
79026,0.0,1.0
79027,0.0,1.0
79028,0.0,1.0
79029,0.0,1.0
79035,0.0,1.0
79038,0.0,1.0
79044,0.0,1.0
79052,1.0,0.0
79054,0.0,1.0
79062,0.0,1.0
79069,0.0,1.0
79081,0.0,1.0
79097,0.0,1.0
79099,0.0,1.0
79101,0.0,1.0
79104,0.0,1.0
79117,0.0,1.0
79119,1.0,0.0
79127,0.0,1.0
79129,0.0,1.0
79130,0.0,1.0
79133,0.0,1.0
79137,0.0,1.0
79144,0.0,1.0
79165,0.0,1.0
79168,0.0,1.0
79176,1.0,0.0
79182,1.0,0.0
79189,1.0,0.0
79190,0.0,1.0
79191,0.0,1.0
79205,0.0,1.0
79212,1.0,0.0
79213,1.0,0.0
79215,0.0,1.0
79222,0.0,1.0
79226,0.0,1.0
79232,0.0,1.0
79243,0.0,1.0
79244,1.0,0.0
79254,0.0,1.0
79269,0.0,1.0
79282,0.0,1.0
79291,1.0,0.0
79292,0.0,1.0
79298,0.0,1.0
79299,0.0,1.0
79302,0.0,1.0
79306,0.0,1.0
79308,0.0,1.0
79315,0.0,1.0
79318,0.0,1.0
79333,1.0,0.0
79337,1.0,0.0
79341,0.0,1.0
79360,1.0,0.0
79362,0.0,1.0
79363,0.0,1.0
79367,0.0,1.0
79372,0.0,1.0
79378,1.0,0.0
79383,0.0,1.0
79386,0.0,1.0
79389,0.0,1.0
79400,0.0,1.0
79412,0.0,1.0
79414,0.0,1.0
79422,1.0,0.0
79425,0.0,1.0
79436,0.0,1.0
79457,1.0,0.0
79459,0.0,1.0
79462,0.0,1.0
79466,0.0,1.0
79467,0.0,1.0
79482,0.0,1.0
79483,0.0,1.0
79485,0.0,1.0
79486,0.0,1.0
79487,0.0,1.0
79491,0.0,1.0
79507,0.0,1.0
79512,0.0,1.0
79530,0.0,1.0
79536,0.0,1.0
79545,0.0,1.0
79547,0.0,1.0
79554,0.0,1.0
79556,0.0,1.0
79566,0.0,1.0
79579,0.0,1.0
79581,0.0,1.0
79592,0.0,1.0
79599,0.0,1.0
79604,0.0,1.0
79605,0.0,1.0
79618,0.0,1.0
79621,0.0,1.0
79635,0.0,1.0
79637,0.0,1.0
79640,0.0,1.0
79644,0.0,1.0
79654,0.0,1.0
79659,0.0,1.0
79660,0.0,1.0
79661,0.0,1.0
79667,1.0,0.0
79672,0.0,1.0
79674,0.0,1.0
79677,0.0,1.0
79678,0.0,1.0
79688,0.0,1.0
79697,0.0,1.0
79701,0.0,1.0
79708,0.0,1.0
79710,0.0,1.0
79715,0.0,1.0
79724,0.0,1.0
79729,0.0,1.0
79733,1.0,0.0
79734,0.0,1.0
79736,0.0,1.0
79741,0.0,1.0
79743,0.0,1.0
79750,0.0,1.0
79753,1.0,0.0
79761,1.0,0.0
79762,0.0,1.0
79765,0.0,1.0
79777,0.0,1.0
79786,0.0,1.0
79794,0.0,1.0
79799,0.0,1.0
79803,0.0,1.0
79811,0.0,1.0
79813,0.0,1.0
79821,0.0,1.0
79825,0.0,1.0
79827,0.0,1.0
79832,0.0,1.0
79841,0.0,1.0
79842,0.0,1.0
79846,1.0,0.0
79852,0.0,1.0
79855,0.0,1.0
79874,0.0,1.0
79879,0.0,1.0
79883,0.0,1.0
79908,0.0,1.0
79910,0.0,1.0
79917,1.0,0.0
79924,0.0,1.0
79925,0.0,1.0
79933,0.0,1.0
79938,0.0,1.0
79939,0.0,1.0
79970,0.0,1.0
79982,0.0,1.0
80002,0.0,1.0
80010,0.0,1.0
80021,0.0,1.0
80022,0.0,1.0
80025,0.0,1.0
80027,0.0,1.0
80031,0.0,1.0
80033,0.0,1.0
80038,0.0,1.0
80048,0.0,1.0
80056,0.0,1.0
80060,1.0,0.0
80062,0.0,1.0
80082,1.0,0.0
80092,0.0,1.0
80098,0.0,1.0
80100,0.0,1.0
80101,0.0,1.0
80110,0.0,1.0
80117,0.0,1.0
80119,0.0,1.0
80120,0.0,1.0
80134,0.0,1.0
80142,1.0,0.0
80151,1.0,0.0
80153,0.0,1.0
80178,1.0,0.0
80184,0.0,1.0
80191,0.0,1.0
80198,0.0,1.0
80210,0.0,1.0
80216,1.0,0.0
80217,0.0,1.0
80218,0.0,1.0
80223,0.0,1.0
80224,0.0,1.0
80226,0.0,1.0
80227,0.0,1.0
80231,0.0,1.0
80248,0.0,1.0
80249,0.0,1.0
80250,1.0,0.0
80258,0.0,1.0
80273,0.0,1.0
80275,1.0,0.0
80281,0.0,1.0
80283,0.0,1.0
80285,0.0,1.0
80292,0.0,1.0
80304,0.0,1.0
80305,1.0,0.0
80306,0.0,1.0
80308,0.0,1.0
80313,1.0,0.0
80328,0.0,1.0
80330,0.0,1.0
80331,0.0,1.0
80332,0.0,1.0
80333,1.0,0.0
80339,0.0,1.0
80345,0.0,1.0
80354,0.0,1.0
80360,0.0,1.0
80361,0.0,1.0
80371,0.0,1.0
80376,0.0,1.0
80389,0.0,1.0
80397,0.0,1.0
80401,0.0,1.0
80403,1.0,0.0
80410,0.0,1.0
80412,0.0,1.0
80418,0.0,1.0
80420,0.0,1.0
80424,0.0,1.0
80426,0.0,1.0
80429,0.0,1.0
80436,0.0,1.0
80452,0.0,1.0
80462,0.0,1.0
80474,0.0,1.0
80476,0.0,1.0
80477,0.0,1.0
80491,0.0,1.0
80498,0.0,1.0
80501,1.0,0.0
80503,1.0,0.0
80505,0.0,1.0
80515,0.0,1.0
80523,0.0,1.0
80524,1.0,0.0
80540,0.0,1.0
80541,0.0,1.0
80545,0.0,1.0
80550,0.0,1.0
80555,0.0,1.0
80557,1.0,0.0
80558,1.0,0.0
80562,0.0,1.0
80566,0.0,1.0
80581,0.0,1.0
80599,0.0,1.0
80604,0.0,1.0
80609,0.0,1.0
80615,0.0,1.0
80626,0.0,1.0
80648,0.0,1.0
80655,0.0,1.0
80657,0.0,1.0
80658,0.0,1.0
80659,0.0,1.0
80660,0.0,1.0
80662,0.0,1.0
80668,0.0,1.0
80670,0.0,1.0
80673,0.0,1.0
80685,0.0,1.0
80694,0.0,1.0
80695,0.0,1.0
80698,0.0,1.0
80705,0.0,1.0
80719,0.0,1.0
80724,0.0,1.0
80726,0.0,1.0
80727,0.0,1.0
80729,0.0,1.0
80730,0.0,1.0
80733,1.0,0.0
80737,1.0,0.0
80742,0.0,1.0
80744,0.0,1.0
80747,0.0,1.0
80752,0.0,1.0
80754,0.0,1.0
80764,0.0,1.0
80766,1.0,0.0
80769,0.0,1.0
80771,1.0,0.0
80776,0.0,1.0
80780,1.0,0.0
80782,0.0,1.0
80784,0.0,1.0
80793,0.0,1.0
80802,0.0,1.0
80809,0.0,1.0
80810,0.0,1.0
80812,0.0,1.0
80816,0.0,1.0
80818,0.0,1.0
80824,0.0,1.0
80837,0.0,1.0
80841,1.0,0.0
80843,0.0,1.0
80853,0.0,1.0
80857,0.0,1.0
80859,0.0,1.0
80870,1.0,0.0
80886,0.0,1.0
80887,0.0,1.0
80899,0.0,1.0
80906,1.0,0.0
80944,0.0,1.0
80949,0.0,1.0
80958,0.0,1.0
80960,1.0,0.0
80976,0.0,1.0
80980,0.0,1.0
80997,0.0,1.0
80998,0.0,1.0
81003,0.0,1.0
81005,0.0,1.0
81015,0.0,1.0
81016,0.0,1.0
81018,0.0,1.0
81021,0.0,1.0
81022,1.0,0.0
81033,1.0,0.0
81047,0.0,1.0
81049,0.0,1.0
81050,0.0,1.0
81054,0.0,1.0
81071,0.0,1.0
81075,0.0,1.0
81081,1.0,0.0
81082,0.0,1.0
81085,0.0,1.0
81100,0.0,1.0
81101,0.0,1.0
81103,0.0,1.0
81104,1.0,0.0
81108,0.0,1.0
81112,0.0,1.0
81114,0.0,1.0
81116,0.0,1.0
81122,1.0,0.0
81124,0.0,1.0
81132,0.0,1.0
81137,0.0,1.0
81139,1.0,0.0
81144,0.0,1.0
81149,0.0,1.0
81164,0.0,1.0
81167,0.0,1.0
81177,0.0,1.0
81178,0.0,1.0
81179,1.0,0.0
81188,0.0,1.0
81189,0.0,1.0
81190,0.0,1.0
81199,0.0,1.0
81203,0.0,1.0
81212,0.0,1.0
81214,0.0,1.0
81217,0.0,1.0
81220,1.0,0.0
81222,0.0,1.0
81223,0.0,1.0
81239,0.0,1.0
81261,1.0,0.0
81262,0.0,1.0
81269,0.0,1.0
81273,0.0,1.0
81276,0.0,1.0
81279,0.0,1.0
81280,0.0,1.0
81283,0.0,1.0
81285,0.0,1.0
81290,0.0,1.0
81305,0.0,1.0
81312,0.0,1.0
81313,0.0,1.0
81314,0.0,1.0
81319,0.0,1.0
81325,0.0,1.0
81335,0.0,1.0
81344,0.0,1.0
81347,0.0,1.0
81364,0.0,1.0
81366,0.0,1.0
81369,0.0,1.0
81380,0.0,1.0
81390,0.0,1.0
81391,0.0,1.0
81393,0.0,1.0
81398,0.0,1.0
81400,1.0,0.0
81405,0.0,1.0
81406,0.0,1.0
81412,0.0,1.0
81419,0.0,1.0
81424,0.0,1.0
81432,0.0,1.0
81439,0.0,1.0
81455,0.0,1.0
81461,0.0,1.0
81465,0.0,1.0
81476,0.0,1.0
81479,0.0,1.0
81482,0.0,1.0
81488,0.0,1.0
81500,0.0,1.0
81507,0.0,1.0
81511,0.0,1.0
81526,0.0,1.0
81542,0.0,1.0
81560,0.0,1.0
81562,1.0,0.0
81567,0.0,1.0
81569,0.0,1.0
81575,0.0,1.0
81593,0.0,1.0
81608,1.0,0.0
81612,0.0,1.0
81633,0.0,1.0
81643,0.0,1.0
81645,0.0,1.0
81665,1.0,0.0
81675,0.0,1.0
81680,0.0,1.0
81683,0.0,1.0
81686,0.0,1.0
81708,0.0,1.0
81710,0.0,1.0
81725,0.0,1.0
81752,0.0,1.0
81758,0.0,1.0
81766,0.0,1.0
81769,0.0,1.0
81771,0.0,1.0
81774,0.0,1.0
81777,1.0,0.0
81782,0.0,1.0
81786,0.0,1.0
81788,0.0,1.0
81803,0.0,1.0
81806,0.0,1.0
81809,0.0,1.0
81811,1.0,0.0
81815,0.0,1.0
81818,0.0,1.0
81823,0.0,1.0
81827,0.0,1.0
81851,0.0,1.0
81855,0.0,1.0
81858,0.0,1.0
81863,0.0,1.0
81864,0.0,1.0
81871,1.0,0.0
81877,0.0,1.0
81889,0.0,1.0
81915,0.0,1.0
81921,0.0,1.0
81937,0.0,1.0
81941,0.0,1.0
81953,1.0,0.0
81956,0.0,1.0
81962,0.0,1.0
81971,0.0,1.0
81981,0.0,1.0
81991,0.0,1.0
81994,1.0,0.0
81998,0.0,1.0
82000,0.0,1.0
82003,0.0,1.0
82006,0.0,1.0
82010,0.0,1.0
82012,0.0,1.0
82025,0.0,1.0
82029,0.0,1.0
82030,0.0,1.0
82031,0.0,1.0
82050,0.0,1.0
82056,0.0,1.0
82060,0.0,1.0
82067,0.0,1.0
82071,1.0,0.0
82092,0.0,1.0
82109,0.0,1.0
82114,0.0,1.0
82115,0.0,1.0
82117,0.0,1.0
82139,0.0,1.0
82146,1.0,0.0
82149,1.0,0.0
82158,0.0,1.0
82169,0.0,1.0
82170,0.0,1.0
82173,0.0,1.0
82179,1.0,0.0
82191,0.0,1.0
82193,0.0,1.0
82194,0.0,1.0
82207,1.0,0.0
82215,0.0,1.0
82219,0.0,1.0
82220,0.0,1.0
82224,1.0,0.0
82230,1.0,0.0
82237,0.0,1.0
82260,0.0,1.0
82264,0.0,1.0
82266,0.0,1.0
82268,0.0,1.0
82270,0.0,1.0
82281,0.0,1.0
82282,1.0,0.0
82284,1.0,0.0
82285,0.0,1.0
82293,0.0,1.0
82301,0.0,1.0
82303,0.0,1.0
82306,0.0,1.0
82310,0.0,1.0
82312,0.0,1.0
82329,0.0,1.0
82332,1.0,0.0
82341,0.0,1.0
82345,0.0,1.0
82360,0.0,1.0
82361,0.0,1.0
82366,0.0,1.0
82370,1.0,0.0
82378,1.0,0.0
82383,1.0,0.0
82386,1.0,0.0
82394,0.0,1.0
82395,0.0,1.0
82403,0.0,1.0
82406,0.0,1.0
82412,0.0,1.0
82422,0.0,1.0
82424,0.0,1.0
82425,0.0,1.0
82431,0.0,1.0
82436,1.0,0.0
82437,0.0,1.0
82447,0.0,1.0
82448,0.0,1.0
82454,0.0,1.0
82481,1.0,0.0
82491,1.0,0.0
82509,0.0,1.0
82516,0.0,1.0
82528,1.0,0.0
82533,0.0,1.0
82535,0.0,1.0
82545,0.0,1.0
82546,0.0,1.0
82547,0.0,1.0
82555,1.0,0.0
82564,0.0,1.0
82565,1.0,0.0
82570,0.0,1.0
82582,1.0,0.0
82583,0.0,1.0
82584,0.0,1.0
82603,1.0,0.0
82605,1.0,0.0
82610,1.0,0.0
82615,0.0,1.0
82619,0.0,1.0
82641,0.0,1.0
82642,0.0,1.0
82650,0.0,1.0
82672,0.0,1.0
82688,0.0,1.0
82697,0.0,1.0
82701,0.0,1.0
82707,0.0,1.0
82708,0.0,1.0
82711,0.0,1.0
82716,0.0,1.0
82722,0.0,1.0
82724,0.0,1.0
82731,0.0,1.0
82740,0.0,1.0
82754,0.0,1.0
82758,0.0,1.0
82772,0.0,1.0
82795,0.0,1.0
82797,0.0,1.0
82798,0.0,1.0
82810,0.0,1.0
82811,1.0,0.0
82814,0.0,1.0
82817,0.0,1.0
82821,0.0,1.0
82843,0.0,1.0
82845,0.0,1.0
82858,1.0,0.0
82861,0.0,1.0
82862,1.0,0.0
82865,0.0,1.0
82866,1.0,0.0
82872,0.0,1.0
82889,0.0,1.0
82891,0.0,1.0
82894,0.0,1.0
82896,1.0,0.0
82903,0.0,1.0
82947,0.0,1.0
82952,0.0,1.0
82959,0.0,1.0
82962,1.0,0.0
82976,0.0,1.0
83009,0.0,1.0
83013,0.0,1.0
83015,0.0,1.0
83016,0.0,1.0
83021,0.0,1.0
83029,0.0,1.0
83035,0.0,1.0
83042,0.0,1.0
83043,0.0,1.0
83059,0.0,1.0
83063,1.0,0.0
83074,0.0,1.0
83076,0.0,1.0
83086,0.0,1.0
83089,0.0,1.0
83094,0.0,1.0
83101,1.0,0.0
83105,0.0,1.0
83121,0.0,1.0
83125,0.0,1.0
83126,0.0,1.0
83134,0.0,1.0
83136,0.0,1.0
83163,0.0,1.0
83174,0.0,1.0
83179,0.0,1.0
83181,0.0,1.0
83184,1.0,0.0
83188,0.0,1.0
83195,0.0,1.0
83202,0.0,1.0
83213,0.0,1.0
83217,1.0,0.0
83237,0.0,1.0
83253,0.0,1.0
83254,1.0,0.0
83264,0.0,1.0
83274,1.0,0.0
83277,0.0,1.0
83287,0.0,1.0
83292,0.0,1.0
83298,0.0,1.0
83299,0.0,1.0
83304,0.0,1.0
83308,1.0,0.0
83316,1.0,0.0
83329,0.0,1.0
83336,0.0,1.0
83343,1.0,0.0
83347,1.0,0.0
83357,0.0,1.0
83365,1.0,0.0
83371,1.0,0.0
83374,0.0,1.0
83381,0.0,1.0
83384,0.0,1.0
83394,0.0,1.0
83399,0.0,1.0
83400,0.0,1.0
83407,0.0,1.0
83409,1.0,0.0
83420,0.0,1.0
83439,1.0,0.0
83445,0.0,1.0
83458,0.0,1.0
83464,0.0,1.0
83467,1.0,0.0
83472,0.0,1.0
83475,0.0,1.0
83476,0.0,1.0
83477,1.0,0.0
83482,1.0,0.0
83488,0.0,1.0
83504,0.0,1.0
83505,0.0,1.0
83507,0.0,1.0
83516,0.0,1.0
83521,0.0,1.0
83528,0.0,1.0
83549,0.0,1.0
83555,0.0,1.0
83558,0.0,1.0
83572,0.0,1.0
83573,0.0,1.0
83575,0.0,1.0
83577,0.0,1.0
83579,0.0,1.0
83580,0.0,1.0
83581,0.0,1.0
83591,1.0,0.0
83592,0.0,1.0
83606,0.0,1.0
83608,1.0,0.0
83623,0.0,1.0
83626,0.0,1.0
83633,0.0,1.0
83635,0.0,1.0
83655,1.0,0.0
83657,0.0,1.0
83673,0.0,1.0
83681,0.0,1.0
83682,0.0,1.0
83687,0.0,1.0
83705,0.0,1.0
83717,0.0,1.0
83722,0.0,1.0
83730,0.0,1.0
83732,1.0,0.0
83736,0.0,1.0
83747,1.0,0.0
83750,0.0,1.0
83756,1.0,0.0
83761,0.0,1.0
83762,0.0,1.0
83765,0.0,1.0
83775,1.0,0.0
83778,1.0,0.0
83782,1.0,0.0
83785,0.0,1.0
83790,0.0,1.0
83791,0.0,1.0
83792,0.0,1.0
83797,0.0,1.0
83803,0.0,1.0
83810,1.0,0.0
83814,0.0,1.0
83816,0.0,1.0
83820,0.0,1.0
83826,0.0,1.0
83837,0.0,1.0
83847,0.0,1.0
83848,0.0,1.0
83852,0.0,1.0
83856,0.0,1.0
83864,0.0,1.0
83867,0.0,1.0
83868,0.0,1.0
83869,0.0,1.0
83884,0.0,1.0
83888,0.0,1.0
83890,0.0,1.0
83899,0.0,1.0
83909,0.0,1.0
83912,0.0,1.0
83913,0.0,1.0
83914,0.0,1.0
83917,0.0,1.0
83924,1.0,0.0
83927,0.0,1.0
83932,0.0,1.0
83936,1.0,0.0
83945,0.0,1.0
83950,0.0,1.0
83962,0.0,1.0
83966,0.0,1.0
83974,0.0,1.0
83976,0.0,1.0
83982,0.0,1.0
83983,1.0,0.0
83994,0.0,1.0
84004,0.0,1.0
84012,0.0,1.0
84020,0.0,1.0
84021,1.0,0.0
84024,0.0,1.0
84025,0.0,1.0
84029,1.0,0.0
84035,0.0,1.0
84037,1.0,0.0
84049,0.0,1.0
84061,1.0,0.0
84070,0.0,1.0
84082,0.0,1.0
84084,0.0,1.0
84087,0.0,1.0
84099,0.0,1.0
84106,0.0,1.0
84123,0.0,1.0
84129,0.0,1.0
84131,0.0,1.0
84133,0.0,1.0
84134,0.0,1.0
84142,0.0,1.0
84148,0.0,1.0
84149,0.0,1.0
84155,0.0,1.0
84171,0.0,1.0
84173,0.0,1.0
84181,0.0,1.0
84183,0.0,1.0
84185,0.0,1.0
84195,0.0,1.0
84199,0.0,1.0
84204,0.0,1.0
84213,0.0,1.0
84252,1.0,0.0
84269,0.0,1.0
84287,0.0,1.0
84294,0.0,1.0
84317,0.0,1.0
84318,0.0,1.0
84326,0.0,1.0
84329,0.0,1.0
84330,1.0,0.0
84332,0.0,1.0
84351,0.0,1.0
84353,0.0,1.0
84361,0.0,1.0
84373,1.0,0.0
84385,1.0,0.0
84399,0.0,1.0
84415,0.0,1.0
84424,0.0,1.0
84426,0.0,1.0
84444,0.0,1.0
84461,0.0,1.0
84464,0.0,1.0
84473,0.0,1.0
84476,0.0,1.0
84482,0.0,1.0
84484,0.0,1.0
84491,0.0,1.0
84524,0.0,1.0
84526,0.0,1.0
84540,1.0,0.0
84542,0.0,1.0
84544,0.0,1.0
84555,0.0,1.0
84557,0.0,1.0
84558,0.0,1.0
84559,0.0,1.0
84562,0.0,1.0
84565,0.0,1.0
84567,0.0,1.0
84569,0.0,1.0
84572,0.0,1.0
84580,0.0,1.0
84582,0.0,1.0
84583,0.0,1.0
84584,0.0,1.0
84585,0.0,1.0
84591,0.0,1.0
84596,0.0,1.0
84603,0.0,1.0
84604,1.0,0.0
84607,0.0,1.0
84617,0.0,1.0
84626,0.0,1.0
84636,0.0,1.0
84643,0.0,1.0
84654,0.0,1.0
84657,0.0,1.0
84662,0.0,1.0
84663,1.0,0.0
84664,0.0,1.0
84665,0.0,1.0
84666,0.0,1.0
84690,0.0,1.0
84697,0.0,1.0
84711,0.0,1.0
84716,0.0,1.0
84720,0.0,1.0
84722,0.0,1.0
84723,0.0,1.0
84729,0.0,1.0
84737,0.0,1.0
84743,0.0,1.0
84748,1.0,0.0
84750,0.0,1.0
84752,0.0,1.0
84753,0.0,1.0
84756,0.0,1.0
84771,0.0,1.0
84785,0.0,1.0
84791,0.0,1.0
84794,0.0,1.0
84795,0.0,1.0
84797,0.0,1.0
84803,0.0,1.0
84805,0.0,1.0
84807,0.0,1.0
84809,0.0,1.0
84817,0.0,1.0
84822,0.0,1.0
84825,0.0,1.0
84830,0.0,1.0
84833,1.0,0.0
84838,0.0,1.0
84843,0.0,1.0
84845,0.0,1.0
84850,0.0,1.0
84857,0.0,1.0
84875,0.0,1.0
84884,0.0,1.0
84905,0.0,1.0
84919,0.0,1.0
84922,1.0,0.0
84924,0.0,1.0
84926,0.0,1.0
84927,0.0,1.0
84929,0.0,1.0
84934,0.0,1.0
84937,0.0,1.0
84941,0.0,1.0
84949,0.0,1.0
84956,0.0,1.0
84959,0.0,1.0
84962,0.0,1.0
84966,0.0,1.0
84970,1.0,0.0
84972,1.0,0.0
84977,0.0,1.0
84979,0.0,1.0
84995,0.0,1.0
84997,0.0,1.0
85002,0.0,1.0
85007,0.0,1.0
85008,0.0,1.0
85010,0.0,1.0
85012,0.0,1.0
85019,1.0,0.0
85026,0.0,1.0
85028,0.0,1.0
85031,0.0,1.0
85045,0.0,1.0
85048,1.0,0.0
85049,0.0,1.0
85053,0.0,1.0
85064,0.0,1.0
85066,0.0,1.0
85067,0.0,1.0
85080,0.0,1.0
85081,0.0,1.0
85092,0.0,1.0
85098,0.0,1.0
85100,1.0,0.0
85102,0.0,1.0
85105,0.0,1.0
85106,0.0,1.0
85113,0.0,1.0
85115,0.0,1.0
85117,0.0,1.0
85124,0.0,1.0
85125,0.0,1.0
85127,0.0,1.0
85129,0.0,1.0
85146,0.0,1.0
85150,0.0,1.0
85175,1.0,0.0
85176,0.0,1.0
85180,0.0,1.0
85183,0.0,1.0
85186,0.0,1.0
85187,0.0,1.0
85191,0.0,1.0
85195,1.0,0.0
85196,0.0,1.0
85202,0.0,1.0
85203,0.0,1.0
85213,0.0,1.0
85215,0.0,1.0
85221,0.0,1.0
85227,0.0,1.0
85231,0.0,1.0
85243,0.0,1.0
85244,1.0,0.0
85260,0.0,1.0
85274,1.0,0.0
85292,0.0,1.0
85297,0.0,1.0
85301,0.0,1.0
85326,0.0,1.0
85330,0.0,1.0
85333,1.0,0.0
85340,0.0,1.0
85342,0.0,1.0
85363,0.0,1.0
85386,0.0,1.0
85388,0.0,1.0
85391,0.0,1.0
85402,0.0,1.0
85405,0.0,1.0
85419,0.0,1.0
85439,0.0,1.0
85450,0.0,1.0
85456,0.0,1.0
85464,0.0,1.0
85470,0.0,1.0
85475,0.0,1.0
85481,0.0,1.0
85482,0.0,1.0
85485,0.0,1.0
85488,0.0,1.0
85505,1.0,0.0
85508,0.0,1.0
85511,1.0,0.0
85513,0.0,1.0
85526,0.0,1.0
85533,0.0,1.0
85535,0.0,1.0
85542,0.0,1.0
85544,0.0,1.0
85556,0.0,1.0
85559,0.0,1.0
85566,0.0,1.0
85569,0.0,1.0
85572,0.0,1.0
85574,0.0,1.0
85575,0.0,1.0
85576,0.0,1.0
85588,0.0,1.0
85596,0.0,1.0
85598,0.0,1.0
85603,0.0,1.0
85610,0.0,1.0
85617,0.0,1.0
85624,0.0,1.0
85627,0.0,1.0
85633,0.0,1.0
85640,0.0,1.0
85641,0.0,1.0
85646,0.0,1.0
85653,0.0,1.0
85656,0.0,1.0
85659,0.0,1.0
85661,0.0,1.0
85666,0.0,1.0
85669,0.0,1.0
85671,0.0,1.0
85673,0.0,1.0
85678,1.0,0.0
85679,0.0,1.0
85685,0.0,1.0
85686,0.0,1.0
85691,1.0,0.0
85692,1.0,0.0
85696,0.0,1.0
85713,0.0,1.0
85715,0.0,1.0
85726,0.0,1.0
85728,0.0,1.0
85729,0.0,1.0
85732,1.0,0.0
85743,0.0,1.0
85744,0.0,1.0
85755,0.0,1.0
85767,0.0,1.0
85772,0.0,1.0
85780,0.0,1.0
85782,1.0,0.0
85797,0.0,1.0
85805,0.0,1.0
85806,0.0,1.0
85814,1.0,0.0
85818,0.0,1.0
85824,0.0,1.0
85830,0.0,1.0
85843,0.0,1.0
85851,0.0,1.0
85855,1.0,0.0
85856,0.0,1.0
85860,0.0,1.0
85865,0.0,1.0
85867,0.0,1.0
85872,1.0,0.0
85875,0.0,1.0
85879,0.0,1.0
85881,1.0,0.0
85886,0.0,1.0
85901,0.0,1.0
85922,0.0,1.0
85936,0.0,1.0
85948,0.0,1.0
85963,0.0,1.0
85975,0.0,1.0
85977,0.0,1.0
85998,0.0,1.0
86004,0.0,1.0
86009,0.0,1.0
86012,0.0,1.0
86015,0.0,1.0
86016,0.0,1.0
86018,1.0,0.0
86028,0.0,1.0
86029,0.0,1.0
86038,0.0,1.0
86042,0.0,1.0
86047,1.0,0.0
86056,0.0,1.0
86057,0.0,1.0
86063,0.0,1.0
86072,0.0,1.0
86075,1.0,0.0
86081,0.0,1.0
86082,0.0,1.0
86089,0.0,1.0
86097,0.0,1.0
86104,0.0,1.0
86116,0.0,1.0
86139,0.0,1.0
86142,0.0,1.0
86143,0.0,1.0
86147,0.0,1.0
86156,0.0,1.0
86167,0.0,1.0
86180,0.0,1.0
86195,0.0,1.0
86198,0.0,1.0
86201,1.0,0.0
86204,0.0,1.0
86206,1.0,0.0
86217,0.0,1.0
86219,0.0,1.0
86224,0.0,1.0
86225,0.0,1.0
86227,0.0,1.0
86233,1.0,0.0
86237,0.0,1.0
86240,0.0,1.0
86255,0.0,1.0
86262,0.0,1.0
86280,0.0,1.0
86283,0.0,1.0
86292,0.0,1.0
86297,1.0,0.0
86301,1.0,0.0
86311,1.0,0.0
86329,0.0,1.0
86330,0.0,1.0
86340,0.0,1.0
86345,1.0,0.0
86346,0.0,1.0
86348,0.0,1.0
86358,1.0,0.0
86363,0.0,1.0
86364,0.0,1.0
86367,1.0,0.0
86385,0.0,1.0
86387,0.0,1.0
86393,0.0,1.0
86395,0.0,1.0
86401,1.0,0.0
86403,0.0,1.0
86423,0.0,1.0
86427,1.0,0.0
86433,0.0,1.0
86438,0.0,1.0
86441,0.0,1.0
86443,0.0,1.0
86452,1.0,0.0
86454,0.0,1.0
86459,0.0,1.0
86462,0.0,1.0
86463,0.0,1.0
86466,0.0,1.0
86478,0.0,1.0
86499,0.0,1.0
86502,0.0,1.0
86506,0.0,1.0
86516,0.0,1.0
86528,1.0,0.0
86530,0.0,1.0
86531,0.0,1.0
86533,0.0,1.0
86540,0.0,1.0
86547,0.0,1.0
86548,1.0,0.0
86566,0.0,1.0
86572,0.0,1.0
86574,0.0,1.0
86575,0.0,1.0
86576,0.0,1.0
86582,0.0,1.0
86586,0.0,1.0
86598,0.0,1.0
86608,0.0,1.0
86612,0.0,1.0
86615,0.0,1.0
86618,0.0,1.0
86635,0.0,1.0
86638,0.0,1.0
86642,0.0,1.0
86650,0.0,1.0
86661,1.0,0.0
86675,0.0,1.0
86686,0.0,1.0
86691,0.0,1.0
86692,0.0,1.0
86701,0.0,1.0
86704,1.0,0.0
86707,0.0,1.0
86709,0.0,1.0
86718,1.0,0.0
86732,0.0,1.0
86745,0.0,1.0
86751,0.0,1.0
86761,0.0,1.0
86767,0.0,1.0
86770,0.0,1.0
86777,0.0,1.0
86784,0.0,1.0
86788,0.0,1.0
86791,0.0,1.0
86793,0.0,1.0
86798,0.0,1.0
86802,1.0,0.0
86809,0.0,1.0
86815,0.0,1.0
86819,0.0,1.0
86822,0.0,1.0
86826,0.0,1.0
86831,0.0,1.0
86837,1.0,0.0
86839,0.0,1.0
86868,0.0,1.0
86899,0.0,1.0
86903,0.0,1.0
86909,0.0,1.0
86917,1.0,0.0
86925,0.0,1.0
86934,0.0,1.0
86942,0.0,1.0
86946,0.0,1.0
86947,0.0,1.0
86952,0.0,1.0
86955,0.0,1.0
86957,0.0,1.0
86963,0.0,1.0
86966,0.0,1.0
86970,0.0,1.0
86975,0.0,1.0
86976,0.0,1.0
86983,0.0,1.0
86995,0.0,1.0
87002,0.0,1.0
87009,0.0,1.0
87011,0.0,1.0
87012,0.0,1.0
87017,1.0,0.0
87025,0.0,1.0
87035,0.0,1.0
87050,0.0,1.0
87055,0.0,1.0
87065,0.0,1.0
87073,0.0,1.0
87081,0.0,1.0
87090,0.0,1.0
87094,0.0,1.0
87103,0.0,1.0
87107,0.0,1.0
87110,0.0,1.0
87115,0.0,1.0
87120,0.0,1.0
87122,1.0,0.0
87126,0.0,1.0
87130,0.0,1.0
87141,0.0,1.0
87142,0.0,1.0
87150,0.0,1.0
87152,0.0,1.0
87153,1.0,0.0
87162,0.0,1.0
87168,0.0,1.0
87169,0.0,1.0
87175,0.0,1.0
87176,0.0,1.0
87179,0.0,1.0
87184,0.0,1.0
87197,0.0,1.0
87206,1.0,0.0
87215,0.0,1.0
87225,0.0,1.0
87227,0.0,1.0
87231,1.0,0.0
87232,0.0,1.0
87233,0.0,1.0
87239,0.0,1.0
87248,0.0,1.0
87251,0.0,1.0
87254,0.0,1.0
87255,0.0,1.0
87281,0.0,1.0
87282,0.0,1.0
87291,0.0,1.0
87293,0.0,1.0
87306,0.0,1.0
87312,0.0,1.0
87313,0.0,1.0
87314,0.0,1.0
87320,0.0,1.0
87323,0.0,1.0
87331,0.0,1.0
87335,0.0,1.0
87336,0.0,1.0
87340,0.0,1.0
87341,1.0,0.0
87347,0.0,1.0
87350,0.0,1.0
87351,0.0,1.0
87353,0.0,1.0
87359,0.0,1.0
87360,0.0,1.0
87374,0.0,1.0
87384,0.0,1.0
87385,0.0,1.0
87391,0.0,1.0
87393,0.0,1.0
87397,0.0,1.0
87410,0.0,1.0
87411,0.0,1.0
87419,0.0,1.0
87424,0.0,1.0
87425,0.0,1.0
87431,0.0,1.0
87438,0.0,1.0
87440,0.0,1.0
87444,0.0,1.0
87450,0.0,1.0
87457,0.0,1.0
87458,0.0,1.0
87461,0.0,1.0
87478,1.0,0.0
87481,0.0,1.0
87491,0.0,1.0
87492,0.0,1.0
87493,0.0,1.0
87496,1.0,0.0
87508,0.0,1.0
87510,0.0,1.0
87517,0.0,1.0
87518,0.0,1.0
87524,0.0,1.0
87529,0.0,1.0
87530,0.0,1.0
87534,0.0,1.0
87542,0.0,1.0
87546,0.0,1.0
87560,0.0,1.0
87562,0.0,1.0
87576,0.0,1.0
87577,0.0,1.0
87597,0.0,1.0
87600,0.0,1.0
87608,0.0,1.0
87620,0.0,1.0
87625,0.0,1.0
87641,0.0,1.0
87645,0.0,1.0
87649,1.0,0.0
87657,1.0,0.0
87663,0.0,1.0
87665,0.0,1.0
87680,0.0,1.0
87687,0.0,1.0
87688,0.0,1.0
87695,1.0,0.0
87697,0.0,1.0
87703,0.0,1.0
87708,0.0,1.0
87722,0.0,1.0
87723,0.0,1.0
87739,0.0,1.0
87740,0.0,1.0
87743,0.0,1.0
87747,1.0,0.0
87748,0.0,1.0
87751,0.0,1.0
87759,0.0,1.0
87768,0.0,1.0
87777,0.0,1.0
87782,0.0,1.0
87792,0.0,1.0
87793,1.0,0.0
87805,0.0,1.0
87812,0.0,1.0
87813,0.0,1.0
87817,0.0,1.0
87826,0.0,1.0
87836,0.0,1.0
87840,0.0,1.0
87842,0.0,1.0
87843,0.0,1.0
87845,0.0,1.0
87867,0.0,1.0
87869,0.0,1.0
87880,1.0,0.0
87889,0.0,1.0
87896,0.0,1.0
87897,0.0,1.0
87909,0.0,1.0
87928,0.0,1.0
87935,0.0,1.0
87944,1.0,0.0
87951,0.0,1.0
87953,0.0,1.0
87954,1.0,0.0
87955,0.0,1.0
87956,0.0,1.0
87957,0.0,1.0
87958,1.0,0.0
87960,1.0,0.0
87961,0.0,1.0
87971,0.0,1.0
87981,0.0,1.0
87982,1.0,0.0
87989,0.0,1.0
88000,0.0,1.0
88004,0.0,1.0
88005,0.0,1.0
88008,0.0,1.0
88013,1.0,0.0
88017,0.0,1.0
88024,0.0,1.0
88039,0.0,1.0
88043,1.0,0.0
88045,0.0,1.0
88047,0.0,1.0
88051,1.0,0.0
88052,0.0,1.0
88062,0.0,1.0
88064,0.0,1.0
88088,1.0,0.0
88097,0.0,1.0
88100,0.0,1.0
88101,0.0,1.0
88103,0.0,1.0
88108,1.0,0.0
88115,0.0,1.0
88120,0.0,1.0
88121,1.0,0.0
88122,0.0,1.0
88127,0.0,1.0
88133,0.0,1.0
88138,0.0,1.0
88147,0.0,1.0
88148,1.0,0.0
88153,0.0,1.0
88154,0.0,1.0
88169,0.0,1.0
88171,0.0,1.0
88177,0.0,1.0
88191,0.0,1.0
88201,0.0,1.0
88205,0.0,1.0
88209,0.0,1.0
88213,0.0,1.0
88218,0.0,1.0
88256,0.0,1.0
88257,1.0,0.0
88261,1.0,0.0
88283,0.0,1.0
88287,0.0,1.0
88290,0.0,1.0
88296,0.0,1.0
88306,0.0,1.0
88314,0.0,1.0
88322,0.0,1.0
88329,0.0,1.0
88360,0.0,1.0
88363,0.0,1.0
88370,0.0,1.0
88375,0.0,1.0
88379,1.0,0.0
88385,0.0,1.0
88389,1.0,0.0
88392,0.0,1.0
88405,0.0,1.0
88407,0.0,1.0
88412,0.0,1.0
88424,0.0,1.0
88431,0.0,1.0
88436,0.0,1.0
88438,0.0,1.0
88439,0.0,1.0
88440,0.0,1.0
88447,0.0,1.0
88448,0.0,1.0
88466,0.0,1.0
88476,0.0,1.0
88484,0.0,1.0
88498,0.0,1.0
88513,0.0,1.0
88521,0.0,1.0
88529,0.0,1.0
88530,0.0,1.0
88539,0.0,1.0
88558,1.0,0.0
88568,0.0,1.0
88572,1.0,0.0
88573,0.0,1.0
88574,1.0,0.0
88575,0.0,1.0
88576,0.0,1.0
88590,1.0,0.0
88597,0.0,1.0
88620,0.0,1.0
88622,0.0,1.0
88624,0.0,1.0
88625,0.0,1.0
88627,0.0,1.0
88645,0.0,1.0
88652,0.0,1.0
88655,0.0,1.0
88656,0.0,1.0
88660,0.0,1.0
88661,0.0,1.0
88662,1.0,0.0
88663,0.0,1.0
88664,0.0,1.0
88666,0.0,1.0
88682,0.0,1.0
88684,0.0,1.0
88688,0.0,1.0
88691,0.0,1.0
88702,0.0,1.0
88704,0.0,1.0
88705,0.0,1.0
88729,0.0,1.0
88735,0.0,1.0
88745,0.0,1.0
88749,1.0,0.0
88754,0.0,1.0
88759,0.0,1.0
88761,0.0,1.0
88784,1.0,0.0
88786,0.0,1.0
88789,0.0,1.0
88792,0.0,1.0
88796,1.0,0.0
88809,0.0,1.0
88810,0.0,1.0
88812,0.0,1.0
88817,0.0,1.0
88819,1.0,0.0
88823,0.0,1.0
88830,0.0,1.0
88851,0.0,1.0
88856,0.0,1.0
88863,0.0,1.0
88871,1.0,0.0
88880,1.0,0.0
88882,0.0,1.0
88916,0.0,1.0
88922,0.0,1.0
88932,0.0,1.0
88933,0.0,1.0
88953,0.0,1.0
88962,0.0,1.0
88967,0.0,1.0
88969,0.0,1.0
88973,0.0,1.0
88976,0.0,1.0
88977,0.0,1.0
88986,0.0,1.0
88995,0.0,1.0
88998,0.0,1.0
88999,0.0,1.0
89000,0.0,1.0
89008,0.0,1.0
89010,0.0,1.0
89011,0.0,1.0
89012,0.0,1.0
89019,0.0,1.0
89033,0.0,1.0
89034,1.0,0.0
89040,0.0,1.0
89050,0.0,1.0
89052,0.0,1.0
89058,0.0,1.0
89059,0.0,1.0
89064,0.0,1.0
89065,0.0,1.0
89074,0.0,1.0
89084,0.0,1.0
89089,0.0,1.0
89096,0.0,1.0
89110,1.0,0.0
89116,0.0,1.0
89120,0.0,1.0
89123,1.0,0.0
89132,1.0,0.0
89138,0.0,1.0
89141,1.0,0.0
89145,0.0,1.0
89148,0.0,1.0
89159,0.0,1.0
89163,0.0,1.0
89164,0.0,1.0
89171,0.0,1.0
89173,0.0,1.0
89183,0.0,1.0
89185,0.0,1.0
89186,0.0,1.0
89188,0.0,1.0
89190,0.0,1.0
89192,0.0,1.0
89198,0.0,1.0
89221,1.0,0.0
89237,0.0,1.0
89241,0.0,1.0
89246,0.0,1.0
89251,0.0,1.0
89253,0.0,1.0
89264,0.0,1.0
89280,0.0,1.0
89288,0.0,1.0
89289,0.0,1.0
89293,0.0,1.0
89307,0.0,1.0
89311,0.0,1.0
89313,0.0,1.0
89315,0.0,1.0
89317,0.0,1.0
89318,0.0,1.0
89327,1.0,0.0
89330,0.0,1.0
89338,0.0,1.0
89343,0.0,1.0
89360,1.0,0.0
89361,0.0,1.0
89368,0.0,1.0
89374,0.0,1.0
89385,0.0,1.0
89395,0.0,1.0
89409,0.0,1.0
89411,0.0,1.0
89418,0.0,1.0
89421,0.0,1.0
89436,1.0,0.0
89437,0.0,1.0
89438,0.0,1.0
89449,0.0,1.0
89477,1.0,0.0
89492,0.0,1.0
89507,0.0,1.0
89515,0.0,1.0
89516,0.0,1.0
89533,1.0,0.0
89548,0.0,1.0
89571,0.0,1.0
89582,0.0,1.0
89583,0.0,1.0
89584,0.0,1.0
89587,0.0,1.0
89588,0.0,1.0
89589,0.0,1.0
89590,0.0,1.0
89594,0.0,1.0
89595,0.0,1.0
89596,0.0,1.0
89602,0.0,1.0
89615,0.0,1.0
89616,0.0,1.0
89620,0.0,1.0
89630,0.0,1.0
89634,0.0,1.0
89646,1.0,0.0
89661,0.0,1.0
89663,0.0,1.0
89666,0.0,1.0
89667,0.0,1.0
89668,0.0,1.0
89680,1.0,0.0
89683,0.0,1.0
89693,1.0,0.0
89703,0.0,1.0
89707,0.0,1.0
89713,0.0,1.0
89715,0.0,1.0
89717,0.0,1.0
89724,0.0,1.0
89738,0.0,1.0
89754,0.0,1.0
89772,1.0,0.0
89774,0.0,1.0
89777,1.0,0.0
89781,0.0,1.0
89784,1.0,0.0
89787,0.0,1.0
89791,0.0,1.0
89792,1.0,0.0
89804,0.0,1.0
89805,0.0,1.0
89807,0.0,1.0
89813,0.0,1.0
89816,0.0,1.0
89829,0.0,1.0
89838,0.0,1.0
89839,0.0,1.0
89843,0.0,1.0
89849,0.0,1.0
89860,0.0,1.0
89873,1.0,0.0
89881,0.0,1.0
89883,0.0,1.0
89884,0.0,1.0
89888,0.0,1.0
89893,0.0,1.0
89895,0.0,1.0
89904,0.0,1.0
89915,0.0,1.0
89922,0.0,1.0
89934,0.0,1.0
89937,0.0,1.0
89941,0.0,1.0
89943,0.0,1.0
89945,1.0,0.0
89950,0.0,1.0
89958,0.0,1.0
89962,0.0,1.0
89964,0.0,1.0
89970,0.0,1.0
89976,0.0,1.0
89978,0.0,1.0
89993,0.0,1.0
89996,0.0,1.0
89997,0.0,1.0
89998,0.0,1.0
90000,0.0,1.0
90006,1.0,0.0
90013,0.0,1.0
90014,0.0,1.0
90019,0.0,1.0
90020,0.0,1.0
90036,1.0,0.0
90042,1.0,0.0
90046,0.0,1.0
90055,1.0,0.0
90063,0.0,1.0
90064,0.0,1.0
90072,1.0,0.0
90082,0.0,1.0
90087,0.0,1.0
90131,0.0,1.0
90137,0.0,1.0
90143,0.0,1.0
90146,0.0,1.0
90150,0.0,1.0
90151,0.0,1.0
90167,0.0,1.0
90187,0.0,1.0
90189,0.0,1.0
90198,1.0,0.0
90200,0.0,1.0
90203,0.0,1.0
90209,0.0,1.0
90218,0.0,1.0
90220,1.0,0.0
90228,0.0,1.0
90231,0.0,1.0
90234,0.0,1.0
90249,1.0,0.0
90258,0.0,1.0
90270,1.0,0.0
90271,0.0,1.0
90280,0.0,1.0
90288,0.0,1.0
90290,0.0,1.0
90294,0.0,1.0
90308,0.0,1.0
90315,0.0,1.0
90333,0.0,1.0
90335,0.0,1.0
90342,0.0,1.0
90347,0.0,1.0
90354,0.0,1.0
90358,0.0,1.0
90367,0.0,1.0
90371,0.0,1.0
90372,1.0,0.0
90383,0.0,1.0
90384,0.0,1.0
90403,0.0,1.0
90412,0.0,1.0
90413,0.0,1.0
90422,0.0,1.0
90434,0.0,1.0
90437,0.0,1.0
90438,0.0,1.0
90455,0.0,1.0
90458,1.0,0.0
90459,0.0,1.0
90461,0.0,1.0
90464,0.0,1.0
90466,1.0,0.0
90471,0.0,1.0
90472,0.0,1.0
90475,0.0,1.0
90478,0.0,1.0
90491,0.0,1.0
90494,0.0,1.0
90508,0.0,1.0
90514,0.0,1.0
90523,0.0,1.0
90524,0.0,1.0
90539,0.0,1.0
90540,0.0,1.0
90541,0.0,1.0
90560,0.0,1.0
90588,0.0,1.0
90590,0.0,1.0
90594,0.0,1.0
90595,0.0,1.0
90597,1.0,0.0
90599,0.0,1.0
90602,0.0,1.0
90605,0.0,1.0
90609,0.0,1.0
90612,0.0,1.0
90624,0.0,1.0
90625,1.0,0.0
90635,0.0,1.0
90636,0.0,1.0
90641,0.0,1.0
90647,0.0,1.0
90657,1.0,0.0
90659,0.0,1.0
90674,0.0,1.0
90688,0.0,1.0
90690,0.0,1.0
90693,0.0,1.0
90696,0.0,1.0
90697,1.0,0.0
90701,0.0,1.0
90713,0.0,1.0
90714,0.0,1.0
90728,0.0,1.0
90734,1.0,0.0
90750,0.0,1.0
90753,0.0,1.0
90787,0.0,1.0
90790,0.0,1.0
90791,0.0,1.0
90793,1.0,0.0
90804,0.0,1.0
90808,0.0,1.0
90822,0.0,1.0
90826,1.0,0.0
90830,0.0,1.0
90831,1.0,0.0
90834,0.0,1.0
90838,1.0,0.0
90840,0.0,1.0
90844,0.0,1.0
90849,0.0,1.0
90855,0.0,1.0
90861,0.0,1.0
90862,1.0,0.0
90878,0.0,1.0
90882,0.0,1.0
90888,0.0,1.0
90890,0.0,1.0
90895,0.0,1.0
90896,0.0,1.0
90900,0.0,1.0
90901,1.0,0.0
90904,0.0,1.0
90907,0.0,1.0
90912,1.0,0.0
90913,0.0,1.0
90920,0.0,1.0
90928,1.0,0.0
90931,1.0,0.0
90939,0.0,1.0
90942,0.0,1.0
90954,0.0,1.0
90961,0.0,1.0
90962,0.0,1.0
90964,0.0,1.0
90970,0.0,1.0
90980,0.0,1.0
90981,0.0,1.0
90982,0.0,1.0
90990,0.0,1.0
90998,0.0,1.0
91001,0.0,1.0
91005,0.0,1.0
91013,1.0,0.0
91018,0.0,1.0
91020,0.0,1.0
91021,0.0,1.0
91025,0.0,1.0
91043,0.0,1.0
91045,0.0,1.0
91052,0.0,1.0
91058,0.0,1.0
91061,0.0,1.0
91095,0.0,1.0
91106,1.0,0.0
91110,0.0,1.0
91115,0.0,1.0
91123,0.0,1.0
91124,0.0,1.0
91135,0.0,1.0
91145,0.0,1.0
91151,0.0,1.0
91160,0.0,1.0
91162,1.0,0.0
91170,0.0,1.0
91178,0.0,1.0
91184,0.0,1.0
91190,0.0,1.0
91197,0.0,1.0
91198,0.0,1.0
91211,0.0,1.0
91213,0.0,1.0
91219,1.0,0.0
91227,0.0,1.0
91230,0.0,1.0
91250,0.0,1.0
91252,0.0,1.0
91255,0.0,1.0
91279,0.0,1.0
91289,0.0,1.0
91294,0.0,1.0
91302,0.0,1.0
91321,0.0,1.0
91328,0.0,1.0
91346,0.0,1.0
91349,0.0,1.0
91355,0.0,1.0
91358,0.0,1.0
91360,0.0,1.0
91365,0.0,1.0
91366,0.0,1.0
91367,1.0,0.0
91371,1.0,0.0
91375,0.0,1.0
91396,0.0,1.0
91403,0.0,1.0
91412,0.0,1.0
91417,0.0,1.0
91434,0.0,1.0
91441,0.0,1.0
91444,0.0,1.0
91450,0.0,1.0
91451,0.0,1.0
91464,1.0,0.0
91467,0.0,1.0
91469,0.0,1.0
91481,0.0,1.0
91483,0.0,1.0
91488,0.0,1.0
91491,0.0,1.0
91492,0.0,1.0
91494,0.0,1.0
91497,0.0,1.0
91502,0.0,1.0
91505,0.0,1.0
91507,0.0,1.0
91516,0.0,1.0
91517,1.0,0.0
91525,0.0,1.0
91540,0.0,1.0
91554,0.0,1.0
91559,0.0,1.0
91569,0.0,1.0
91571,0.0,1.0
91582,0.0,1.0
91590,0.0,1.0
91596,0.0,1.0
91600,0.0,1.0
91604,0.0,1.0
91610,0.0,1.0
91615,0.0,1.0
91632,0.0,1.0
91633,0.0,1.0
91656,1.0,0.0
91657,0.0,1.0
91659,0.0,1.0
91660,0.0,1.0
91675,0.0,1.0
91680,0.0,1.0
91681,1.0,0.0
91683,0.0,1.0
91709,0.0,1.0
91728,0.0,1.0
91733,1.0,0.0
91734,0.0,1.0
91737,0.0,1.0
91739,1.0,0.0
91746,0.0,1.0
91749,1.0,0.0
91750,1.0,0.0
91752,0.0,1.0
91766,1.0,0.0
91774,0.0,1.0
91776,0.0,1.0
91779,0.0,1.0
91780,0.0,1.0
91781,0.0,1.0
91793,0.0,1.0
91795,1.0,0.0
91802,0.0,1.0
91803,0.0,1.0
91810,0.0,1.0
91812,1.0,0.0
91815,0.0,1.0
91851,0.0,1.0
91861,1.0,0.0
91864,0.0,1.0
91866,0.0,1.0
91870,0.0,1.0
91874,0.0,1.0
91886,0.0,1.0
91903,0.0,1.0
91906,0.0,1.0
91908,0.0,1.0
91909,0.0,1.0
91910,1.0,0.0
91917,1.0,0.0
91918,0.0,1.0
91919,0.0,1.0
91925,0.0,1.0
91926,0.0,1.0
91929,0.0,1.0
91931,0.0,1.0
91939,0.0,1.0
91942,0.0,1.0
91946,0.0,1.0
91963,1.0,0.0
91965,0.0,1.0
91979,0.0,1.0
91982,0.0,1.0
91983,1.0,0.0
91996,0.0,1.0
92018,0.0,1.0
92023,0.0,1.0
92036,0.0,1.0
92042,0.0,1.0
92062,0.0,1.0
92065,0.0,1.0
92084,0.0,1.0
92090,0.0,1.0
92098,0.0,1.0
92101,0.0,1.0
92103,0.0,1.0
92111,0.0,1.0
92118,0.0,1.0
92123,0.0,1.0
92125,0.0,1.0
92132,0.0,1.0
92137,0.0,1.0
92138,0.0,1.0
92157,0.0,1.0
92164,1.0,0.0
92166,0.0,1.0
92181,0.0,1.0
92190,0.0,1.0
92196,0.0,1.0
92199,0.0,1.0
92205,0.0,1.0
92219,0.0,1.0
92221,0.0,1.0
92229,0.0,1.0
92230,0.0,1.0
92232,0.0,1.0
92233,0.0,1.0
92234,0.0,1.0
92238,0.0,1.0
92241,0.0,1.0
92243,0.0,1.0
92248,0.0,1.0
92266,0.0,1.0
92270,0.0,1.0
92272,1.0,0.0
92280,0.0,1.0
92285,0.0,1.0
92289,0.0,1.0
92291,0.0,1.0
92294,0.0,1.0
92298,0.0,1.0
92305,0.0,1.0
92319,0.0,1.0
92324,0.0,1.0
92325,1.0,0.0
92337,0.0,1.0
92338,0.0,1.0
92341,0.0,1.0
92349,0.0,1.0
92353,0.0,1.0
92363,0.0,1.0
92371,0.0,1.0
92377,0.0,1.0
92378,0.0,1.0
92379,0.0,1.0
92384,0.0,1.0
92389,0.0,1.0
92391,0.0,1.0
92394,0.0,1.0
92395,0.0,1.0
92396,0.0,1.0
92410,1.0,0.0
92415,0.0,1.0
92424,0.0,1.0
92428,0.0,1.0
92434,0.0,1.0
92447,0.0,1.0
92448,0.0,1.0
92454,0.0,1.0
92457,0.0,1.0
92460,0.0,1.0
92462,0.0,1.0
92464,0.0,1.0
92465,0.0,1.0
92470,0.0,1.0
92476,0.0,1.0
92484,0.0,1.0
92488,0.0,1.0
92491,0.0,1.0
92494,0.0,1.0
92499,0.0,1.0
92500,0.0,1.0
92509,0.0,1.0
92511,1.0,0.0
92514,0.0,1.0
92531,0.0,1.0
92533,0.0,1.0
92534,0.0,1.0
92540,0.0,1.0
92553,0.0,1.0
92560,0.0,1.0
92563,0.0,1.0
92568,0.0,1.0
92570,1.0,0.0
92573,0.0,1.0
92582,0.0,1.0
92590,0.0,1.0
92593,0.0,1.0
92606,0.0,1.0
92610,0.0,1.0
92630,0.0,1.0
92634,0.0,1.0
92654,0.0,1.0
92666,0.0,1.0
92668,0.0,1.0
92670,0.0,1.0
92678,0.0,1.0
92682,0.0,1.0
92687,0.0,1.0
92688,0.0,1.0
92692,1.0,0.0
92693,0.0,1.0
92698,0.0,1.0
92700,0.0,1.0
92703,0.0,1.0
92707,1.0,0.0
92720,0.0,1.0
92721,0.0,1.0
92723,0.0,1.0
92725,0.0,1.0
92730,0.0,1.0
92732,1.0,0.0
92738,0.0,1.0
92744,1.0,0.0
92745,0.0,1.0
92746,0.0,1.0
92754,0.0,1.0
92762,0.0,1.0
92769,0.0,1.0
92778,0.0,1.0
92779,0.0,1.0
92789,0.0,1.0
92796,0.0,1.0
92805,0.0,1.0
92814,0.0,1.0
92815,1.0,0.0
92820,0.0,1.0
92830,1.0,0.0
92835,0.0,1.0
92850,1.0,0.0
92851,0.0,1.0
92852,0.0,1.0
92855,0.0,1.0
92864,0.0,1.0
92866,0.0,1.0
92870,1.0,0.0
92874,0.0,1.0
92875,1.0,0.0
92880,0.0,1.0
92881,0.0,1.0
92885,0.0,1.0
92890,0.0,1.0
92902,0.0,1.0
92903,0.0,1.0
92909,1.0,0.0
92922,0.0,1.0
92947,1.0,0.0
92949,0.0,1.0
92953,1.0,0.0
92976,0.0,1.0
92978,1.0,0.0
92980,0.0,1.0
93003,0.0,1.0
93006,0.0,1.0
93012,1.0,0.0
93020,0.0,1.0
93024,0.0,1.0
93026,1.0,0.0
93049,0.0,1.0
93052,0.0,1.0
93053,1.0,0.0
93055,0.0,1.0
93056,0.0,1.0
93063,0.0,1.0
93074,0.0,1.0
93079,1.0,0.0
93082,1.0,0.0
93085,0.0,1.0
93101,0.0,1.0
93107,0.0,1.0
93108,0.0,1.0
93109,0.0,1.0
93112,0.0,1.0
93116,0.0,1.0
93122,0.0,1.0
93127,0.0,1.0
93147,1.0,0.0
93151,0.0,1.0
93155,0.0,1.0
93160,1.0,0.0
93161,0.0,1.0
93173,0.0,1.0
93178,0.0,1.0
93184,0.0,1.0
93188,0.0,1.0
93192,0.0,1.0
93227,0.0,1.0
93228,0.0,1.0
93231,0.0,1.0
93233,0.0,1.0
93244,0.0,1.0
93249,0.0,1.0
93250,0.0,1.0
93259,0.0,1.0
93268,0.0,1.0
93272,0.0,1.0
93279,1.0,0.0
93292,0.0,1.0
93294,0.0,1.0
93298,0.0,1.0
93300,0.0,1.0
93314,0.0,1.0
93323,1.0,0.0
93328,1.0,0.0
93330,0.0,1.0
93331,1.0,0.0
93340,0.0,1.0
93351,0.0,1.0
93355,0.0,1.0
93356,1.0,0.0
93361,0.0,1.0
93375,0.0,1.0
93388,0.0,1.0
93391,0.0,1.0
93395,0.0,1.0
93407,1.0,0.0
93409,0.0,1.0
93411,0.0,1.0
93416,1.0,0.0
93418,0.0,1.0
93419,0.0,1.0
93421,0.0,1.0
93432,0.0,1.0
93443,0.0,1.0
93445,0.0,1.0
93451,0.0,1.0
93456,0.0,1.0
93458,0.0,1.0
93464,0.0,1.0
93473,0.0,1.0
93474,0.0,1.0
93477,0.0,1.0
93479,0.0,1.0
93481,0.0,1.0
93495,1.0,0.0
93501,0.0,1.0
93510,1.0,0.0
93511,0.0,1.0
93518,1.0,0.0
93522,0.0,1.0
93530,1.0,0.0
93531,1.0,0.0
93540,0.0,1.0
93542,0.0,1.0
93547,0.0,1.0
93551,0.0,1.0
93567,0.0,1.0
93576,0.0,1.0
93578,0.0,1.0
93580,1.0,0.0
93582,0.0,1.0
93584,0.0,1.0
93587,0.0,1.0
93597,0.0,1.0
93599,0.0,1.0
93601,0.0,1.0
93607,1.0,0.0
93610,0.0,1.0
93618,0.0,1.0
93632,0.0,1.0
93638,0.0,1.0
93643,0.0,1.0
93646,0.0,1.0
93650,1.0,0.0
93666,0.0,1.0
93675,0.0,1.0
93697,1.0,0.0
93700,1.0,0.0
93704,0.0,1.0
93706,0.0,1.0
93714,0.0,1.0
93715,0.0,1.0
93725,0.0,1.0
93727,0.0,1.0
93731,0.0,1.0
93734,1.0,0.0
93756,0.0,1.0
93760,0.0,1.0
93762,0.0,1.0
93769,0.0,1.0
93772,0.0,1.0
93773,0.0,1.0
93781,0.0,1.0
93782,0.0,1.0
93787,1.0,0.0
93790,0.0,1.0
93807,0.0,1.0
93809,0.0,1.0
93810,1.0,0.0
93811,1.0,0.0
93819,0.0,1.0
93831,0.0,1.0
93833,0.0,1.0
93840,0.0,1.0
93847,1.0,0.0
93848,0.0,1.0
93851,0.0,1.0
93852,0.0,1.0
93857,0.0,1.0
93862,0.0,1.0
93870,0.0,1.0
93886,0.0,1.0
93888,0.0,1.0
93904,0.0,1.0
93912,0.0,1.0
93929,0.0,1.0
93935,0.0,1.0
93937,0.0,1.0
93939,0.0,1.0
93943,0.0,1.0
93967,0.0,1.0
93968,0.0,1.0
93980,0.0,1.0
93983,0.0,1.0
93987,0.0,1.0
93994,0.0,1.0
94002,0.0,1.0
94003,0.0,1.0
94014,0.0,1.0
94025,0.0,1.0
94028,0.0,1.0
94033,1.0,0.0
94037,0.0,1.0
94049,0.0,1.0
94052,0.0,1.0
94053,0.0,1.0
94055,1.0,0.0
94066,0.0,1.0
94074,0.0,1.0
94076,0.0,1.0
94114,0.0,1.0
94122,1.0,0.0
94123,0.0,1.0
94128,0.0,1.0
94142,0.0,1.0
94159,0.0,1.0
94163,0.0,1.0
94165,1.0,0.0
94171,0.0,1.0
94178,0.0,1.0
94203,0.0,1.0
94207,0.0,1.0
94210,1.0,0.0
94224,1.0,0.0
94225,0.0,1.0
94247,0.0,1.0
94249,0.0,1.0
94255,0.0,1.0
94275,0.0,1.0
94281,0.0,1.0
94287,0.0,1.0
94295,0.0,1.0
94297,0.0,1.0
94306,0.0,1.0
94309,0.0,1.0
94311,0.0,1.0
94313,0.0,1.0
94317,0.0,1.0
94318,1.0,0.0
94319,1.0,0.0
94323,0.0,1.0
94326,0.0,1.0
94329,0.0,1.0
94348,1.0,0.0
94354,0.0,1.0
94365,0.0,1.0
94380,0.0,1.0
94394,0.0,1.0
94412,0.0,1.0
94418,0.0,1.0
94423,0.0,1.0
94425,0.0,1.0
94426,0.0,1.0
94432,1.0,0.0
94439,0.0,1.0
94440,0.0,1.0
94441,0.0,1.0
94455,0.0,1.0
94459,0.0,1.0
94488,0.0,1.0
94490,0.0,1.0
94491,0.0,1.0
94492,0.0,1.0
94504,0.0,1.0
94521,0.0,1.0
94527,1.0,0.0
94530,0.0,1.0
94538,0.0,1.0
94540,0.0,1.0
94560,0.0,1.0
94561,0.0,1.0
94564,0.0,1.0
94576,0.0,1.0
94582,0.0,1.0
94583,1.0,0.0
94587,1.0,0.0
94588,0.0,1.0
94592,0.0,1.0
94598,0.0,1.0
94601,0.0,1.0
94615,1.0,0.0
94616,0.0,1.0
94618,0.0,1.0
94619,0.0,1.0
94626,0.0,1.0
94638,0.0,1.0
94642,0.0,1.0
94644,0.0,1.0
94645,0.0,1.0
94653,1.0,0.0
94657,0.0,1.0
94658,0.0,1.0
94666,0.0,1.0
94671,1.0,0.0
94677,0.0,1.0
94703,0.0,1.0
94708,0.0,1.0
94711,0.0,1.0
94712,0.0,1.0
94714,0.0,1.0
94715,0.0,1.0
94716,0.0,1.0
94717,0.0,1.0
94722,0.0,1.0
94735,0.0,1.0
94750,0.0,1.0
94751,0.0,1.0
94755,0.0,1.0
94756,0.0,1.0
94761,0.0,1.0
94766,0.0,1.0
94795,1.0,0.0
94798,0.0,1.0
94800,0.0,1.0
94802,0.0,1.0
94809,0.0,1.0
94816,0.0,1.0
94817,0.0,1.0
94826,0.0,1.0
94836,0.0,1.0
94852,0.0,1.0
94854,1.0,0.0
94855,0.0,1.0
94860,1.0,0.0
94862,0.0,1.0
94863,0.0,1.0
94879,1.0,0.0
94885,0.0,1.0
94886,0.0,1.0
94889,0.0,1.0
94890,0.0,1.0
94893,0.0,1.0
94895,0.0,1.0
94899,1.0,0.0
94902,1.0,0.0
94903,0.0,1.0
94904,0.0,1.0
94921,0.0,1.0
94927,0.0,1.0
94931,0.0,1.0
94936,0.0,1.0
94943,0.0,1.0
94944,1.0,0.0
94955,0.0,1.0
94963,0.0,1.0
94965,0.0,1.0
94969,0.0,1.0
94985,0.0,1.0
94988,0.0,1.0
94991,0.0,1.0
94993,1.0,0.0
94997,0.0,1.0
94999,0.0,1.0
95007,0.0,1.0
95010,0.0,1.0
95012,0.0,1.0
95015,0.0,1.0
95043,0.0,1.0
95070,0.0,1.0
95079,0.0,1.0
95085,0.0,1.0
95087,0.0,1.0
95103,0.0,1.0
95116,0.0,1.0
95124,1.0,0.0
95125,1.0,0.0
95129,0.0,1.0
95132,0.0,1.0
95133,0.0,1.0
95136,1.0,0.0
95140,0.0,1.0
95142,0.0,1.0
95144,1.0,0.0
95165,0.0,1.0
95167,0.0,1.0
95168,0.0,1.0
95189,0.0,1.0
95190,0.0,1.0
95212,0.0,1.0
95220,0.0,1.0
95222,0.0,1.0
95223,0.0,1.0
95225,0.0,1.0
95238,0.0,1.0
95242,0.0,1.0
95243,0.0,1.0
95247,0.0,1.0
95248,1.0,0.0
95260,0.0,1.0
95261,1.0,0.0
95265,0.0,1.0
95267,0.0,1.0
95268,0.0,1.0
95283,1.0,0.0
95288,0.0,1.0
95290,0.0,1.0
95291,0.0,1.0
95304,0.0,1.0
95309,0.0,1.0
95310,1.0,0.0
95323,0.0,1.0
95335,0.0,1.0
95347,0.0,1.0
95352,0.0,1.0
95353,0.0,1.0
95355,0.0,1.0
95360,0.0,1.0
95367,0.0,1.0
95375,0.0,1.0
95383,1.0,0.0
95384,0.0,1.0
95387,0.0,1.0
95390,0.0,1.0
95400,0.0,1.0
95402,0.0,1.0
95405,0.0,1.0
95407,1.0,0.0
95414,1.0,0.0
95438,0.0,1.0
95442,0.0,1.0
95443,0.0,1.0
95450,1.0,0.0
95456,0.0,1.0
95460,1.0,0.0
95463,0.0,1.0
95469,0.0,1.0
95472,0.0,1.0
95476,0.0,1.0
95479,0.0,1.0
95482,0.0,1.0
95489,0.0,1.0
95508,0.0,1.0
95511,0.0,1.0
95516,0.0,1.0
95521,0.0,1.0
95539,0.0,1.0
95544,0.0,1.0
95546,1.0,0.0
95555,0.0,1.0
95563,0.0,1.0
95568,0.0,1.0
95574,0.0,1.0
95577,0.0,1.0
95578,0.0,1.0
95580,0.0,1.0
95587,1.0,0.0
95591,0.0,1.0
95596,0.0,1.0
95601,0.0,1.0
95618,1.0,0.0
95632,0.0,1.0
95639,0.0,1.0
95649,0.0,1.0
95652,0.0,1.0
95654,0.0,1.0
95660,0.0,1.0
95662,0.0,1.0
95669,0.0,1.0
95670,1.0,0.0
95676,1.0,0.0
95680,1.0,0.0
95692,0.0,1.0
95695,1.0,0.0
95699,0.0,1.0
95704,0.0,1.0
95724,0.0,1.0
95730,0.0,1.0
95731,0.0,1.0
95741,0.0,1.0
95745,0.0,1.0
95746,1.0,0.0
95750,0.0,1.0
95751,0.0,1.0
95752,0.0,1.0
95764,0.0,1.0
95765,0.0,1.0
95783,0.0,1.0
95798,1.0,0.0
95814,0.0,1.0
95817,1.0,0.0
95821,1.0,0.0
95822,0.0,1.0
95833,0.0,1.0
95844,0.0,1.0
95852,0.0,1.0
95860,0.0,1.0
95861,0.0,1.0
95862,1.0,0.0
95863,1.0,0.0
95877,0.0,1.0
95883,0.0,1.0
95884,0.0,1.0
95914,0.0,1.0
95918,0.0,1.0
95930,0.0,1.0
95941,0.0,1.0
95945,0.0,1.0
95946,0.0,1.0
95955,0.0,1.0
95966,0.0,1.0
95971,0.0,1.0
95979,0.0,1.0
95996,0.0,1.0
95998,0.0,1.0
96001,0.0,1.0
96004,0.0,1.0
96012,0.0,1.0
96027,0.0,1.0
96032,0.0,1.0
96038,0.0,1.0
96042,0.0,1.0
96046,0.0,1.0
96051,1.0,0.0
96053,1.0,0.0
96065,0.0,1.0
96066,1.0,0.0
96071,1.0,0.0
96074,0.0,1.0
96090,0.0,1.0
96093,1.0,0.0
96100,0.0,1.0
96110,1.0,0.0
96131,0.0,1.0
96146,0.0,1.0
96154,1.0,0.0
96155,0.0,1.0
96161,0.0,1.0
96162,0.0,1.0
96164,1.0,0.0
96169,1.0,0.0
96172,0.0,1.0
96173,0.0,1.0
96181,0.0,1.0
96188,1.0,0.0
96201,0.0,1.0
96203,1.0,0.0
96206,0.0,1.0
96209,0.0,1.0
96212,1.0,0.0
96218,0.0,1.0
96219,0.0,1.0
96220,0.0,1.0
96225,0.0,1.0
96231,1.0,0.0
96247,0.0,1.0
96251,0.0,1.0
96253,0.0,1.0
96262,0.0,1.0
96266,0.0,1.0
96282,0.0,1.0
96295,1.0,0.0
96299,0.0,1.0
96304,0.0,1.0
96305,1.0,0.0
96306,0.0,1.0
96307,0.0,1.0
96308,0.0,1.0
96314,1.0,0.0
96315,0.0,1.0
96316,1.0,0.0
96324,0.0,1.0
96341,1.0,0.0
96344,0.0,1.0
96347,1.0,0.0
96354,0.0,1.0
96362,0.0,1.0
96369,0.0,1.0
96375,0.0,1.0
96376,0.0,1.0
96381,1.0,0.0
96385,0.0,1.0
96393,0.0,1.0
96394,0.0,1.0
96401,0.0,1.0
96412,0.0,1.0
96428,1.0,0.0
96438,0.0,1.0
96440,0.0,1.0
96445,0.0,1.0
96446,0.0,1.0
96459,0.0,1.0
96460,1.0,0.0
96483,0.0,1.0
96484,0.0,1.0
96491,0.0,1.0
96492,0.0,1.0
96495,0.0,1.0
96496,1.0,0.0
96497,0.0,1.0
96505,0.0,1.0
96508,0.0,1.0
96509,0.0,1.0
96517,0.0,1.0
96520,0.0,1.0
96524,1.0,0.0
96531,0.0,1.0
96537,0.0,1.0
96538,0.0,1.0
96539,0.0,1.0
96542,1.0,0.0
96550,0.0,1.0
96555,0.0,1.0
96556,1.0,0.0
96569,0.0,1.0
96583,0.0,1.0
96588,0.0,1.0
96592,0.0,1.0
96601,0.0,1.0
96608,0.0,1.0
96616,0.0,1.0
96629,0.0,1.0
96634,0.0,1.0
96641,0.0,1.0
96648,0.0,1.0
96666,0.0,1.0
96674,0.0,1.0
96677,0.0,1.0
96687,1.0,0.0
96691,0.0,1.0
96694,0.0,1.0
96715,0.0,1.0
96717,0.0,1.0
96726,0.0,1.0
96728,0.0,1.0
96732,0.0,1.0
96735,0.0,1.0
96744,0.0,1.0
96750,0.0,1.0
96752,0.0,1.0
96754,0.0,1.0
96755,0.0,1.0
96765,0.0,1.0
96770,0.0,1.0
96771,0.0,1.0
96777,0.0,1.0
96785,0.0,1.0
96787,1.0,0.0
96790,0.0,1.0
96792,0.0,1.0
96793,0.0,1.0
96801,0.0,1.0
96825,0.0,1.0
96826,0.0,1.0
96829,1.0,0.0
96830,1.0,0.0
96838,0.0,1.0
96844,0.0,1.0
96846,1.0,0.0
96852,0.0,1.0
96866,0.0,1.0
96869,0.0,1.0
96871,0.0,1.0
96873,0.0,1.0
96878,0.0,1.0
96886,0.0,1.0
96890,0.0,1.0
96905,0.0,1.0
96906,0.0,1.0
96929,0.0,1.0
96932,1.0,0.0
96942,0.0,1.0
96963,1.0,0.0
96978,0.0,1.0
96979,0.0,1.0
96980,1.0,0.0
96985,0.0,1.0
96996,0.0,1.0
96999,0.0,1.0
97000,0.0,1.0
97014,0.0,1.0
97016,0.0,1.0
97024,0.0,1.0
97046,0.0,1.0
97059,0.0,1.0
97062,0.0,1.0
97068,0.0,1.0
97070,0.0,1.0
97072,0.0,1.0
97080,0.0,1.0
97083,0.0,1.0
97105,0.0,1.0
97109,0.0,1.0
97114,0.0,1.0
97115,0.0,1.0
97117,0.0,1.0
97125,1.0,0.0
97126,0.0,1.0
97130,0.0,1.0
97135,0.0,1.0
97138,0.0,1.0
97146,0.0,1.0
97150,1.0,0.0
97155,0.0,1.0
97156,0.0,1.0
97165,0.0,1.0
97189,0.0,1.0
97190,0.0,1.0
97211,0.0,1.0
97222,1.0,0.0
97227,0.0,1.0
97236,0.0,1.0
97242,0.0,1.0
97248,0.0,1.0
97250,0.0,1.0
97262,0.0,1.0
97271,1.0,0.0
97285,0.0,1.0
97288,0.0,1.0
97291,1.0,0.0
97295,0.0,1.0
97314,0.0,1.0
97322,1.0,0.0
97334,0.0,1.0
97353,0.0,1.0
97363,0.0,1.0
97364,0.0,1.0
97369,1.0,0.0
97373,1.0,0.0
97375,0.0,1.0
97377,0.0,1.0
97381,0.0,1.0
97406,0.0,1.0
97409,0.0,1.0
97410,0.0,1.0
97412,0.0,1.0
97414,1.0,0.0
97419,0.0,1.0
97422,0.0,1.0
97427,0.0,1.0
97428,0.0,1.0
97435,0.0,1.0
97446,0.0,1.0
97448,0.0,1.0
97451,1.0,0.0
97462,0.0,1.0
97469,0.0,1.0
97474,1.0,0.0
97476,0.0,1.0
97477,0.0,1.0
97482,0.0,1.0
97489,0.0,1.0
97491,0.0,1.0
97494,0.0,1.0
97513,0.0,1.0
97522,0.0,1.0
97548,0.0,1.0
97551,0.0,1.0
97564,0.0,1.0
97566,0.0,1.0
97575,0.0,1.0
97579,0.0,1.0
97590,0.0,1.0
97594,0.0,1.0
97595,1.0,0.0
97596,0.0,1.0
97615,0.0,1.0
97616,0.0,1.0
97622,0.0,1.0
97641,1.0,0.0
97648,0.0,1.0
97661,0.0,1.0
97672,0.0,1.0
97673,0.0,1.0
97681,1.0,0.0
97689,0.0,1.0
97697,0.0,1.0
97699,0.0,1.0
97700,0.0,1.0
97703,0.0,1.0
97705,0.0,1.0
97707,1.0,0.0
97709,0.0,1.0
97710,0.0,1.0
97711,0.0,1.0
97726,0.0,1.0
97727,0.0,1.0
97735,0.0,1.0
97736,0.0,1.0
97738,0.0,1.0
97742,0.0,1.0
97746,0.0,1.0
97747,0.0,1.0
97749,0.0,1.0
97756,0.0,1.0
97760,1.0,0.0
97761,0.0,1.0
97768,1.0,0.0
97773,1.0,0.0
97783,0.0,1.0
97788,0.0,1.0
97789,0.0,1.0
97793,0.0,1.0
97797,0.0,1.0
97817,0.0,1.0
97844,0.0,1.0
97849,0.0,1.0
97850,0.0,1.0
97854,0.0,1.0
97859,0.0,1.0
97880,0.0,1.0
97887,0.0,1.0
97891,0.0,1.0
97895,0.0,1.0
97905,0.0,1.0
97910,0.0,1.0
97923,0.0,1.0
97925,0.0,1.0
97928,0.0,1.0
97932,0.0,1.0
97935,0.0,1.0
97948,1.0,0.0
97951,0.0,1.0
97953,0.0,1.0
97957,0.0,1.0
97965,0.0,1.0
97966,0.0,1.0
97971,0.0,1.0
97978,0.0,1.0
97989,0.0,1.0
97991,1.0,0.0
97999,1.0,0.0
98002,0.0,1.0
98004,1.0,0.0
98010,0.0,1.0
98014,0.0,1.0
98026,0.0,1.0
98033,0.0,1.0
98053,0.0,1.0
98065,0.0,1.0
98069,0.0,1.0
98074,0.0,1.0
98079,1.0,0.0
98081,1.0,0.0
98090,0.0,1.0
98094,0.0,1.0
98109,0.0,1.0
98110,1.0,0.0
98114,0.0,1.0
98133,0.0,1.0
98134,0.0,1.0
98150,0.0,1.0
98154,0.0,1.0
98156,0.0,1.0
98157,0.0,1.0
98166,0.0,1.0
98167,1.0,0.0
98172,0.0,1.0
98192,0.0,1.0
98196,0.0,1.0
98197,0.0,1.0
98203,0.0,1.0
98206,0.0,1.0
98208,0.0,1.0
98209,1.0,0.0
98219,0.0,1.0
98225,0.0,1.0
98233,0.0,1.0
98240,0.0,1.0
98241,1.0,0.0
98243,0.0,1.0
98249,0.0,1.0
98259,0.0,1.0
98260,0.0,1.0
98265,0.0,1.0
98281,0.0,1.0
98284,0.0,1.0
98288,1.0,0.0
98308,0.0,1.0
98316,0.0,1.0
98322,1.0,0.0
98326,0.0,1.0
98328,0.0,1.0
98338,0.0,1.0
98342,0.0,1.0
98351,0.0,1.0
98353,0.0,1.0
98360,0.0,1.0
98361,0.0,1.0
98364,1.0,0.0
98365,0.0,1.0
98370,1.0,0.0
98374,0.0,1.0
98382,0.0,1.0
98388,0.0,1.0
98401,0.0,1.0
98417,0.0,1.0
98423,1.0,0.0
98424,0.0,1.0
98425,1.0,0.0
98436,0.0,1.0
98438,0.0,1.0
98440,0.0,1.0
98441,0.0,1.0
98446,1.0,0.0
98448,1.0,0.0
98452,0.0,1.0
98457,0.0,1.0
98459,1.0,0.0
98465,0.0,1.0
98472,0.0,1.0
98474,0.0,1.0
98475,0.0,1.0
98495,0.0,1.0
98503,0.0,1.0
98508,0.0,1.0
98509,0.0,1.0
98520,0.0,1.0
98522,1.0,0.0
98523,0.0,1.0
98526,0.0,1.0
98534,0.0,1.0
98535,0.0,1.0
98559,0.0,1.0
98562,1.0,0.0
98566,0.0,1.0
98569,0.0,1.0
98583,0.0,1.0
98585,0.0,1.0
98600,0.0,1.0
98607,0.0,1.0
98609,0.0,1.0
98611,0.0,1.0
98612,0.0,1.0
98613,0.0,1.0
98615,0.0,1.0
98617,1.0,0.0
98620,1.0,0.0
98621,0.0,1.0
98623,0.0,1.0
98647,0.0,1.0
98657,0.0,1.0
98664,0.0,1.0
98668,0.0,1.0
98671,1.0,0.0
98676,1.0,0.0
98681,0.0,1.0
98692,0.0,1.0
98703,0.0,1.0
98704,0.0,1.0
98705,0.0,1.0
98706,0.0,1.0
98717,0.0,1.0
98734,0.0,1.0
98744,0.0,1.0
98752,0.0,1.0
98777,0.0,1.0
98787,0.0,1.0
98790,0.0,1.0
98801,0.0,1.0
98805,0.0,1.0
98814,0.0,1.0
98816,1.0,0.0
98817,0.0,1.0
98825,0.0,1.0
98829,1.0,0.0
98834,0.0,1.0
98842,1.0,0.0
98843,1.0,0.0
98846,0.0,1.0
98854,1.0,0.0
98863,1.0,0.0
98890,0.0,1.0
98893,0.0,1.0
98895,0.0,1.0
98898,0.0,1.0
98900,0.0,1.0
98905,0.0,1.0
98906,0.0,1.0
98908,0.0,1.0
98911,0.0,1.0
98916,0.0,1.0
98918,0.0,1.0
98928,0.0,1.0
98938,0.0,1.0
98952,0.0,1.0
98956,0.0,1.0
98958,0.0,1.0
98962,0.0,1.0
98969,0.0,1.0
98979,0.0,1.0
98982,0.0,1.0
99013,0.0,1.0
99016,0.0,1.0
99022,0.0,1.0
99028,0.0,1.0
99032,0.0,1.0
99045,0.0,1.0
99048,0.0,1.0
99053,0.0,1.0
99054,0.0,1.0
99059,0.0,1.0
99063,0.0,1.0
99073,0.0,1.0
99078,0.0,1.0
99079,0.0,1.0
99096,0.0,1.0
99101,0.0,1.0
99102,0.0,1.0
99127,0.0,1.0
99128,0.0,1.0
99134,0.0,1.0
99142,0.0,1.0
99143,0.0,1.0
99147,0.0,1.0
99148,0.0,1.0
99151,0.0,1.0
99161,0.0,1.0
99166,0.0,1.0
99184,0.0,1.0
99198,0.0,1.0
99203,0.0,1.0
99209,0.0,1.0
99211,1.0,0.0
99213,1.0,0.0
99216,0.0,1.0
99219,0.0,1.0
99220,0.0,1.0
99233,0.0,1.0
99234,0.0,1.0
99238,0.0,1.0
99240,0.0,1.0
99245,0.0,1.0
99254,0.0,1.0
99259,1.0,0.0
99260,0.0,1.0
99264,0.0,1.0
99285,0.0,1.0
99299,0.0,1.0
99300,0.0,1.0
99303,0.0,1.0
99304,0.0,1.0
99317,0.0,1.0
99327,0.0,1.0
99329,1.0,0.0
99330,0.0,1.0
99334,0.0,1.0
99338,0.0,1.0
99340,0.0,1.0
99346,0.0,1.0
99348,0.0,1.0
99357,0.0,1.0
99371,0.0,1.0
99378,0.0,1.0
99395,0.0,1.0
99405,0.0,1.0
99414,0.0,1.0
99432,0.0,1.0
99437,1.0,0.0
99439,1.0,0.0
99448,0.0,1.0
99452,0.0,1.0
99458,0.0,1.0
99477,1.0,0.0
99480,0.0,1.0
99499,0.0,1.0
99508,0.0,1.0
99510,1.0,0.0
99511,1.0,0.0
99523,1.0,0.0
99524,0.0,1.0
99526,0.0,1.0
99532,0.0,1.0
99547,0.0,1.0
99549,0.0,1.0
99566,0.0,1.0
99586,0.0,1.0
99587,0.0,1.0
99591,0.0,1.0
99595,0.0,1.0
99597,0.0,1.0
99601,0.0,1.0
99604,0.0,1.0
99621,0.0,1.0
99623,0.0,1.0
99626,0.0,1.0
99628,0.0,1.0
99644,0.0,1.0
99666,0.0,1.0
99667,1.0,0.0
99673,0.0,1.0
99677,0.0,1.0
99679,1.0,0.0
99682,0.0,1.0
99704,1.0,0.0
99706,0.0,1.0
99712,0.0,1.0
99714,0.0,1.0
99715,0.0,1.0
99722,0.0,1.0
99725,0.0,1.0
99727,1.0,0.0
99729,0.0,1.0
99738,0.0,1.0
99741,0.0,1.0
99756,0.0,1.0
99762,1.0,0.0
99765,0.0,1.0
99772,0.0,1.0
99773,0.0,1.0
99776,1.0,0.0
99786,0.0,1.0
99807,0.0,1.0
99809,0.0,1.0
99813,0.0,1.0
99823,0.0,1.0
99825,0.0,1.0
99828,0.0,1.0
99832,0.0,1.0
99852,0.0,1.0
99858,0.0,1.0
99867,0.0,1.0
99868,0.0,1.0
99869,0.0,1.0
99871,0.0,1.0
99872,0.0,1.0
99880,0.0,1.0
99889,0.0,1.0
99890,1.0,0.0
99893,0.0,1.0
99895,0.0,1.0
99901,1.0,0.0
99905,0.0,1.0
99908,1.0,0.0
99909,0.0,1.0
99916,0.0,1.0
99917,0.0,1.0
99924,1.0,0.0
99927,0.0,1.0
99936,0.0,1.0
99938,0.0,1.0
99950,0.0,1.0
99957,0.0,1.0
99960,0.0,1.0
99965,0.0,1.0
99966,1.0,0.0
99967,0.0,1.0
99969,0.0,1.0
99976,0.0,1.0
99986,1.0,0.0
99987,1.0,0.0
99993,1.0,0.0
99995,0.0,1.0
100003,0.0,1.0
100008,0.0,1.0
100015,0.0,1.0
100039,0.0,1.0
100042,0.0,1.0
100043,0.0,1.0
100047,0.0,1.0
100055,0.0,1.0
100076,0.0,1.0
100089,1.0,0.0
100111,0.0,1.0
100116,0.0,1.0
100129,0.0,1.0
100135,0.0,1.0
100142,1.0,0.0
100158,1.0,0.0
100159,0.0,1.0
100160,1.0,0.0
100202,0.0,1.0
100207,0.0,1.0
100209,0.0,1.0
100218,0.0,1.0
100222,0.0,1.0
100223,0.0,1.0
100227,0.0,1.0
100237,0.0,1.0
100251,0.0,1.0
100254,0.0,1.0
100262,0.0,1.0
100266,0.0,1.0
100273,0.0,1.0
100283,1.0,0.0
100287,0.0,1.0
100289,0.0,1.0
100303,0.0,1.0
100304,0.0,1.0
100312,0.0,1.0
100315,1.0,0.0
100316,0.0,1.0
100331,0.0,1.0
100337,0.0,1.0
100345,1.0,0.0
100346,0.0,1.0
100353,1.0,0.0
100354,1.0,0.0
100357,0.0,1.0
100365,0.0,1.0
100373,0.0,1.0
100376,0.0,1.0
100377,1.0,0.0
100378,0.0,1.0
100381,0.0,1.0
100392,0.0,1.0
100403,0.0,1.0
100410,0.0,1.0
100425,0.0,1.0
100426,0.0,1.0
100427,0.0,1.0
100433,0.0,1.0
100440,1.0,0.0
100445,0.0,1.0
100448,0.0,1.0
100449,0.0,1.0
100463,0.0,1.0
100473,0.0,1.0
100476,0.0,1.0
100480,0.0,1.0
100485,0.0,1.0
100490,0.0,1.0
100505,0.0,1.0
100506,1.0,0.0
100515,0.0,1.0
100519,0.0,1.0
100521,1.0,0.0
100525,0.0,1.0
100527,0.0,1.0
100533,0.0,1.0
100539,0.0,1.0
100557,0.0,1.0
100562,1.0,0.0
100565,0.0,1.0
100571,0.0,1.0
100586,0.0,1.0
100593,0.0,1.0
100609,0.0,1.0
100613,0.0,1.0
100617,0.0,1.0
100621,0.0,1.0
100622,0.0,1.0
100625,0.0,1.0
100634,0.0,1.0
100647,0.0,1.0
100654,0.0,1.0
100656,0.0,1.0
100657,0.0,1.0
100669,0.0,1.0
100673,1.0,0.0
100679,0.0,1.0
100682,0.0,1.0
100701,0.0,1.0
100702,0.0,1.0
100706,0.0,1.0
100719,1.0,0.0
100731,0.0,1.0
100732,0.0,1.0
100733,0.0,1.0
100735,0.0,1.0
100743,0.0,1.0
100744,0.0,1.0
100745,0.0,1.0
100755,1.0,0.0
100764,1.0,0.0
100770,0.0,1.0
100775,0.0,1.0
100777,0.0,1.0
100781,0.0,1.0
100783,0.0,1.0
100785,0.0,1.0
100791,0.0,1.0
100793,0.0,1.0
100797,0.0,1.0
100801,0.0,1.0
100809,0.0,1.0
100810,0.0,1.0
100830,0.0,1.0
100846,0.0,1.0
100848,0.0,1.0
100849,0.0,1.0
100852,0.0,1.0
100875,0.0,1.0
100881,0.0,1.0
100883,0.0,1.0
100917,0.0,1.0
100921,0.0,1.0
100935,0.0,1.0
100939,0.0,1.0
100951,1.0,0.0
100956,0.0,1.0
100961,0.0,1.0
100967,0.0,1.0
100973,0.0,1.0
100977,0.0,1.0
100993,0.0,1.0
101018,0.0,1.0
101026,0.0,1.0
101036,0.0,1.0
101039,0.0,1.0
101054,1.0,0.0
101066,0.0,1.0
101073,0.0,1.0
101076,0.0,1.0
101078,0.0,1.0
101089,0.0,1.0
101092,0.0,1.0
101100,1.0,0.0
101108,0.0,1.0
101121,0.0,1.0
101126,0.0,1.0
101134,0.0,1.0
101135,0.0,1.0
101145,1.0,0.0
101147,1.0,0.0
101159,0.0,1.0
101174,1.0,0.0
101182,0.0,1.0
101193,0.0,1.0
101194,0.0,1.0
101202,0.0,1.0
101204,0.0,1.0
101205,0.0,1.0
101208,0.0,1.0
101214,0.0,1.0
101226,1.0,0.0
101234,0.0,1.0
101235,0.0,1.0
101238,0.0,1.0
101246,0.0,1.0
101257,0.0,1.0
101260,0.0,1.0
101261,0.0,1.0
101265,0.0,1.0
101272,0.0,1.0
101273,0.0,1.0
101280,0.0,1.0
101285,0.0,1.0
101291,0.0,1.0
101301,0.0,1.0
101310,0.0,1.0
101317,0.0,1.0
101326,0.0,1.0
101330,0.0,1.0
101339,0.0,1.0
101343,1.0,0.0
101356,0.0,1.0
101357,0.0,1.0
101366,1.0,0.0
101371,0.0,1.0
101380,0.0,1.0
101387,0.0,1.0
101399,0.0,1.0
101401,0.0,1.0
101408,0.0,1.0
101414,0.0,1.0
101420,0.0,1.0
101429,0.0,1.0
101432,0.0,1.0
101433,0.0,1.0
101442,0.0,1.0
101444,0.0,1.0
101449,0.0,1.0
101458,0.0,1.0
101459,0.0,1.0
101469,0.0,1.0
101474,0.0,1.0
101494,1.0,0.0
101499,0.0,1.0
101502,0.0,1.0
101508,0.0,1.0
101515,0.0,1.0
101519,0.0,1.0
101535,0.0,1.0
101536,0.0,1.0
101541,0.0,1.0
101544,0.0,1.0
101551,1.0,0.0
101555,0.0,1.0
101561,0.0,1.0
101573,0.0,1.0
101587,0.0,1.0
101592,0.0,1.0
101599,0.0,1.0
101604,0.0,1.0
101607,0.0,1.0
101634,0.0,1.0
101638,0.0,1.0
101649,0.0,1.0
101652,0.0,1.0
101653,0.0,1.0
101654,0.0,1.0
101657,0.0,1.0
101666,0.0,1.0
101673,0.0,1.0
101703,0.0,1.0
101706,1.0,0.0
101727,0.0,1.0
101734,0.0,1.0
101744,0.0,1.0
101748,1.0,0.0
101752,0.0,1.0
101758,0.0,1.0
101760,0.0,1.0
101761,0.0,1.0
101767,0.0,1.0
101768,0.0,1.0
101769,0.0,1.0
101775,0.0,1.0
101779,0.0,1.0
101786,0.0,1.0
101789,0.0,1.0
101800,0.0,1.0
101815,0.0,1.0
101820,0.0,1.0
101826,0.0,1.0
101827,1.0,0.0
101830,0.0,1.0
101834,0.0,1.0
101840,0.0,1.0
101847,0.0,1.0
101855,0.0,1.0
101856,0.0,1.0
101866,0.0,1.0
101873,0.0,1.0
101877,0.0,1.0
101885,0.0,1.0
101887,0.0,1.0
101889,0.0,1.0
101898,1.0,0.0
101911,0.0,1.0
101915,0.0,1.0
101920,1.0,0.0
101922,0.0,1.0
101923,0.0,1.0
101925,0.0,1.0
101931,0.0,1.0
101932,1.0,0.0
101933,1.0,0.0
101935,0.0,1.0
101937,0.0,1.0
101949,0.0,1.0
101958,1.0,0.0
101963,0.0,1.0
101976,0.0,1.0
101977,0.0,1.0
101978,0.0,1.0
101986,0.0,1.0
101993,0.0,1.0
101998,0.0,1.0
102007,0.0,1.0
102032,0.0,1.0
102035,1.0,0.0
102036,0.0,1.0
102050,0.0,1.0
102052,0.0,1.0
102074,0.0,1.0
102078,1.0,0.0
102086,0.0,1.0
102092,0.0,1.0
102097,1.0,0.0
102099,0.0,1.0
102117,0.0,1.0
102122,0.0,1.0
102127,0.0,1.0
102128,0.0,1.0
102137,0.0,1.0
102138,0.0,1.0
102142,1.0,0.0
102152,0.0,1.0
102153,0.0,1.0
102159,0.0,1.0
102163,0.0,1.0
102172,0.0,1.0
102179,0.0,1.0
102183,0.0,1.0
102184,0.0,1.0
102185,0.0,1.0
102193,0.0,1.0
102194,0.0,1.0
102198,0.0,1.0
102200,1.0,0.0
102209,0.0,1.0
102216,0.0,1.0
102217,0.0,1.0
102218,0.0,1.0
102219,0.0,1.0
102227,0.0,1.0
102247,0.0,1.0
102251,0.0,1.0
102255,0.0,1.0
102262,0.0,1.0
102266,0.0,1.0
102277,0.0,1.0
102281,0.0,1.0
102283,0.0,1.0
102285,0.0,1.0
102289,1.0,0.0
102295,0.0,1.0
102296,0.0,1.0
102316,0.0,1.0
102325,0.0,1.0
102337,0.0,1.0
102339,0.0,1.0
102341,0.0,1.0
102342,0.0,1.0
102349,0.0,1.0
102351,0.0,1.0
102355,0.0,1.0
102356,0.0,1.0
102365,0.0,1.0
102384,1.0,0.0
102391,0.0,1.0
102419,1.0,0.0
102430,0.0,1.0
102431,0.0,1.0
102432,1.0,0.0
102435,1.0,0.0
102436,0.0,1.0
102437,1.0,0.0
102442,0.0,1.0
102445,0.0,1.0
102448,0.0,1.0
102451,0.0,1.0
102453,1.0,0.0
102454,0.0,1.0
102470,0.0,1.0
102478,1.0,0.0
102479,0.0,1.0
102486,0.0,1.0
102495,0.0,1.0
102509,0.0,1.0
102516,0.0,1.0
102532,1.0,0.0
102539,0.0,1.0
102541,0.0,1.0
102543,0.0,1.0
102545,0.0,1.0
102546,0.0,1.0
102555,1.0,0.0
102567,0.0,1.0
102573,0.0,1.0
102580,0.0,1.0
102598,0.0,1.0
102600,1.0,0.0
102604,1.0,0.0
102605,0.0,1.0
102611,0.0,1.0
102620,0.0,1.0
102623,0.0,1.0
102627,0.0,1.0
102628,0.0,1.0
102631,0.0,1.0
102633,0.0,1.0
102639,1.0,0.0
102642,0.0,1.0
102644,0.0,1.0
102648,0.0,1.0
102658,0.0,1.0
102659,0.0,1.0
102667,0.0,1.0
102673,0.0,1.0
102675,1.0,0.0
102681,0.0,1.0
102697,1.0,0.0
102702,1.0,0.0
102704,0.0,1.0
102715,0.0,1.0
102716,0.0,1.0
102717,1.0,0.0
102718,0.0,1.0
102728,0.0,1.0
102733,0.0,1.0
102756,0.0,1.0
102767,1.0,0.0
102783,0.0,1.0
102792,0.0,1.0
102804,0.0,1.0
102815,0.0,1.0
102820,0.0,1.0
102823,0.0,1.0
102832,1.0,0.0
102833,0.0,1.0
102836,1.0,0.0
102838,0.0,1.0
102840,0.0,1.0
102855,1.0,0.0
102858,1.0,0.0
102859,0.0,1.0
102882,0.0,1.0
102896,0.0,1.0
102902,0.0,1.0
102903,0.0,1.0
102904,0.0,1.0
102908,0.0,1.0
102909,0.0,1.0
102914,0.0,1.0
102918,0.0,1.0
102922,1.0,0.0
102929,0.0,1.0
102943,0.0,1.0
102960,0.0,1.0
102964,0.0,1.0
102968,0.0,1.0
102969,0.0,1.0
102978,0.0,1.0
102999,0.0,1.0
103000,0.0,1.0
103008,1.0,0.0
103012,0.0,1.0
103013,0.0,1.0
103015,0.0,1.0
103020,0.0,1.0
103032,0.0,1.0
103036,0.0,1.0
103046,0.0,1.0
103048,1.0,0.0
103050,0.0,1.0
103052,0.0,1.0
103053,0.0,1.0
103062,0.0,1.0
103070,0.0,1.0
103077,0.0,1.0
103090,1.0,0.0
103091,0.0,1.0
103113,0.0,1.0
103114,1.0,0.0
103115,0.0,1.0
103116,0.0,1.0
103119,0.0,1.0
103132,0.0,1.0
103134,0.0,1.0
103148,0.0,1.0
103149,0.0,1.0
103155,0.0,1.0
103161,0.0,1.0
103175,0.0,1.0
103184,0.0,1.0
103186,0.0,1.0
103193,0.0,1.0
103196,0.0,1.0
103201,0.0,1.0
103206,1.0,0.0
103208,0.0,1.0
103219,0.0,1.0
103224,0.0,1.0
103227,0.0,1.0
103231,0.0,1.0
103236,0.0,1.0
103237,1.0,0.0
103246,0.0,1.0
103253,0.0,1.0
103257,0.0,1.0
103263,0.0,1.0
103265,0.0,1.0
103285,0.0,1.0
103291,0.0,1.0
103294,0.0,1.0
103302,1.0,0.0
103306,0.0,1.0
103308,0.0,1.0
103315,0.0,1.0
103316,0.0,1.0
103321,1.0,0.0
103324,0.0,1.0
103328,1.0,0.0
103338,0.0,1.0
103341,0.0,1.0
103354,0.0,1.0
103370,1.0,0.0
103378,1.0,0.0
103391,0.0,1.0
103392,0.0,1.0
103399,0.0,1.0
103403,0.0,1.0
103405,0.0,1.0
103420,1.0,0.0
103429,0.0,1.0
103433,0.0,1.0
103436,0.0,1.0
103439,0.0,1.0
103446,1.0,0.0
103452,1.0,0.0
103456,0.0,1.0
103466,0.0,1.0
103487,0.0,1.0
103501,1.0,0.0
103509,1.0,0.0
103514,0.0,1.0
103528,0.0,1.0
103533,0.0,1.0
103536,0.0,1.0
103538,0.0,1.0
103541,0.0,1.0
103557,0.0,1.0
103561,1.0,0.0
103562,0.0,1.0
103563,0.0,1.0
103571,0.0,1.0
103580,0.0,1.0
103586,0.0,1.0
103598,0.0,1.0
103599,1.0,0.0
103603,0.0,1.0
103605,0.0,1.0
103611,0.0,1.0
103615,1.0,0.0
103623,0.0,1.0
103627,1.0,0.0
103640,1.0,0.0
103645,1.0,0.0
103647,0.0,1.0
103648,0.0,1.0
103650,0.0,1.0
103653,0.0,1.0
103656,0.0,1.0
103659,0.0,1.0
103665,0.0,1.0
103672,0.0,1.0
103687,0.0,1.0
103695,0.0,1.0
103708,0.0,1.0
103711,0.0,1.0
103712,0.0,1.0
103719,0.0,1.0
103723,0.0,1.0
103741,0.0,1.0
103757,1.0,0.0
103769,1.0,0.0
103776,0.0,1.0
103784,0.0,1.0
103785,0.0,1.0
103802,0.0,1.0
103815,0.0,1.0
103822,0.0,1.0
103829,0.0,1.0
103832,0.0,1.0
103841,1.0,0.0
103847,0.0,1.0
103858,0.0,1.0
103874,1.0,0.0
103880,0.0,1.0
103883,0.0,1.0
103891,0.0,1.0
103892,0.0,1.0
103900,0.0,1.0
103905,0.0,1.0
103906,0.0,1.0
103907,0.0,1.0
103916,0.0,1.0
103917,0.0,1.0
103940,0.0,1.0
103946,0.0,1.0
103948,0.0,1.0
103949,0.0,1.0
103957,0.0,1.0
103965,0.0,1.0
103967,0.0,1.0
103977,0.0,1.0
103980,0.0,1.0
103984,0.0,1.0
103989,0.0,1.0
103991,0.0,1.0
104007,0.0,1.0
104014,0.0,1.0
104016,0.0,1.0
104047,0.0,1.0
104049,0.0,1.0
104053,0.0,1.0
104055,0.0,1.0
104061,0.0,1.0
104065,0.0,1.0
104068,0.0,1.0
104077,0.0,1.0
104088,1.0,0.0
104100,0.0,1.0
104104,0.0,1.0
104111,0.0,1.0
104117,0.0,1.0
104120,0.0,1.0
104128,0.0,1.0
104132,0.0,1.0
104135,0.0,1.0
104144,1.0,0.0
104157,0.0,1.0
104159,1.0,0.0
104161,0.0,1.0
104168,0.0,1.0
104186,0.0,1.0
104187,0.0,1.0
104196,0.0,1.0
104197,0.0,1.0
104199,0.0,1.0
104203,0.0,1.0
104206,0.0,1.0
104221,0.0,1.0
104224,0.0,1.0
104233,0.0,1.0
104234,0.0,1.0
104265,1.0,0.0
104269,0.0,1.0
104272,0.0,1.0
104273,0.0,1.0
104278,0.0,1.0
104279,0.0,1.0
104286,0.0,1.0
104303,0.0,1.0
104312,1.0,0.0
104314,1.0,0.0
104316,0.0,1.0
104319,0.0,1.0
104323,0.0,1.0
104325,1.0,0.0
104332,0.0,1.0
104339,0.0,1.0
104359,0.0,1.0
104368,0.0,1.0
104379,0.0,1.0
104380,0.0,1.0
104386,0.0,1.0
104387,1.0,0.0
104401,0.0,1.0
104405,0.0,1.0
104416,0.0,1.0
104435,0.0,1.0
104441,0.0,1.0
104445,0.0,1.0
104457,0.0,1.0
104465,0.0,1.0
104468,0.0,1.0
104469,0.0,1.0
104472,0.0,1.0
104480,0.0,1.0
104484,0.0,1.0
104490,1.0,0.0
104507,0.0,1.0
104508,0.0,1.0
104523,0.0,1.0
104526,0.0,1.0
104532,1.0,0.0
104544,0.0,1.0
104555,1.0,0.0
104564,1.0,0.0
104568,1.0,0.0
104572,0.0,1.0
104577,0.0,1.0
104584,0.0,1.0
104586,0.0,1.0
104590,0.0,1.0
104592,0.0,1.0
104594,0.0,1.0
104597,0.0,1.0
104599,0.0,1.0
104601,0.0,1.0
104612,0.0,1.0
104619,1.0,0.0
104620,0.0,1.0
104624,0.0,1.0
104643,0.0,1.0
104652,1.0,0.0
104653,0.0,1.0
104681,0.0,1.0
104682,0.0,1.0
104684,0.0,1.0
104710,0.0,1.0
104711,0.0,1.0
104718,0.0,1.0
104720,0.0,1.0
104723,0.0,1.0
104724,0.0,1.0
104727,0.0,1.0
104749,0.0,1.0
104756,0.0,1.0
104772,0.0,1.0
104773,0.0,1.0
104774,1.0,0.0
104785,0.0,1.0
104787,0.0,1.0
104788,0.0,1.0
104793,0.0,1.0
104797,0.0,1.0
104798,0.0,1.0
104801,0.0,1.0
104806,0.0,1.0
104829,1.0,0.0
104840,1.0,0.0
104844,0.0,1.0
104853,1.0,0.0
104855,0.0,1.0
104856,0.0,1.0
104857,0.0,1.0
104864,0.0,1.0
104869,0.0,1.0
104882,0.0,1.0
104884,0.0,1.0
104885,1.0,0.0
104899,0.0,1.0
104906,1.0,0.0
104915,0.0,1.0
104918,0.0,1.0
104921,1.0,0.0
104944,0.0,1.0
104954,0.0,1.0
104959,0.0,1.0
104964,1.0,0.0
104971,0.0,1.0
104980,0.0,1.0
104981,0.0,1.0
104993,0.0,1.0
104994,0.0,1.0
104995,0.0,1.0
105010,0.0,1.0
105014,0.0,1.0
105016,1.0,0.0
105031,0.0,1.0
105034,0.0,1.0
105054,0.0,1.0
105056,0.0,1.0
105069,0.0,1.0
105075,0.0,1.0
105079,0.0,1.0
105085,0.0,1.0
105093,0.0,1.0
105095,0.0,1.0
105100,0.0,1.0
105107,0.0,1.0
105109,0.0,1.0
105112,0.0,1.0
105124,1.0,0.0
105127,0.0,1.0
105131,0.0,1.0
105133,0.0,1.0
105136,1.0,0.0
105152,0.0,1.0
105161,0.0,1.0
105162,0.0,1.0
105163,0.0,1.0
105168,0.0,1.0
105180,0.0,1.0
105190,1.0,0.0
105194,0.0,1.0
105195,0.0,1.0
105202,0.0,1.0
105206,0.0,1.0
105212,1.0,0.0
105240,0.0,1.0
105245,0.0,1.0
105250,0.0,1.0
105255,0.0,1.0
105256,0.0,1.0
105260,0.0,1.0
105272,0.0,1.0
105276,0.0,1.0
105293,0.0,1.0
105312,0.0,1.0
105313,0.0,1.0
105323,0.0,1.0
105330,0.0,1.0
105341,0.0,1.0
105349,1.0,0.0
105386,0.0,1.0
105387,0.0,1.0
105390,0.0,1.0
105391,0.0,1.0
105407,0.0,1.0
105417,0.0,1.0
105422,1.0,0.0
105433,0.0,1.0
105437,0.0,1.0
105442,0.0,1.0
105446,0.0,1.0
105453,0.0,1.0
105454,0.0,1.0
105456,0.0,1.0
105461,0.0,1.0
105466,0.0,1.0
105483,0.0,1.0
105493,0.0,1.0
105496,0.0,1.0
105499,0.0,1.0
105501,0.0,1.0
105506,0.0,1.0
105513,1.0,0.0
105521,0.0,1.0
105528,0.0,1.0
105548,0.0,1.0
105550,0.0,1.0
105568,0.0,1.0
105572,0.0,1.0
105575,0.0,1.0
105581,0.0,1.0
105598,0.0,1.0
105604,0.0,1.0
105607,0.0,1.0
105610,1.0,0.0
105614,0.0,1.0
105621,0.0,1.0
105623,0.0,1.0
105624,0.0,1.0
105625,0.0,1.0
105630,0.0,1.0
105642,0.0,1.0
105644,0.0,1.0
105649,0.0,1.0
105652,0.0,1.0
105660,0.0,1.0
105684,1.0,0.0
105699,1.0,0.0
105716,1.0,0.0
105718,0.0,1.0
105720,0.0,1.0
105722,0.0,1.0
105724,0.0,1.0
105743,0.0,1.0
105744,0.0,1.0
105760,1.0,0.0
105764,1.0,0.0
105770,0.0,1.0
105774,1.0,0.0
105775,1.0,0.0
105777,0.0,1.0
105779,1.0,0.0
105783,0.0,1.0
105792,1.0,0.0
105797,0.0,1.0
105809,0.0,1.0
105814,0.0,1.0
105815,0.0,1.0
105820,0.0,1.0
105821,0.0,1.0
105824,0.0,1.0
105825,0.0,1.0
105828,0.0,1.0
105831,0.0,1.0
105841,0.0,1.0
105842,0.0,1.0
105844,0.0,1.0
105848,0.0,1.0
105849,0.0,1.0
105860,0.0,1.0
105863,0.0,1.0
105865,0.0,1.0
105879,0.0,1.0
105893,0.0,1.0
105895,0.0,1.0
105899,0.0,1.0
105910,0.0,1.0
105914,0.0,1.0
105917,1.0,0.0
105922,0.0,1.0
105924,0.0,1.0
105928,0.0,1.0
105931,0.0,1.0
105940,0.0,1.0
105950,0.0,1.0
105953,0.0,1.0
105956,0.0,1.0
105957,0.0,1.0
105974,0.0,1.0
105976,0.0,1.0
105978,0.0,1.0
105982,0.0,1.0
105988,0.0,1.0
105999,0.0,1.0
106002,0.0,1.0
106004,0.0,1.0
106014,0.0,1.0
106020,0.0,1.0
106029,0.0,1.0
106032,0.0,1.0
106035,0.0,1.0
106039,0.0,1.0
106063,0.0,1.0
106073,0.0,1.0
106074,0.0,1.0
106076,0.0,1.0
106107,0.0,1.0
106132,0.0,1.0
106134,0.0,1.0
106137,1.0,0.0
106140,0.0,1.0
106143,0.0,1.0
106146,0.0,1.0
106176,0.0,1.0
106196,0.0,1.0
106209,0.0,1.0
106210,0.0,1.0
106219,1.0,0.0
106237,0.0,1.0
106244,0.0,1.0
106248,0.0,1.0
106255,0.0,1.0
106258,1.0,0.0
106260,0.0,1.0
106264,0.0,1.0
106279,0.0,1.0
106281,0.0,1.0
106304,0.0,1.0
106305,0.0,1.0
106314,1.0,0.0
106316,0.0,1.0
106326,0.0,1.0
106336,0.0,1.0
106342,0.0,1.0
106347,0.0,1.0
106348,0.0,1.0
106351,1.0,0.0
106357,0.0,1.0
106359,0.0,1.0
106362,0.0,1.0
106374,0.0,1.0
106375,0.0,1.0
106402,0.0,1.0
106423,0.0,1.0
106429,0.0,1.0
106444,0.0,1.0
106446,0.0,1.0
106465,0.0,1.0
106486,1.0,0.0
106488,0.0,1.0
106489,0.0,1.0
106507,0.0,1.0
106529,0.0,1.0
106534,0.0,1.0
106538,0.0,1.0
106541,0.0,1.0
106542,0.0,1.0
106555,1.0,0.0
106566,0.0,1.0
106571,0.0,1.0
106575,0.0,1.0
106577,0.0,1.0
106589,0.0,1.0
106597,0.0,1.0
106601,0.0,1.0
106607,0.0,1.0
106626,0.0,1.0
106639,1.0,0.0
106642,0.0,1.0
106646,0.0,1.0
106647,0.0,1.0
106649,0.0,1.0
106651,0.0,1.0
106672,0.0,1.0
106675,0.0,1.0
106677,0.0,1.0
106683,0.0,1.0
106684,0.0,1.0
106690,0.0,1.0
106696,0.0,1.0
106702,1.0,0.0
106712,0.0,1.0
106714,0.0,1.0
106720,0.0,1.0
106725,1.0,0.0
106732,0.0,1.0
106742,1.0,0.0
106747,0.0,1.0
106750,0.0,1.0
106759,0.0,1.0
106761,0.0,1.0
106767,0.0,1.0
106774,0.0,1.0
106776,0.0,1.0
106781,0.0,1.0
106785,0.0,1.0
106786,0.0,1.0
106800,1.0,0.0
106812,0.0,1.0
106815,0.0,1.0
106826,0.0,1.0
106827,0.0,1.0
106830,0.0,1.0
106843,0.0,1.0
106860,0.0,1.0
106864,0.0,1.0
106868,1.0,0.0
106869,0.0,1.0
106876,0.0,1.0
106885,0.0,1.0
106888,1.0,0.0
106893,0.0,1.0
106919,0.0,1.0
106922,0.0,1.0
106930,0.0,1.0
106944,0.0,1.0
106951,0.0,1.0
106952,0.0,1.0
106959,0.0,1.0
106964,0.0,1.0
106967,0.0,1.0
106980,0.0,1.0
106988,0.0,1.0
107003,1.0,0.0
107019,0.0,1.0
107022,1.0,0.0
107027,0.0,1.0
107032,0.0,1.0
107039,1.0,0.0
107041,0.0,1.0
107044,1.0,0.0
107053,0.0,1.0
107059,0.0,1.0
107063,1.0,0.0
107068,0.0,1.0
107074,1.0,0.0
107079,0.0,1.0
107082,0.0,1.0
107085,0.0,1.0
107088,0.0,1.0
107096,1.0,0.0
107098,1.0,0.0
107104,0.0,1.0
107105,0.0,1.0
107112,1.0,0.0
107113,0.0,1.0
107119,0.0,1.0
107120,0.0,1.0
107125,1.0,0.0
107132,0.0,1.0
107133,0.0,1.0
107135,1.0,0.0
107136,0.0,1.0
107137,0.0,1.0
107138,0.0,1.0
107156,0.0,1.0
107158,1.0,0.0
107172,0.0,1.0
107173,0.0,1.0
107183,0.0,1.0
107184,1.0,0.0
107191,0.0,1.0
107220,0.0,1.0
107229,0.0,1.0
107233,0.0,1.0
107234,1.0,0.0
107239,0.0,1.0
107240,0.0,1.0
107250,0.0,1.0
107257,0.0,1.0
107258,0.0,1.0
107263,0.0,1.0
107264,0.0,1.0
107270,0.0,1.0
107271,0.0,1.0
107282,1.0,0.0
107286,1.0,0.0
107290,0.0,1.0
107298,0.0,1.0
107299,0.0,1.0
107304,1.0,0.0
107307,0.0,1.0
107309,0.0,1.0
107312,0.0,1.0
107317,0.0,1.0
107326,1.0,0.0
107343,0.0,1.0
107349,0.0,1.0
107353,0.0,1.0
107362,0.0,1.0
107369,0.0,1.0
107373,0.0,1.0
107377,0.0,1.0
107383,0.0,1.0
107406,1.0,0.0
107407,0.0,1.0
107408,0.0,1.0
107409,0.0,1.0
107416,0.0,1.0
107423,1.0,0.0
107424,0.0,1.0
107428,0.0,1.0
107433,1.0,0.0
107445,0.0,1.0
107446,0.0,1.0
107447,0.0,1.0
107454,0.0,1.0
107455,0.0,1.0
107456,0.0,1.0
107462,0.0,1.0
107465,0.0,1.0
107494,0.0,1.0
107495,0.0,1.0
107496,0.0,1.0
107509,0.0,1.0
107512,0.0,1.0
107518,0.0,1.0
107522,0.0,1.0
107524,0.0,1.0
107529,1.0,0.0
107532,0.0,1.0
107533,0.0,1.0
107537,0.0,1.0
107539,1.0,0.0
107566,0.0,1.0
107567,0.0,1.0
107576,1.0,0.0
107577,0.0,1.0
107598,0.0,1.0
107600,0.0,1.0
107601,0.0,1.0
107617,0.0,1.0
107621,0.0,1.0
107622,0.0,1.0
107628,0.0,1.0
107629,0.0,1.0
107633,1.0,0.0
107636,0.0,1.0
107643,1.0,0.0
107663,0.0,1.0
107665,0.0,1.0
107688,0.0,1.0
107695,0.0,1.0
107699,0.0,1.0
107700,0.0,1.0
107705,0.0,1.0
107710,0.0,1.0
107729,0.0,1.0
107731,0.0,1.0
107733,0.0,1.0
107734,0.0,1.0
107743,0.0,1.0
107758,0.0,1.0
107772,0.0,1.0
107774,0.0,1.0
107779,0.0,1.0
107781,0.0,1.0
107789,0.0,1.0
107798,1.0,0.0
107803,0.0,1.0
107808,0.0,1.0
107835,1.0,0.0
107838,0.0,1.0
107843,0.0,1.0
107844,0.0,1.0
107851,1.0,0.0
107855,0.0,1.0
107858,0.0,1.0
107883,0.0,1.0
107895,1.0,0.0
107907,0.0,1.0
107911,0.0,1.0
107916,1.0,0.0
107924,0.0,1.0
107933,1.0,0.0
107937,0.0,1.0
107939,0.0,1.0
107942,0.0,1.0
107944,0.0,1.0
107946,0.0,1.0
107947,0.0,1.0
107950,1.0,0.0
107963,0.0,1.0
107975,0.0,1.0
107976,0.0,1.0
107990,0.0,1.0
107991,0.0,1.0
107996,0.0,1.0
107999,0.0,1.0
108001,0.0,1.0
108023,0.0,1.0
108028,0.0,1.0
108032,1.0,0.0
108043,1.0,0.0
108044,1.0,0.0
108050,0.0,1.0
108058,0.0,1.0
108078,0.0,1.0
108083,0.0,1.0
108090,0.0,1.0
108101,0.0,1.0
108106,0.0,1.0
108107,1.0,0.0
108108,1.0,0.0
108113,1.0,0.0
108119,0.0,1.0
108120,0.0,1.0
108131,0.0,1.0
108132,0.0,1.0
108133,0.0,1.0
108136,0.0,1.0
108149,0.0,1.0
108150,0.0,1.0
108160,0.0,1.0
108166,0.0,1.0
108174,0.0,1.0
108177,0.0,1.0
108184,0.0,1.0
108205,1.0,0.0
108231,0.0,1.0
108237,0.0,1.0
108239,0.0,1.0
108245,0.0,1.0
108248,1.0,0.0
108250,0.0,1.0
108256,0.0,1.0
108258,0.0,1.0
108259,0.0,1.0
108279,1.0,0.0
108280,0.0,1.0
108290,0.0,1.0
108301,0.0,1.0
108302,0.0,1.0
108307,1.0,0.0
108311,0.0,1.0
108319,0.0,1.0
108336,1.0,0.0
108338,0.0,1.0
108343,0.0,1.0
108345,0.0,1.0
108350,0.0,1.0
108358,0.0,1.0
108360,1.0,0.0
108361,0.0,1.0
108376,0.0,1.0
108377,0.0,1.0
108402,0.0,1.0
108406,0.0,1.0
108415,0.0,1.0
108420,1.0,0.0
108427,0.0,1.0
108434,0.0,1.0
108435,0.0,1.0
108438,0.0,1.0
108450,1.0,0.0
108461,0.0,1.0
108462,0.0,1.0
108465,0.0,1.0
108467,0.0,1.0
108470,0.0,1.0
108478,0.0,1.0
108488,0.0,1.0
108498,1.0,0.0
108500,0.0,1.0
108505,0.0,1.0
108518,0.0,1.0
108524,0.0,1.0
108531,0.0,1.0
108533,0.0,1.0
108542,0.0,1.0
108549,0.0,1.0
108553,0.0,1.0
108561,0.0,1.0
108573,0.0,1.0
108577,0.0,1.0
108579,0.0,1.0
108588,0.0,1.0
108592,0.0,1.0
108613,0.0,1.0
108616,0.0,1.0
108629,0.0,1.0
108630,0.0,1.0
108638,1.0,0.0
108652,0.0,1.0
108664,1.0,0.0
108665,0.0,1.0
108668,0.0,1.0
108682,0.0,1.0
108684,0.0,1.0
108685,0.0,1.0
108703,1.0,0.0
108706,0.0,1.0
108711,0.0,1.0
108717,0.0,1.0
108718,0.0,1.0
108725,0.0,1.0
108728,0.0,1.0
108729,0.0,1.0
108738,0.0,1.0
108743,0.0,1.0
108748,0.0,1.0
108752,0.0,1.0
108754,0.0,1.0
108775,0.0,1.0
108778,1.0,0.0
108784,0.0,1.0
108789,0.0,1.0
108790,0.0,1.0
108792,0.0,1.0
108794,0.0,1.0
108796,0.0,1.0
108799,1.0,0.0
108800,0.0,1.0
108808,0.0,1.0
108810,0.0,1.0
108816,1.0,0.0
108825,0.0,1.0
108834,0.0,1.0
108838,1.0,0.0
108842,0.0,1.0
108851,0.0,1.0
108861,0.0,1.0
108865,0.0,1.0
108870,1.0,0.0
108873,1.0,0.0
108878,0.0,1.0
108881,0.0,1.0
108886,0.0,1.0
108889,0.0,1.0
108895,0.0,1.0
108896,0.0,1.0
108903,0.0,1.0
108912,0.0,1.0
108914,1.0,0.0
108919,0.0,1.0
108924,0.0,1.0
108926,0.0,1.0
108927,0.0,1.0
108928,0.0,1.0
108934,0.0,1.0
108937,0.0,1.0
108942,0.0,1.0
108944,0.0,1.0
108954,0.0,1.0
108959,0.0,1.0
108966,1.0,0.0
108995,0.0,1.0
108996,1.0,0.0
109003,1.0,0.0
109012,0.0,1.0
109013,1.0,0.0
109027,1.0,0.0
109028,0.0,1.0
109029,0.0,1.0
109037,0.0,1.0
109043,1.0,0.0
109046,1.0,0.0
109048,0.0,1.0
109055,0.0,1.0
109056,0.0,1.0
109060,0.0,1.0
109061,0.0,1.0
109070,0.0,1.0
109077,0.0,1.0
109079,0.0,1.0
109110,0.0,1.0
109121,0.0,1.0
109122,0.0,1.0
109127,0.0,1.0
109135,0.0,1.0
109141,0.0,1.0
109143,0.0,1.0
109157,0.0,1.0
109158,0.0,1.0
109161,1.0,0.0
109172,1.0,0.0
109173,1.0,0.0
109176,0.0,1.0
109193,0.0,1.0
109198,0.0,1.0
109234,0.0,1.0
109235,0.0,1.0
109241,0.0,1.0
109246,0.0,1.0
109255,0.0,1.0
109260,0.0,1.0
109261,0.0,1.0
109266,0.0,1.0
109275,0.0,1.0
109284,0.0,1.0
109297,0.0,1.0
109298,0.0,1.0
109309,0.0,1.0
109316,0.0,1.0
109324,0.0,1.0
109329,0.0,1.0
109332,0.0,1.0
109334,0.0,1.0
109342,0.0,1.0
109344,0.0,1.0
109351,0.0,1.0
109352,0.0,1.0
109357,0.0,1.0
109364,0.0,1.0
109366,0.0,1.0
109370,0.0,1.0
109371,0.0,1.0
109377,0.0,1.0
109380,0.0,1.0
109383,0.0,1.0
109390,0.0,1.0
109399,0.0,1.0
109416,0.0,1.0
109421,0.0,1.0
109427,0.0,1.0
109439,0.0,1.0
109445,1.0,0.0
109447,1.0,0.0
109450,0.0,1.0
109452,0.0,1.0
109483,0.0,1.0
109490,0.0,1.0
109494,0.0,1.0
109495,0.0,1.0
109502,0.0,1.0
109505,1.0,0.0
109508,0.0,1.0
109519,0.0,1.0
109527,0.0,1.0
109529,0.0,1.0
109531,0.0,1.0
109539,1.0,0.0
109548,0.0,1.0
109555,0.0,1.0
109559,0.0,1.0
109568,0.0,1.0
109571,0.0,1.0
109575,0.0,1.0
109581,0.0,1.0
109584,0.0,1.0
109585,0.0,1.0
109591,1.0,0.0
109593,0.0,1.0
109595,1.0,0.0
109599,1.0,0.0
109601,0.0,1.0
109603,0.0,1.0
109612,0.0,1.0
109620,0.0,1.0
109625,0.0,1.0
109638,0.0,1.0
109656,0.0,1.0
109665,0.0,1.0
109666,0.0,1.0
109669,0.0,1.0
109670,0.0,1.0
109674,1.0,0.0
109682,0.0,1.0
109688,0.0,1.0
109702,0.0,1.0
109709,0.0,1.0
109716,0.0,1.0
109717,0.0,1.0
109720,0.0,1.0
109723,0.0,1.0
109724,0.0,1.0
109726,0.0,1.0
109730,0.0,1.0
109737,0.0,1.0
109773,0.0,1.0
109786,0.0,1.0
109789,0.0,1.0
109792,0.0,1.0
109793,0.0,1.0
109794,0.0,1.0
109799,0.0,1.0
109803,0.0,1.0
109813,1.0,0.0
109823,0.0,1.0
109829,0.0,1.0
109830,0.0,1.0
109834,0.0,1.0
109835,1.0,0.0
109849,0.0,1.0
109857,0.0,1.0
109859,0.0,1.0
109865,1.0,0.0
109869,0.0,1.0
109871,1.0,0.0
109876,0.0,1.0
109877,0.0,1.0
109881,0.0,1.0
109888,0.0,1.0
109894,0.0,1.0
109897,0.0,1.0
109902,0.0,1.0
109922,0.0,1.0
109948,0.0,1.0
109956,0.0,1.0
109960,0.0,1.0
109963,0.0,1.0
109967,0.0,1.0
109978,1.0,0.0
110004,0.0,1.0
110020,0.0,1.0
110021,1.0,0.0
110022,0.0,1.0
110028,0.0,1.0
110031,0.0,1.0
110035,0.0,1.0
110045,0.0,1.0
110055,0.0,1.0
110063,0.0,1.0
110070,0.0,1.0
110076,0.0,1.0
110077,0.0,1.0
110078,0.0,1.0
110082,0.0,1.0
110083,0.0,1.0
110084,0.0,1.0
110088,0.0,1.0
110090,1.0,0.0
110092,0.0,1.0
110100,0.0,1.0
110102,0.0,1.0
110110,0.0,1.0
110126,0.0,1.0
110129,0.0,1.0
110130,0.0,1.0
110134,0.0,1.0
110141,0.0,1.0
110142,0.0,1.0
110157,0.0,1.0
110158,0.0,1.0
110164,0.0,1.0
110166,0.0,1.0
110171,0.0,1.0
110173,0.0,1.0
110174,0.0,1.0
110189,0.0,1.0
110197,0.0,1.0
110201,0.0,1.0
110204,0.0,1.0
110209,0.0,1.0
110211,0.0,1.0
110212,0.0,1.0
110215,0.0,1.0
110225,0.0,1.0
110230,0.0,1.0
110245,0.0,1.0
110264,1.0,0.0
110265,0.0,1.0
110272,0.0,1.0
110276,0.0,1.0
110278,0.0,1.0
110287,0.0,1.0
110295,0.0,1.0
110296,0.0,1.0
110307,0.0,1.0
110308,1.0,0.0
110311,0.0,1.0
110312,0.0,1.0
110324,0.0,1.0
110328,0.0,1.0
110335,0.0,1.0
110343,1.0,0.0
110346,0.0,1.0
110347,0.0,1.0
110354,1.0,0.0
110355,0.0,1.0
110359,0.0,1.0
110362,0.0,1.0
110363,0.0,1.0
110369,1.0,0.0
110384,0.0,1.0
110388,0.0,1.0
110396,0.0,1.0
110403,0.0,1.0
110405,0.0,1.0
110408,0.0,1.0
110412,0.0,1.0
110413,0.0,1.0
110424,0.0,1.0
110436,0.0,1.0
110443,0.0,1.0
110454,1.0,0.0
110462,0.0,1.0
110464,1.0,0.0
110471,0.0,1.0
110479,1.0,0.0
110480,0.0,1.0
110499,0.0,1.0
110504,0.0,1.0
110513,0.0,1.0
110515,0.0,1.0
110516,0.0,1.0
110524,0.0,1.0
110525,0.0,1.0
110538,0.0,1.0
110543,1.0,0.0
110544,1.0,0.0
110557,0.0,1.0
110573,0.0,1.0
110575,1.0,0.0
110578,0.0,1.0
110580,0.0,1.0
110581,0.0,1.0
110583,0.0,1.0
110589,1.0,0.0
110590,1.0,0.0
110591,0.0,1.0
110592,0.0,1.0
110601,0.0,1.0
110602,0.0,1.0
110604,0.0,1.0
110609,1.0,0.0
110617,0.0,1.0
110620,0.0,1.0
110621,0.0,1.0
110623,0.0,1.0
110635,0.0,1.0
110644,0.0,1.0
110646,0.0,1.0
110651,0.0,1.0
110652,1.0,0.0
110653,0.0,1.0
110655,0.0,1.0
110657,0.0,1.0
110661,0.0,1.0
110663,0.0,1.0
110675,0.0,1.0
110682,0.0,1.0
110690,0.0,1.0
110694,0.0,1.0
110699,0.0,1.0
110703,0.0,1.0
110704,0.0,1.0
110707,0.0,1.0
110710,1.0,0.0
110719,0.0,1.0
110730,0.0,1.0
110738,0.0,1.0
110746,0.0,1.0
110756,0.0,1.0
110757,0.0,1.0
110761,0.0,1.0
110771,0.0,1.0
110774,0.0,1.0
110779,0.0,1.0
110788,0.0,1.0
110790,0.0,1.0
110791,0.0,1.0
110805,0.0,1.0
110823,0.0,1.0
110824,0.0,1.0
110825,0.0,1.0
110851,0.0,1.0
110858,1.0,0.0
110860,0.0,1.0
110872,0.0,1.0
110882,0.0,1.0
110884,0.0,1.0
110888,0.0,1.0
110890,0.0,1.0
110893,0.0,1.0
110895,0.0,1.0
110901,0.0,1.0
110902,0.0,1.0
110908,0.0,1.0
110914,0.0,1.0
110926,0.0,1.0
110930,0.0,1.0
110932,1.0,0.0
110934,1.0,0.0
110945,0.0,1.0
110948,1.0,0.0
110952,1.0,0.0
110953,0.0,1.0
110957,0.0,1.0
110959,0.0,1.0
110961,0.0,1.0
110967,0.0,1.0
110982,1.0,0.0
110992,1.0,0.0
110993,0.0,1.0
110999,0.0,1.0
111000,0.0,1.0
111005,0.0,1.0
111023,0.0,1.0
111024,0.0,1.0
111032,0.0,1.0
111035,0.0,1.0
111044,0.0,1.0
111045,0.0,1.0
111047,1.0,0.0
111048,0.0,1.0
111067,0.0,1.0
111068,0.0,1.0
111072,0.0,1.0
111075,0.0,1.0
111085,0.0,1.0
111088,1.0,0.0
111098,0.0,1.0
111103,0.0,1.0
111106,0.0,1.0
111132,1.0,0.0
111138,0.0,1.0
111140,0.0,1.0
111149,0.0,1.0
111152,0.0,1.0
111153,0.0,1.0
111159,0.0,1.0
111160,0.0,1.0
111162,0.0,1.0
111165,1.0,0.0
111171,0.0,1.0
111180,0.0,1.0
111183,0.0,1.0
111184,0.0,1.0
111187,0.0,1.0
111193,0.0,1.0
111199,0.0,1.0
111201,0.0,1.0
111213,0.0,1.0
111218,0.0,1.0
111231,0.0,1.0
111241,0.0,1.0
111255,0.0,1.0
111258,0.0,1.0
111262,1.0,0.0
111269,0.0,1.0
111273,0.0,1.0
111277,0.0,1.0
111283,0.0,1.0
111293,0.0,1.0
111301,0.0,1.0
111314,0.0,1.0
111320,0.0,1.0
111323,0.0,1.0
111324,0.0,1.0
111330,0.0,1.0
111331,0.0,1.0
111334,0.0,1.0
111344,0.0,1.0
111355,0.0,1.0
111356,0.0,1.0
111358,0.0,1.0
111360,0.0,1.0
111364,0.0,1.0
111377,0.0,1.0
111382,0.0,1.0
111384,1.0,0.0
111385,0.0,1.0
111387,0.0,1.0
111390,0.0,1.0
111398,1.0,0.0
111408,0.0,1.0
111438,1.0,0.0
111441,1.0,0.0
111449,0.0,1.0
111453,0.0,1.0
111463,0.0,1.0
111471,0.0,1.0
111481,0.0,1.0
111493,0.0,1.0
111497,0.0,1.0
111501,0.0,1.0
111511,0.0,1.0
111515,1.0,0.0
111522,1.0,0.0
111535,0.0,1.0
111550,0.0,1.0
111556,0.0,1.0
111569,0.0,1.0
111571,1.0,0.0
111575,0.0,1.0
111584,0.0,1.0
111589,0.0,1.0
111592,0.0,1.0
111594,0.0,1.0
111598,1.0,0.0
111601,0.0,1.0
111611,0.0,1.0
111613,1.0,0.0
111623,0.0,1.0
111627,1.0,0.0
111631,1.0,0.0
111633,1.0,0.0
111644,0.0,1.0
111648,0.0,1.0
111653,1.0,0.0
111680,0.0,1.0
111686,1.0,0.0
111703,0.0,1.0
111712,0.0,1.0
111735,0.0,1.0
111740,0.0,1.0
111753,0.0,1.0
111755,1.0,0.0
111763,1.0,0.0
111769,0.0,1.0
111782,0.0,1.0
111786,0.0,1.0
111793,0.0,1.0
111807,0.0,1.0
111827,0.0,1.0
111841,0.0,1.0
111857,0.0,1.0
111861,0.0,1.0
111867,0.0,1.0
111874,0.0,1.0
111876,0.0,1.0
111880,0.0,1.0
111882,0.0,1.0
111884,0.0,1.0
111886,0.0,1.0
111890,0.0,1.0
111896,0.0,1.0
111899,0.0,1.0
111906,0.0,1.0
111912,0.0,1.0
111915,1.0,0.0
111926,0.0,1.0
111935,1.0,0.0
111940,0.0,1.0
111942,1.0,0.0
111946,0.0,1.0
111951,0.0,1.0
111952,1.0,0.0
111983,0.0,1.0
111991,0.0,1.0
111995,0.0,1.0
111997,1.0,0.0
112000,0.0,1.0
112003,0.0,1.0
112009,0.0,1.0
112018,0.0,1.0
112026,0.0,1.0
112027,0.0,1.0
112039,0.0,1.0
112040,0.0,1.0
112042,0.0,1.0
112046,1.0,0.0
112077,0.0,1.0
112085,0.0,1.0
112098,0.0,1.0
112101,0.0,1.0
112103,1.0,0.0
112104,0.0,1.0
112125,0.0,1.0
112127,0.0,1.0
112133,0.0,1.0
112146,0.0,1.0
112155,0.0,1.0
112167,0.0,1.0
112169,0.0,1.0
112174,0.0,1.0
112191,0.0,1.0
112197,0.0,1.0
112199,0.0,1.0
112200,0.0,1.0
112202,0.0,1.0
112204,1.0,0.0
112214,0.0,1.0
112215,0.0,1.0
112218,0.0,1.0
112221,0.0,1.0
112227,0.0,1.0
112238,0.0,1.0
112241,0.0,1.0
112247,0.0,1.0
112251,1.0,0.0
112269,1.0,0.0
112272,0.0,1.0
112279,0.0,1.0
112286,0.0,1.0
112295,0.0,1.0
112298,0.0,1.0
112302,0.0,1.0
112303,0.0,1.0
112324,0.0,1.0
112330,0.0,1.0
112344,0.0,1.0
112351,0.0,1.0
112353,0.0,1.0
112357,0.0,1.0
112363,0.0,1.0
112374,0.0,1.0
112377,0.0,1.0
112382,0.0,1.0
112387,0.0,1.0
112396,1.0,0.0
112403,0.0,1.0
112405,0.0,1.0
112406,0.0,1.0
112409,0.0,1.0
112428,0.0,1.0
112430,0.0,1.0
112435,0.0,1.0
112439,0.0,1.0
112448,0.0,1.0
112449,0.0,1.0
112451,0.0,1.0
112455,0.0,1.0
112468,0.0,1.0
112482,0.0,1.0
112484,0.0,1.0
112485,0.0,1.0
112487,0.0,1.0
112488,1.0,0.0
112491,0.0,1.0
112498,1.0,0.0
112504,0.0,1.0
112513,0.0,1.0
112514,0.0,1.0
112516,0.0,1.0
112517,0.0,1.0
112525,1.0,0.0
112531,0.0,1.0
112535,0.0,1.0
112543,0.0,1.0
112556,0.0,1.0
112559,1.0,0.0
112564,1.0,0.0
112572,0.0,1.0
112585,0.0,1.0
112589,0.0,1.0
112594,0.0,1.0
112613,0.0,1.0
112615,0.0,1.0
112638,0.0,1.0
112647,0.0,1.0
112650,1.0,0.0
112651,0.0,1.0
112656,0.0,1.0
112660,0.0,1.0
112669,0.0,1.0
112671,0.0,1.0
112676,0.0,1.0
112681,1.0,0.0
112684,0.0,1.0
112687,0.0,1.0
112694,0.0,1.0
112703,0.0,1.0
112705,0.0,1.0
112708,0.0,1.0
112720,1.0,0.0
112724,0.0,1.0
112735,0.0,1.0
112737,0.0,1.0
112739,0.0,1.0
112741,0.0,1.0
112751,1.0,0.0
112753,0.0,1.0
112754,0.0,1.0
112755,0.0,1.0
112761,0.0,1.0
112765,0.0,1.0
112775,0.0,1.0
112780,0.0,1.0
112781,0.0,1.0
112790,0.0,1.0
112796,0.0,1.0
112806,0.0,1.0
112807,0.0,1.0
112808,0.0,1.0
112811,0.0,1.0
112818,0.0,1.0
112819,0.0,1.0
112824,0.0,1.0
112841,0.0,1.0
112850,0.0,1.0
112857,0.0,1.0
112866,0.0,1.0
112879,0.0,1.0
112885,0.0,1.0
112886,0.0,1.0
112890,1.0,0.0
112895,0.0,1.0
112899,1.0,0.0
112905,0.0,1.0
112906,0.0,1.0
112912,0.0,1.0
112916,0.0,1.0
112917,0.0,1.0
112921,0.0,1.0
112925,0.0,1.0
112932,0.0,1.0
112939,0.0,1.0
112941,0.0,1.0
112946,0.0,1.0
112948,0.0,1.0
112958,0.0,1.0
112959,0.0,1.0
112974,1.0,0.0
112978,1.0,0.0
112984,1.0,0.0
112988,0.0,1.0
112989,0.0,1.0
112991,0.0,1.0
113001,0.0,1.0
113005,0.0,1.0
113018,0.0,1.0
113021,0.0,1.0
113028,0.0,1.0
113031,0.0,1.0
113040,0.0,1.0
113046,1.0,0.0
113059,0.0,1.0
113064,0.0,1.0
113066,0.0,1.0
113075,0.0,1.0
113096,0.0,1.0
113112,0.0,1.0
113116,0.0,1.0
113120,0.0,1.0
113138,1.0,0.0
113140,0.0,1.0
113142,0.0,1.0
113152,0.0,1.0
113181,0.0,1.0
113193,0.0,1.0
113197,0.0,1.0
113200,0.0,1.0
113209,1.0,0.0
113210,0.0,1.0
113220,0.0,1.0
113222,0.0,1.0
113227,0.0,1.0
113229,1.0,0.0
113234,0.0,1.0
113238,0.0,1.0
113247,0.0,1.0
113251,0.0,1.0
113258,0.0,1.0
113263,0.0,1.0
113268,1.0,0.0
113270,0.0,1.0
113275,0.0,1.0
113281,1.0,0.0
113282,0.0,1.0
113283,0.0,1.0
113284,0.0,1.0
113287,0.0,1.0
113296,0.0,1.0
113298,0.0,1.0
113303,1.0,0.0
113305,1.0,0.0
113311,1.0,0.0
113312,0.0,1.0
113313,0.0,1.0
113319,0.0,1.0
113340,0.0,1.0
113352,0.0,1.0
113364,0.0,1.0
113377,1.0,0.0
113386,1.0,0.0
113391,0.0,1.0
113397,0.0,1.0
113414,0.0,1.0
113424,0.0,1.0
113426,0.0,1.0
113427,1.0,0.0
113436,0.0,1.0
113447,0.0,1.0
113454,0.0,1.0
113456,0.0,1.0
113458,0.0,1.0
113470,0.0,1.0
113475,0.0,1.0
113477,0.0,1.0
113483,1.0,0.0
113484,0.0,1.0
113486,0.0,1.0
113493,0.0,1.0
113501,0.0,1.0
113505,0.0,1.0
113513,0.0,1.0
113522,0.0,1.0
113525,0.0,1.0
113530,0.0,1.0
113540,0.0,1.0
113549,0.0,1.0
113551,1.0,0.0
113552,0.0,1.0
113556,0.0,1.0
113567,0.0,1.0
113575,0.0,1.0
113578,0.0,1.0
113587,0.0,1.0
113591,0.0,1.0
113599,0.0,1.0
113602,0.0,1.0
113607,1.0,0.0
113609,0.0,1.0
113613,0.0,1.0
113614,0.0,1.0
113628,0.0,1.0
113629,0.0,1.0
113631,1.0,0.0
113644,0.0,1.0
113648,0.0,1.0
113650,1.0,0.0
113655,0.0,1.0
113657,0.0,1.0
113662,0.0,1.0
113674,0.0,1.0
113675,0.0,1.0
113678,0.0,1.0
113681,0.0,1.0
113685,1.0,0.0
113686,0.0,1.0
113695,0.0,1.0
113696,0.0,1.0
113698,0.0,1.0
113699,0.0,1.0
113701,0.0,1.0
113705,1.0,0.0
113712,0.0,1.0
113720,0.0,1.0
113731,0.0,1.0
113734,0.0,1.0
113735,1.0,0.0
113740,0.0,1.0
113744,0.0,1.0
113748,1.0,0.0
113751,0.0,1.0
113752,0.0,1.0
113754,0.0,1.0
113763,0.0,1.0
113764,1.0,0.0
113766,1.0,0.0
113767,0.0,1.0
113769,1.0,0.0
113771,0.0,1.0
113776,0.0,1.0
113794,0.0,1.0
113795,0.0,1.0
113800,0.0,1.0
113816,0.0,1.0
113824,0.0,1.0
113830,1.0,0.0
113831,0.0,1.0
113833,0.0,1.0
113835,0.0,1.0
113837,1.0,0.0
113839,0.0,1.0
113846,0.0,1.0
113863,0.0,1.0
113870,1.0,0.0
113885,1.0,0.0
113888,0.0,1.0
113889,0.0,1.0
113894,0.0,1.0
113905,0.0,1.0
113918,1.0,0.0
113919,0.0,1.0
113934,0.0,1.0
113937,0.0,1.0
113938,0.0,1.0
113940,0.0,1.0
113943,0.0,1.0
113945,0.0,1.0
113949,0.0,1.0
113952,0.0,1.0
113954,0.0,1.0
113957,0.0,1.0
113963,0.0,1.0
113966,0.0,1.0
113971,0.0,1.0
113985,0.0,1.0
113991,0.0,1.0
114002,1.0,0.0
114004,0.0,1.0
114015,0.0,1.0
114027,0.0,1.0
114040,0.0,1.0
114044,1.0,0.0
114047,0.0,1.0
114055,0.0,1.0
114063,0.0,1.0
114064,0.0,1.0
114073,0.0,1.0
114085,0.0,1.0
114086,1.0,0.0
114091,0.0,1.0
114093,1.0,0.0
114094,0.0,1.0
114101,0.0,1.0
114116,0.0,1.0
114119,1.0,0.0
114121,0.0,1.0
114124,1.0,0.0
114125,1.0,0.0
114126,0.0,1.0
114136,0.0,1.0
114140,0.0,1.0
114145,0.0,1.0
114146,0.0,1.0
114148,0.0,1.0
114149,0.0,1.0
114151,0.0,1.0
114152,0.0,1.0
114156,0.0,1.0
114164,0.0,1.0
114165,0.0,1.0
114172,0.0,1.0
114174,0.0,1.0
114184,0.0,1.0
114192,0.0,1.0
114196,0.0,1.0
114197,0.0,1.0
114206,0.0,1.0
114212,0.0,1.0
114215,0.0,1.0
114217,0.0,1.0
114235,0.0,1.0
114242,0.0,1.0
114243,0.0,1.0
114247,0.0,1.0
114254,0.0,1.0
114261,1.0,0.0
114262,0.0,1.0
114265,0.0,1.0
114266,0.0,1.0
114269,1.0,0.0
114288,0.0,1.0
114300,0.0,1.0
114301,1.0,0.0
114314,0.0,1.0
114315,0.0,1.0
114318,0.0,1.0
114330,0.0,1.0
114335,0.0,1.0
114338,0.0,1.0
114356,0.0,1.0
114366,0.0,1.0
114374,1.0,0.0
114382,0.0,1.0
114397,0.0,1.0
114399,0.0,1.0
114402,0.0,1.0
114409,0.0,1.0
114413,0.0,1.0
114414,0.0,1.0
114416,0.0,1.0
114421,1.0,0.0
114425,0.0,1.0
114429,0.0,1.0
114438,0.0,1.0
114439,0.0,1.0
114442,0.0,1.0
114457,0.0,1.0
114461,0.0,1.0
114480,1.0,0.0
114482,0.0,1.0
114484,1.0,0.0
114485,0.0,1.0
114489,0.0,1.0
114501,1.0,0.0
114518,0.0,1.0
114521,0.0,1.0
114528,0.0,1.0
114531,1.0,0.0
114533,0.0,1.0
114534,0.0,1.0
114536,0.0,1.0
114540,0.0,1.0
114558,0.0,1.0
114559,0.0,1.0
114576,0.0,1.0
114582,0.0,1.0
114597,0.0,1.0
114601,1.0,0.0
114602,0.0,1.0
114606,0.0,1.0
114631,1.0,0.0
114639,0.0,1.0
114647,0.0,1.0
114651,0.0,1.0
114665,0.0,1.0
114667,0.0,1.0
114669,0.0,1.0
114671,0.0,1.0
114673,0.0,1.0
114675,0.0,1.0
114680,0.0,1.0
114681,0.0,1.0
114686,0.0,1.0
114693,0.0,1.0
114695,0.0,1.0
114712,0.0,1.0
114714,0.0,1.0
114730,1.0,0.0
114733,1.0,0.0
114734,0.0,1.0
114735,1.0,0.0
114751,1.0,0.0
114767,0.0,1.0
114772,0.0,1.0
114773,0.0,1.0
114786,0.0,1.0
114791,0.0,1.0
114797,0.0,1.0
114800,0.0,1.0
114801,1.0,0.0
114806,0.0,1.0
114807,0.0,1.0
114814,0.0,1.0
114823,0.0,1.0
114825,0.0,1.0
114842,0.0,1.0
114857,0.0,1.0
114859,0.0,1.0
114866,0.0,1.0
114871,0.0,1.0
114881,0.0,1.0
114901,1.0,0.0
114921,0.0,1.0
114927,0.0,1.0
114937,0.0,1.0
114939,1.0,0.0
114951,0.0,1.0
114954,1.0,0.0
114960,1.0,0.0
114963,0.0,1.0
114968,0.0,1.0
114969,0.0,1.0
114971,1.0,0.0
114976,0.0,1.0
114980,0.0,1.0
114982,0.0,1.0
114985,0.0,1.0
114991,0.0,1.0
114992,0.0,1.0
114993,1.0,0.0
114996,0.0,1.0
115003,0.0,1.0
115005,0.0,1.0
115010,0.0,1.0
115014,0.0,1.0
115028,0.0,1.0
115030,0.0,1.0
115034,0.0,1.0
115038,0.0,1.0
115040,0.0,1.0
115042,0.0,1.0
115052,1.0,0.0
115053,1.0,0.0
115061,0.0,1.0
115074,0.0,1.0
115087,0.0,1.0
115093,0.0,1.0
115097,0.0,1.0
115098,0.0,1.0
115099,0.0,1.0
115107,0.0,1.0
115114,0.0,1.0
115119,0.0,1.0
115121,0.0,1.0
115134,0.0,1.0
115154,0.0,1.0
115155,0.0,1.0
115156,0.0,1.0
115158,0.0,1.0
115167,0.0,1.0
115168,0.0,1.0
115178,0.0,1.0
115200,0.0,1.0
115219,1.0,0.0
115225,0.0,1.0
115231,0.0,1.0
115235,0.0,1.0
115245,0.0,1.0
115251,0.0,1.0
115252,0.0,1.0
115253,1.0,0.0
115261,0.0,1.0
115262,1.0,0.0
115263,0.0,1.0
115271,0.0,1.0
115273,0.0,1.0
115277,0.0,1.0
115283,0.0,1.0
115286,0.0,1.0
115290,0.0,1.0
115300,0.0,1.0
115305,0.0,1.0
115310,0.0,1.0
115311,0.0,1.0
115313,0.0,1.0
115341,0.0,1.0
115345,0.0,1.0
115362,0.0,1.0
115371,0.0,1.0
115379,0.0,1.0
115386,0.0,1.0
115387,0.0,1.0
115390,0.0,1.0
115392,0.0,1.0
115404,0.0,1.0
115416,0.0,1.0
115417,0.0,1.0
115419,1.0,0.0
115427,0.0,1.0
115444,0.0,1.0
115445,0.0,1.0
115450,0.0,1.0
115453,0.0,1.0
115454,0.0,1.0
115457,0.0,1.0
115470,0.0,1.0
115473,0.0,1.0
115487,0.0,1.0
115488,0.0,1.0
115490,1.0,0.0
115491,0.0,1.0
115496,0.0,1.0
115499,0.0,1.0
115514,0.0,1.0
115520,0.0,1.0
115528,0.0,1.0
115530,1.0,0.0
115542,0.0,1.0
115556,0.0,1.0
115557,1.0,0.0
115576,0.0,1.0
115577,0.0,1.0
115589,0.0,1.0
115597,0.0,1.0
115601,0.0,1.0
115609,0.0,1.0
115613,0.0,1.0
115616,1.0,0.0
115619,1.0,0.0
115620,0.0,1.0
115621,0.0,1.0
115622,0.0,1.0
115636,0.0,1.0
115649,1.0,0.0
115659,1.0,0.0
115675,0.0,1.0
115686,0.0,1.0
115694,0.0,1.0
115695,0.0,1.0
115700,0.0,1.0
115704,1.0,0.0
115706,0.0,1.0
115711,1.0,0.0
115715,0.0,1.0
115719,0.0,1.0
115728,1.0,0.0
115743,0.0,1.0
115745,0.0,1.0
115766,0.0,1.0
115768,0.0,1.0
115777,0.0,1.0
115781,0.0,1.0
115785,0.0,1.0
115794,0.0,1.0
115797,0.0,1.0
115804,0.0,1.0
115816,1.0,0.0
115817,1.0,0.0
115823,1.0,0.0
115844,0.0,1.0
115845,1.0,0.0
115857,0.0,1.0
115861,0.0,1.0
115863,0.0,1.0
115865,0.0,1.0
115877,1.0,0.0
115881,1.0,0.0
115891,0.0,1.0
115901,1.0,0.0
115922,0.0,1.0
115928,0.0,1.0
115941,0.0,1.0
115944,0.0,1.0
115955,1.0,0.0
115957,1.0,0.0
115959,0.0,1.0
115960,0.0,1.0
115967,0.0,1.0
115969,0.0,1.0
115971,0.0,1.0
115972,0.0,1.0
115989,1.0,0.0
115990,0.0,1.0
115991,0.0,1.0
115994,0.0,1.0
116015,0.0,1.0
116021,0.0,1.0
116026,0.0,1.0
116029,1.0,0.0
116036,0.0,1.0
116041,0.0,1.0
116051,0.0,1.0
116055,0.0,1.0
116064,1.0,0.0
116065,1.0,0.0
116085,0.0,1.0
116087,0.0,1.0
116090,1.0,0.0
116093,1.0,0.0
116106,0.0,1.0
116107,0.0,1.0
116110,0.0,1.0
116111,0.0,1.0
116118,0.0,1.0
116122,0.0,1.0
116135,0.0,1.0
116138,0.0,1.0
116142,0.0,1.0
116145,0.0,1.0
116155,0.0,1.0
116158,0.0,1.0
116160,0.0,1.0
116166,0.0,1.0
116172,0.0,1.0
116177,0.0,1.0
116182,0.0,1.0
116183,0.0,1.0
116190,0.0,1.0
116195,0.0,1.0
116197,0.0,1.0
116198,0.0,1.0
116218,0.0,1.0
116220,0.0,1.0
116221,1.0,0.0
116222,0.0,1.0
116223,0.0,1.0
116234,0.0,1.0
116241,0.0,1.0
116245,0.0,1.0
116246,0.0,1.0
116250,0.0,1.0
116251,0.0,1.0
116260,0.0,1.0
116269,0.0,1.0
116277,0.0,1.0
116280,0.0,1.0
116281,0.0,1.0
116283,0.0,1.0
116292,0.0,1.0
116300,0.0,1.0
116307,0.0,1.0
116308,0.0,1.0
116312,1.0,0.0
116313,0.0,1.0
116318,0.0,1.0
116321,0.0,1.0
116322,0.0,1.0
116323,1.0,0.0
116335,0.0,1.0
116346,0.0,1.0
116349,0.0,1.0
116361,0.0,1.0
116379,0.0,1.0
116381,0.0,1.0
116386,0.0,1.0
116389,0.0,1.0
116395,0.0,1.0
116399,0.0,1.0
116407,0.0,1.0
116408,0.0,1.0
116410,0.0,1.0
116412,0.0,1.0
116417,1.0,0.0
116430,0.0,1.0
116432,0.0,1.0
116435,0.0,1.0
116446,1.0,0.0
116448,0.0,1.0
116454,0.0,1.0
116455,0.0,1.0
116456,0.0,1.0
116457,0.0,1.0
116458,1.0,0.0
116464,1.0,0.0
116472,0.0,1.0
116496,0.0,1.0
116527,1.0,0.0
116537,0.0,1.0
116547,0.0,1.0
116557,0.0,1.0
116562,0.0,1.0
116567,1.0,0.0
116573,0.0,1.0
116576,1.0,0.0
116577,0.0,1.0
116582,0.0,1.0
116585,0.0,1.0
116589,0.0,1.0
116594,0.0,1.0
116598,0.0,1.0
116599,0.0,1.0
116600,0.0,1.0
116619,0.0,1.0
116621,0.0,1.0
116628,0.0,1.0
116630,0.0,1.0
116632,0.0,1.0
116636,1.0,0.0
116639,0.0,1.0
116659,0.0,1.0
116683,0.0,1.0
116691,0.0,1.0
116693,0.0,1.0
116694,0.0,1.0
116705,0.0,1.0
116710,0.0,1.0
116713,0.0,1.0
116714,0.0,1.0
116722,1.0,0.0
116728,0.0,1.0
116730,0.0,1.0
116731,0.0,1.0
116745,0.0,1.0
116752,0.0,1.0
116753,1.0,0.0
116756,1.0,0.0
116771,0.0,1.0
116773,0.0,1.0
116778,0.0,1.0
116781,0.0,1.0
116788,1.0,0.0
116798,1.0,0.0
116799,0.0,1.0
116802,0.0,1.0
116804,1.0,0.0
116813,0.0,1.0
116818,0.0,1.0
116833,0.0,1.0
116848,0.0,1.0
116861,1.0,0.0
116862,0.0,1.0
116867,0.0,1.0
116869,0.0,1.0
116882,0.0,1.0
116884,0.0,1.0
116885,0.0,1.0
116888,0.0,1.0
116889,0.0,1.0
116894,0.0,1.0
116896,0.0,1.0
116914,0.0,1.0
116915,0.0,1.0
116917,0.0,1.0
116921,1.0,0.0
116926,0.0,1.0
116942,0.0,1.0
116951,0.0,1.0
116956,0.0,1.0
116958,1.0,0.0
116965,0.0,1.0
116966,1.0,0.0
116969,0.0,1.0
116971,1.0,0.0
116980,0.0,1.0
116987,0.0,1.0
117006,0.0,1.0
117024,0.0,1.0
117032,0.0,1.0
117038,0.0,1.0
117042,0.0,1.0
117061,0.0,1.0
117063,0.0,1.0
117066,1.0,0.0
117069,0.0,1.0
117076,0.0,1.0
117083,0.0,1.0
117086,0.0,1.0
117087,1.0,0.0
117105,0.0,1.0
117111,1.0,0.0
117115,0.0,1.0
117124,0.0,1.0
117126,0.0,1.0
117133,1.0,0.0
117135,0.0,1.0
117140,0.0,1.0
117141,1.0,0.0
117147,0.0,1.0
117166,0.0,1.0
117169,0.0,1.0
117174,0.0,1.0
117182,0.0,1.0
117188,0.0,1.0
117189,0.0,1.0
117190,0.0,1.0
117206,0.0,1.0
117209,0.0,1.0
117212,0.0,1.0
117225,0.0,1.0
117230,0.0,1.0
117233,0.0,1.0
117236,0.0,1.0
117240,1.0,0.0
117248,0.0,1.0
117249,0.0,1.0
117256,0.0,1.0
117268,0.0,1.0
117269,0.0,1.0
117275,0.0,1.0
117277,0.0,1.0
117280,1.0,0.0
117281,1.0,0.0
117295,1.0,0.0
117297,0.0,1.0
117306,0.0,1.0
117312,0.0,1.0
117313,0.0,1.0
117322,0.0,1.0
117327,0.0,1.0
117329,0.0,1.0
117335,0.0,1.0
117350,0.0,1.0
117353,1.0,0.0
117361,0.0,1.0
117362,1.0,0.0
117368,0.0,1.0
117376,0.0,1.0
117380,0.0,1.0
117393,0.0,1.0
117394,0.0,1.0
117395,0.0,1.0
117398,0.0,1.0
117402,0.0,1.0
117407,0.0,1.0
117410,0.0,1.0
117424,0.0,1.0
117427,0.0,1.0
117432,0.0,1.0
117435,0.0,1.0
117437,0.0,1.0
117439,0.0,1.0
117440,0.0,1.0
117457,1.0,0.0
117466,1.0,0.0
117468,0.0,1.0
117476,0.0,1.0
117478,0.0,1.0
117480,0.0,1.0
117485,1.0,0.0
117488,0.0,1.0
117491,1.0,0.0
117496,1.0,0.0
117498,0.0,1.0
117500,0.0,1.0
117507,0.0,1.0
117523,0.0,1.0
117538,0.0,1.0
117542,0.0,1.0
117552,0.0,1.0
117558,0.0,1.0
117562,0.0,1.0
117563,0.0,1.0
117566,1.0,0.0
117568,1.0,0.0
117571,0.0,1.0
117573,0.0,1.0
117576,0.0,1.0
117579,0.0,1.0
117588,0.0,1.0
117592,1.0,0.0
117596,0.0,1.0
117612,1.0,0.0
117617,0.0,1.0
117628,0.0,1.0
117641,0.0,1.0
117647,0.0,1.0
117648,1.0,0.0
117649,0.0,1.0
117655,0.0,1.0
117658,1.0,0.0
117664,0.0,1.0
117680,0.0,1.0
117703,0.0,1.0
117705,0.0,1.0
117707,0.0,1.0
117716,0.0,1.0
117720,0.0,1.0
117728,0.0,1.0
117735,1.0,0.0
117736,0.0,1.0
117741,1.0,0.0
117752,0.0,1.0
117753,0.0,1.0
117754,0.0,1.0
117758,0.0,1.0
117762,0.0,1.0
117776,0.0,1.0
117781,0.0,1.0
117783,0.0,1.0
117784,0.0,1.0
117786,0.0,1.0
117788,0.0,1.0
117791,0.0,1.0
117796,0.0,1.0
117800,0.0,1.0
117802,1.0,0.0
117807,1.0,0.0
117812,0.0,1.0
117814,0.0,1.0
117824,0.0,1.0
117825,0.0,1.0
117835,1.0,0.0
117842,0.0,1.0
117843,0.0,1.0
117848,0.0,1.0
117849,0.0,1.0
117850,0.0,1.0
117851,0.0,1.0
117857,0.0,1.0
117867,0.0,1.0
117875,0.0,1.0
117880,0.0,1.0
117884,0.0,1.0
117890,0.0,1.0
117897,1.0,0.0
117902,1.0,0.0
117908,0.0,1.0
117909,0.0,1.0
117917,1.0,0.0
117924,1.0,0.0
117926,0.0,1.0
117931,1.0,0.0
117932,1.0,0.0
117959,0.0,1.0
117962,0.0,1.0
117965,0.0,1.0
117967,0.0,1.0
117974,0.0,1.0
117981,0.0,1.0
117983,0.0,1.0
117985,1.0,0.0
117986,0.0,1.0
117996,0.0,1.0
117998,0.0,1.0
118010,0.0,1.0
118013,0.0,1.0
118021,0.0,1.0
118023,0.0,1.0
118026,0.0,1.0
118034,0.0,1.0
118036,0.0,1.0
118041,0.0,1.0
118046,1.0,0.0
118060,1.0,0.0
118072,0.0,1.0
118079,0.0,1.0
118086,0.0,1.0
118091,0.0,1.0
118094,0.0,1.0
118095,0.0,1.0
118096,0.0,1.0
118105,1.0,0.0
118106,0.0,1.0
118107,1.0,0.0
118111,0.0,1.0
118115,0.0,1.0
118116,0.0,1.0
118117,0.0,1.0
118125,0.0,1.0
118135,0.0,1.0
118149,0.0,1.0
118153,0.0,1.0
118157,0.0,1.0
118158,0.0,1.0
118168,0.0,1.0
118176,0.0,1.0
118184,0.0,1.0
118190,0.0,1.0
118191,0.0,1.0
118192,0.0,1.0
118193,1.0,0.0
118196,0.0,1.0
118200,1.0,0.0
118206,0.0,1.0
118208,0.0,1.0
118219,0.0,1.0
118226,0.0,1.0
118229,0.0,1.0
118232,0.0,1.0
118234,1.0,0.0
118237,0.0,1.0
118240,0.0,1.0
118252,0.0,1.0
118253,0.0,1.0
118257,0.0,1.0
118258,0.0,1.0
118281,1.0,0.0
118282,0.0,1.0
118289,0.0,1.0
118291,0.0,1.0
118292,0.0,1.0
118299,0.0,1.0
118321,0.0,1.0
118322,0.0,1.0
118328,0.0,1.0
118343,0.0,1.0
118344,0.0,1.0
118345,0.0,1.0
118348,0.0,1.0
118356,1.0,0.0
118357,0.0,1.0
118365,0.0,1.0
118368,0.0,1.0
118379,0.0,1.0
118396,0.0,1.0
118402,0.0,1.0
118404,0.0,1.0
118406,0.0,1.0
118427,0.0,1.0
118432,0.0,1.0
118438,0.0,1.0
118440,0.0,1.0
118442,0.0,1.0
118447,0.0,1.0
118449,0.0,1.0
118450,1.0,0.0
118458,0.0,1.0
118473,0.0,1.0
118474,0.0,1.0
118481,0.0,1.0
118491,0.0,1.0
118494,0.0,1.0
118498,0.0,1.0
118500,0.0,1.0
118502,0.0,1.0
118515,0.0,1.0
118518,0.0,1.0
118527,0.0,1.0
118530,0.0,1.0
118532,0.0,1.0
118533,0.0,1.0
118553,0.0,1.0
118559,0.0,1.0
118579,0.0,1.0
118587,0.0,1.0
118594,0.0,1.0
118597,0.0,1.0
118599,0.0,1.0
118600,0.0,1.0
118604,1.0,0.0
118607,0.0,1.0
118623,0.0,1.0
118640,0.0,1.0
118641,0.0,1.0
118656,0.0,1.0
118661,0.0,1.0
118662,0.0,1.0
118663,0.0,1.0
118666,0.0,1.0
118677,0.0,1.0
118685,0.0,1.0
118686,0.0,1.0
118689,0.0,1.0
118700,0.0,1.0
118716,0.0,1.0
118721,1.0,0.0
118733,1.0,0.0
118737,1.0,0.0
118741,0.0,1.0
118743,1.0,0.0
118748,0.0,1.0
118754,0.0,1.0
118756,0.0,1.0
118766,0.0,1.0
118774,0.0,1.0
118778,0.0,1.0
118785,0.0,1.0
118787,0.0,1.0
118788,0.0,1.0
118789,0.0,1.0
118791,0.0,1.0
118806,1.0,0.0
118821,0.0,1.0
118823,0.0,1.0
118827,1.0,0.0
118839,0.0,1.0
118842,0.0,1.0
118862,0.0,1.0
118877,0.0,1.0
118878,0.0,1.0
118881,0.0,1.0
118888,0.0,1.0
118907,0.0,1.0
118912,0.0,1.0
118914,0.0,1.0
118915,0.0,1.0
118918,0.0,1.0
118922,0.0,1.0
118923,1.0,0.0
118929,0.0,1.0
118934,0.0,1.0
118937,0.0,1.0
118938,0.0,1.0
118943,0.0,1.0
118951,0.0,1.0
118970,1.0,0.0
118987,0.0,1.0
118995,0.0,1.0
119009,0.0,1.0
119016,0.0,1.0
119021,0.0,1.0
119039,1.0,0.0
119042,0.0,1.0
119046,0.0,1.0
119050,1.0,0.0
119053,0.0,1.0
119056,0.0,1.0
119058,0.0,1.0
119065,0.0,1.0
119070,0.0,1.0
119086,0.0,1.0
119092,0.0,1.0
119104,0.0,1.0
119111,0.0,1.0
119114,0.0,1.0
119116,0.0,1.0
119121,0.0,1.0
119132,0.0,1.0
119141,1.0,0.0
119159,1.0,0.0
119161,0.0,1.0
119168,0.0,1.0
119173,0.0,1.0
119176,1.0,0.0
119215,0.0,1.0
119221,1.0,0.0
119234,0.0,1.0
119250,0.0,1.0
119252,1.0,0.0
119256,1.0,0.0
119271,1.0,0.0
119276,0.0,1.0
119290,0.0,1.0
119293,1.0,0.0
119310,0.0,1.0
119318,0.0,1.0
119320,0.0,1.0
119325,0.0,1.0
119326,1.0,0.0
119335,0.0,1.0
119339,0.0,1.0
119341,0.0,1.0
119347,0.0,1.0
119350,0.0,1.0
119354,1.0,0.0
119356,0.0,1.0
119362,0.0,1.0
119369,0.0,1.0
119372,0.0,1.0
119381,0.0,1.0
119387,0.0,1.0
119388,0.0,1.0
119390,0.0,1.0
119392,0.0,1.0
119401,0.0,1.0
119406,1.0,0.0
119408,0.0,1.0
119413,1.0,0.0
119423,0.0,1.0
119425,0.0,1.0
119433,0.0,1.0
119440,0.0,1.0
119441,0.0,1.0
119449,0.0,1.0
119456,1.0,0.0
119459,0.0,1.0
119469,0.0,1.0
119472,0.0,1.0
119477,0.0,1.0
119481,0.0,1.0
119483,0.0,1.0
119487,0.0,1.0
119489,1.0,0.0
119495,1.0,0.0
119496,0.0,1.0
119501,0.0,1.0
119502,1.0,0.0
119510,1.0,0.0
119521,0.0,1.0
119537,0.0,1.0
119540,0.0,1.0
119565,0.0,1.0
119570,0.0,1.0
119580,0.0,1.0
119581,0.0,1.0
119585,0.0,1.0
119589,0.0,1.0
119594,0.0,1.0
119596,0.0,1.0
119597,0.0,1.0
119603,0.0,1.0
119615,0.0,1.0
119616,0.0,1.0
119618,0.0,1.0
119636,0.0,1.0
119641,0.0,1.0
119644,0.0,1.0
119646,0.0,1.0
119647,0.0,1.0
119648,0.0,1.0
119659,0.0,1.0
119662,1.0,0.0
119665,0.0,1.0
119688,0.0,1.0
119689,0.0,1.0
119693,0.0,1.0
119694,0.0,1.0
119696,0.0,1.0
119710,1.0,0.0
119712,0.0,1.0
119718,0.0,1.0
119719,0.0,1.0
119720,0.0,1.0
119726,0.0,1.0
119733,0.0,1.0
119735,0.0,1.0
119746,1.0,0.0
119752,1.0,0.0
119755,0.0,1.0
119759,0.0,1.0
119760,0.0,1.0
119770,0.0,1.0
119798,0.0,1.0
119801,0.0,1.0
119818,0.0,1.0
119828,0.0,1.0
119832,0.0,1.0
119834,0.0,1.0
119835,0.0,1.0
119840,1.0,0.0
119851,0.0,1.0
119854,0.0,1.0
119858,0.0,1.0
119867,0.0,1.0
119869,0.0,1.0
119873,0.0,1.0
119876,0.0,1.0
119877,0.0,1.0
119889,0.0,1.0
119892,1.0,0.0
119895,0.0,1.0
119898,0.0,1.0
119904,1.0,0.0
119907,0.0,1.0
119915,0.0,1.0
119924,0.0,1.0
119933,0.0,1.0
119936,0.0,1.0
119940,0.0,1.0
119949,0.0,1.0
119950,1.0,0.0
119955,0.0,1.0
119957,0.0,1.0
119962,0.0,1.0
119965,0.0,1.0
119969,0.0,1.0
119976,0.0,1.0
120003,1.0,0.0
120006,0.0,1.0
120014,0.0,1.0
120025,0.0,1.0
120027,0.0,1.0
120034,0.0,1.0
120044,0.0,1.0
120046,1.0,0.0
120055,0.0,1.0
120061,0.0,1.0
120067,0.0,1.0
120091,0.0,1.0
120109,0.0,1.0
120115,0.0,1.0
120128,0.0,1.0
120129,0.0,1.0
120137,1.0,0.0
120142,0.0,1.0
120151,0.0,1.0
120152,0.0,1.0
120153,0.0,1.0
120161,0.0,1.0
120172,0.0,1.0
120180,1.0,0.0
120184,0.0,1.0
120185,1.0,0.0
120200,0.0,1.0
120201,0.0,1.0
120202,0.0,1.0
120209,0.0,1.0
120212,0.0,1.0
120225,0.0,1.0
120227,0.0,1.0
120228,0.0,1.0
120232,0.0,1.0
120237,0.0,1.0
120238,0.0,1.0
120256,0.0,1.0
120263,0.0,1.0
120267,0.0,1.0
120280,0.0,1.0
120289,0.0,1.0
120296,0.0,1.0
120298,0.0,1.0
120309,0.0,1.0
120311,0.0,1.0
120313,0.0,1.0
120322,0.0,1.0
120323,0.0,1.0
120332,0.0,1.0
120334,1.0,0.0
120337,0.0,1.0
120341,0.0,1.0
120344,0.0,1.0
120345,0.0,1.0
120350,0.0,1.0
120366,1.0,0.0
120371,0.0,1.0
120383,1.0,0.0
120384,0.0,1.0
120386,1.0,0.0
120388,1.0,0.0
120390,0.0,1.0
120391,0.0,1.0
120393,1.0,0.0
120395,0.0,1.0
120399,0.0,1.0
120405,0.0,1.0
120409,0.0,1.0
120417,0.0,1.0
120423,0.0,1.0
120424,0.0,1.0
120430,0.0,1.0
120431,1.0,0.0
120446,0.0,1.0
120452,0.0,1.0
120462,0.0,1.0
120464,1.0,0.0
120467,0.0,1.0
120478,0.0,1.0
120481,0.0,1.0
120491,0.0,1.0
120493,0.0,1.0
120496,1.0,0.0
120505,0.0,1.0
120510,0.0,1.0
120520,0.0,1.0
120521,0.0,1.0
120524,0.0,1.0
120526,0.0,1.0
120536,0.0,1.0
120538,0.0,1.0
120539,0.0,1.0
120544,0.0,1.0
120556,0.0,1.0
120563,0.0,1.0
120572,1.0,0.0
120598,0.0,1.0
120605,0.0,1.0
120607,0.0,1.0
120610,0.0,1.0
120621,0.0,1.0
120633,0.0,1.0
120636,1.0,0.0
120646,0.0,1.0
120649,0.0,1.0
120651,0.0,1.0
120664,0.0,1.0
120674,1.0,0.0
120696,0.0,1.0
120697,0.0,1.0
120700,0.0,1.0
120701,0.0,1.0
120718,0.0,1.0
120719,1.0,0.0
120734,0.0,1.0
120736,1.0,0.0
120737,0.0,1.0
120738,1.0,0.0
120765,0.0,1.0
120768,0.0,1.0
120770,0.0,1.0
120778,0.0,1.0
120805,0.0,1.0
120821,0.0,1.0
120822,0.0,1.0
120824,0.0,1.0
120849,0.0,1.0
120861,0.0,1.0
120871,0.0,1.0
120872,1.0,0.0
120874,0.0,1.0
120885,0.0,1.0
120906,1.0,0.0
120911,0.0,1.0
120925,0.0,1.0
120936,0.0,1.0
120940,0.0,1.0
120962,0.0,1.0
120981,0.0,1.0
120985,0.0,1.0
120991,0.0,1.0
120997,0.0,1.0
121015,0.0,1.0
121027,0.0,1.0
121032,0.0,1.0
121035,0.0,1.0
121036,1.0,0.0
121039,0.0,1.0
121044,0.0,1.0
121066,0.0,1.0
121074,0.0,1.0
121075,0.0,1.0
121077,0.0,1.0
121085,0.0,1.0
121095,0.0,1.0
121101,0.0,1.0
121107,0.0,1.0
121112,0.0,1.0
121128,0.0,1.0
121129,0.0,1.0
121134,0.0,1.0
121136,0.0,1.0
121142,0.0,1.0
121143,1.0,0.0
121152,0.0,1.0
121153,1.0,0.0
121156,0.0,1.0
121174,0.0,1.0
121179,0.0,1.0
121184,0.0,1.0
121199,1.0,0.0
121202,0.0,1.0
121214,0.0,1.0
121218,0.0,1.0
121219,0.0,1.0
121247,0.0,1.0
121248,0.0,1.0
121250,0.0,1.0
121251,0.0,1.0
121254,1.0,0.0
121261,0.0,1.0
121266,1.0,0.0
121275,0.0,1.0
121286,0.0,1.0
121295,0.0,1.0
121296,0.0,1.0
121300,0.0,1.0
121319,0.0,1.0
121328,0.0,1.0
121340,0.0,1.0
121352,0.0,1.0
121361,1.0,0.0
121375,0.0,1.0
121378,0.0,1.0
121392,0.0,1.0
121400,0.0,1.0
121405,0.0,1.0
121407,0.0,1.0
121416,0.0,1.0
121419,1.0,0.0
121427,1.0,0.0
121433,0.0,1.0
121439,0.0,1.0
121448,1.0,0.0
121465,0.0,1.0
121468,0.0,1.0
121469,1.0,0.0
121470,0.0,1.0
121477,0.0,1.0
121479,0.0,1.0
121480,1.0,0.0
121500,0.0,1.0
121505,0.0,1.0
121517,0.0,1.0
121520,1.0,0.0
121527,0.0,1.0
121534,0.0,1.0
121537,0.0,1.0
121544,0.0,1.0
121545,0.0,1.0
121552,0.0,1.0
121558,0.0,1.0
121561,0.0,1.0
121568,1.0,0.0
121584,0.0,1.0
121590,0.0,1.0
121594,0.0,1.0
121595,0.0,1.0
121600,0.0,1.0
121602,0.0,1.0
121607,0.0,1.0
121613,1.0,0.0
121621,0.0,1.0
121627,0.0,1.0
121681,0.0,1.0
121688,0.0,1.0
121692,1.0,0.0
121697,0.0,1.0
121716,0.0,1.0
121721,0.0,1.0
121726,0.0,1.0
121737,0.0,1.0
121740,0.0,1.0
121744,0.0,1.0
121745,0.0,1.0
121749,1.0,0.0
121752,0.0,1.0
121759,0.0,1.0
121762,0.0,1.0
121772,0.0,1.0
121780,0.0,1.0
121784,0.0,1.0
121798,0.0,1.0
121810,0.0,1.0
121811,0.0,1.0
121821,0.0,1.0
121826,0.0,1.0
121829,0.0,1.0
121832,0.0,1.0
121841,0.0,1.0
121851,1.0,0.0
121859,0.0,1.0
121860,0.0,1.0
121866,0.0,1.0
121872,1.0,0.0
121880,0.0,1.0
121884,0.0,1.0
121887,0.0,1.0
121888,0.0,1.0
121892,0.0,1.0
121897,1.0,0.0
121901,0.0,1.0
121902,0.0,1.0
121905,0.0,1.0
121910,0.0,1.0
121911,0.0,1.0
121912,0.0,1.0
121913,0.0,1.0
121919,0.0,1.0
121923,0.0,1.0
121928,0.0,1.0
121932,1.0,0.0
121936,1.0,0.0
121940,0.0,1.0
121943,0.0,1.0
121952,1.0,0.0
121962,0.0,1.0
121964,0.0,1.0
121965,0.0,1.0
121969,0.0,1.0
121971,0.0,1.0
121977,1.0,0.0
121983,0.0,1.0
121985,1.0,0.0
121986,0.0,1.0
121991,0.0,1.0
121995,0.0,1.0
122004,0.0,1.0
122010,0.0,1.0
122019,0.0,1.0
122021,0.0,1.0
122025,0.0,1.0
122036,1.0,0.0
122048,0.0,1.0
122051,0.0,1.0
122056,0.0,1.0
122062,0.0,1.0
122073,0.0,1.0
122079,0.0,1.0
122083,0.0,1.0
122091,0.0,1.0
122094,0.0,1.0
122095,0.0,1.0
122099,0.0,1.0
122104,0.0,1.0
122107,0.0,1.0
122117,0.0,1.0
122125,0.0,1.0
122134,0.0,1.0
122142,0.0,1.0
122145,0.0,1.0
122147,0.0,1.0
122161,0.0,1.0
122165,0.0,1.0
122166,0.0,1.0
122170,0.0,1.0
122177,0.0,1.0
122182,1.0,0.0
122184,0.0,1.0
122185,0.0,1.0
122186,0.0,1.0
122187,0.0,1.0
122189,1.0,0.0
122197,0.0,1.0
122209,1.0,0.0
122219,1.0,0.0
122221,0.0,1.0
122247,0.0,1.0
122251,1.0,0.0
122252,0.0,1.0
122253,0.0,1.0
122254,0.0,1.0
122272,0.0,1.0
122278,0.0,1.0
122281,0.0,1.0
122285,0.0,1.0
122289,0.0,1.0
122296,0.0,1.0
122297,0.0,1.0
122299,0.0,1.0
122309,0.0,1.0
122316,0.0,1.0
122322,0.0,1.0
122323,1.0,0.0
122324,0.0,1.0
122325,0.0,1.0
122335,0.0,1.0
122348,0.0,1.0
122353,0.0,1.0
122355,0.0,1.0
122357,0.0,1.0
122361,0.0,1.0
122365,0.0,1.0
122371,1.0,0.0
122372,0.0,1.0
122376,0.0,1.0
122378,0.0,1.0
122389,0.0,1.0
122390,0.0,1.0
122406,0.0,1.0
122408,1.0,0.0
122412,1.0,0.0
122418,0.0,1.0
122422,0.0,1.0
122423,0.0,1.0
122431,1.0,0.0
122435,0.0,1.0
122437,0.0,1.0
122440,1.0,0.0
122455,0.0,1.0
122463,0.0,1.0
122469,0.0,1.0
122472,0.0,1.0
122475,0.0,1.0
122479,0.0,1.0
122481,0.0,1.0
122485,1.0,0.0
122492,1.0,0.0
122499,0.0,1.0
122506,0.0,1.0
122509,0.0,1.0
122512,1.0,0.0
122513,1.0,0.0
122523,0.0,1.0
122524,0.0,1.0
122525,0.0,1.0
122532,0.0,1.0
122545,0.0,1.0
122546,0.0,1.0
122554,0.0,1.0
122556,0.0,1.0
122567,0.0,1.0
122571,0.0,1.0
122577,0.0,1.0
122581,0.0,1.0
122585,0.0,1.0
122611,1.0,0.0
122614,0.0,1.0
122627,0.0,1.0
122634,0.0,1.0
122635,0.0,1.0
122644,0.0,1.0
122651,0.0,1.0
122657,0.0,1.0
122671,0.0,1.0
122675,0.0,1.0
122685,1.0,0.0
122696,0.0,1.0
122699,0.0,1.0
122723,0.0,1.0
122730,0.0,1.0
122732,1.0,0.0
122744,0.0,1.0
122751,0.0,1.0
122758,0.0,1.0
122764,0.0,1.0
122775,0.0,1.0
122793,0.0,1.0
122801,0.0,1.0
122804,0.0,1.0
122806,0.0,1.0
122814,0.0,1.0
122821,0.0,1.0
122824,1.0,0.0
122826,0.0,1.0
122833,1.0,0.0
122834,0.0,1.0
122835,0.0,1.0
122847,0.0,1.0
122850,0.0,1.0
122851,1.0,0.0
122853,0.0,1.0
122864,0.0,1.0
122865,1.0,0.0
122869,0.0,1.0
122874,0.0,1.0
122883,0.0,1.0
122888,0.0,1.0
122892,0.0,1.0
122904,0.0,1.0
122905,1.0,0.0
122914,1.0,0.0
122919,0.0,1.0
122930,1.0,0.0
122932,0.0,1.0
122937,0.0,1.0
122941,1.0,0.0
122944,1.0,0.0
122951,0.0,1.0
122953,0.0,1.0
122960,0.0,1.0
122966,0.0,1.0
122969,0.0,1.0
122971,0.0,1.0
122984,1.0,0.0
122992,0.0,1.0
122997,0.0,1.0
122998,0.0,1.0
123003,0.0,1.0
123008,0.0,1.0
123017,0.0,1.0
123027,1.0,0.0
123031,0.0,1.0
123038,0.0,1.0
123041,0.0,1.0
123045,0.0,1.0
123050,0.0,1.0
123059,0.0,1.0
123060,0.0,1.0
123067,0.0,1.0
123071,0.0,1.0
123077,0.0,1.0
123084,0.0,1.0
123085,0.0,1.0
123112,0.0,1.0
123116,1.0,0.0
123122,0.0,1.0
123124,0.0,1.0
123127,0.0,1.0
123139,0.0,1.0
123152,0.0,1.0
123159,0.0,1.0
123162,1.0,0.0
123171,0.0,1.0
123175,1.0,0.0
123176,0.0,1.0
123186,0.0,1.0
123187,0.0,1.0
123202,0.0,1.0
123210,1.0,0.0
123211,0.0,1.0
123244,1.0,0.0
123246,0.0,1.0
123248,0.0,1.0
123252,1.0,0.0
123253,0.0,1.0
123278,0.0,1.0
123298,0.0,1.0
123301,1.0,0.0
123324,0.0,1.0
123332,0.0,1.0
123340,0.0,1.0
123347,0.0,1.0
123353,0.0,1.0
123375,0.0,1.0
123376,0.0,1.0
123377,0.0,1.0
123382,0.0,1.0
123383,0.0,1.0
123394,0.0,1.0
123397,0.0,1.0
123398,0.0,1.0
123402,0.0,1.0
123416,0.0,1.0
123417,0.0,1.0
123433,0.0,1.0
123441,0.0,1.0
123450,0.0,1.0
123479,0.0,1.0
123480,0.0,1.0
123482,0.0,1.0
123483,0.0,1.0
123486,1.0,0.0
123487,0.0,1.0
123488,0.0,1.0
123494,0.0,1.0
123503,0.0,1.0
123507,0.0,1.0
123509,0.0,1.0
123514,0.0,1.0
123517,0.0,1.0
123529,0.0,1.0
123533,0.0,1.0
123535,0.0,1.0
123549,0.0,1.0
123552,0.0,1.0
123555,0.0,1.0
123566,0.0,1.0
123568,0.0,1.0
123582,0.0,1.0
123590,0.0,1.0
123592,0.0,1.0
123601,0.0,1.0
123605,0.0,1.0
123608,0.0,1.0
123614,0.0,1.0
123619,0.0,1.0
123627,0.0,1.0
123629,0.0,1.0
123630,0.0,1.0
123631,0.0,1.0
123636,0.0,1.0
123645,0.0,1.0
123648,0.0,1.0
123654,0.0,1.0
123660,0.0,1.0
123669,0.0,1.0
123682,0.0,1.0
123686,1.0,0.0
123692,0.0,1.0
123700,0.0,1.0
123707,0.0,1.0
123711,0.0,1.0
123714,1.0,0.0
123716,0.0,1.0
123722,0.0,1.0
123731,0.0,1.0
123733,0.0,1.0
123738,0.0,1.0
123740,0.0,1.0
123741,0.0,1.0
123743,0.0,1.0
123755,1.0,0.0
123757,0.0,1.0
123768,0.0,1.0
123773,0.0,1.0
123781,0.0,1.0
123793,0.0,1.0
123794,0.0,1.0
123809,0.0,1.0
123810,0.0,1.0
123814,0.0,1.0
123828,0.0,1.0
123838,1.0,0.0
123839,0.0,1.0
123847,0.0,1.0
123868,0.0,1.0
123869,0.0,1.0
123877,1.0,0.0
123886,0.0,1.0
123903,0.0,1.0
123905,0.0,1.0
123914,0.0,1.0
123917,0.0,1.0
123920,0.0,1.0
123929,0.0,1.0
123941,0.0,1.0
123962,0.0,1.0
123975,0.0,1.0
123988,0.0,1.0
123997,0.0,1.0
124000,0.0,1.0
124021,0.0,1.0
124022,0.0,1.0
124024,0.0,1.0
124026,0.0,1.0
124030,0.0,1.0
124031,0.0,1.0
124034,0.0,1.0
124036,0.0,1.0
124037,0.0,1.0
124043,1.0,0.0
124054,0.0,1.0
124069,0.0,1.0
124071,0.0,1.0
124072,0.0,1.0
124077,0.0,1.0
124078,0.0,1.0
124079,1.0,0.0
124083,0.0,1.0
124087,0.0,1.0
124089,0.0,1.0
124112,0.0,1.0
124115,0.0,1.0
124142,0.0,1.0
124145,0.0,1.0
124149,0.0,1.0
124152,0.0,1.0
124160,1.0,0.0
124163,0.0,1.0
124164,1.0,0.0
124176,0.0,1.0
124179,0.0,1.0
124184,0.0,1.0
124187,0.0,1.0
124202,1.0,0.0
124207,1.0,0.0
124212,0.0,1.0
124218,0.0,1.0
124226,1.0,0.0
124235,0.0,1.0
124248,0.0,1.0
124258,0.0,1.0
124262,1.0,0.0
124266,0.0,1.0
124271,0.0,1.0
124273,0.0,1.0
124274,0.0,1.0
124291,0.0,1.0
124292,0.0,1.0
124296,0.0,1.0
124300,0.0,1.0
124303,0.0,1.0
124307,0.0,1.0
124311,0.0,1.0
124319,1.0,0.0
124326,0.0,1.0
124328,0.0,1.0
124340,0.0,1.0
124347,0.0,1.0
124352,0.0,1.0
124359,0.0,1.0
124362,0.0,1.0
124366,0.0,1.0
124368,0.0,1.0
124371,0.0,1.0
124375,0.0,1.0
124377,0.0,1.0
124381,0.0,1.0
124384,0.0,1.0
124387,0.0,1.0
124389,0.0,1.0
124392,0.0,1.0
124393,0.0,1.0
124399,0.0,1.0
124401,0.0,1.0
124414,0.0,1.0
124416,1.0,0.0
124425,0.0,1.0
124429,0.0,1.0
124431,0.0,1.0
124439,0.0,1.0
124441,0.0,1.0
124446,0.0,1.0
124447,0.0,1.0
124453,0.0,1.0
124456,1.0,0.0
124469,0.0,1.0
124472,1.0,0.0
124474,0.0,1.0
124497,0.0,1.0
124502,0.0,1.0
124507,0.0,1.0
124533,0.0,1.0
124534,0.0,1.0
124538,0.0,1.0
124541,0.0,1.0
124558,0.0,1.0
124568,0.0,1.0
124570,0.0,1.0
124585,0.0,1.0
124588,0.0,1.0
124591,0.0,1.0
124597,0.0,1.0
124604,0.0,1.0
124606,0.0,1.0
124610,0.0,1.0
124617,0.0,1.0
124619,1.0,0.0
124646,0.0,1.0
124664,0.0,1.0
124665,1.0,0.0
124666,0.0,1.0
124683,0.0,1.0
124684,0.0,1.0
124706,0.0,1.0
124712,1.0,0.0
124716,0.0,1.0
124718,0.0,1.0
124726,0.0,1.0
124728,0.0,1.0
124729,0.0,1.0
124741,0.0,1.0
124753,0.0,1.0
124758,0.0,1.0
124760,0.0,1.0
124772,0.0,1.0
124776,0.0,1.0
124780,0.0,1.0
124781,0.0,1.0
124794,0.0,1.0
124799,0.0,1.0
124837,1.0,0.0
124842,0.0,1.0
124869,0.0,1.0
124870,0.0,1.0
124879,0.0,1.0
124880,1.0,0.0
124900,1.0,0.0
124902,0.0,1.0
124931,0.0,1.0
124934,0.0,1.0
124938,0.0,1.0
124949,0.0,1.0
124951,0.0,1.0
124965,1.0,0.0
124966,0.0,1.0
124976,0.0,1.0
124978,0.0,1.0
124985,1.0,0.0
124988,0.0,1.0
125001,0.0,1.0
125002,0.0,1.0
125007,1.0,0.0
125018,0.0,1.0
125025,0.0,1.0
125028,0.0,1.0
125029,0.0,1.0
125054,0.0,1.0
125056,0.0,1.0
125057,0.0,1.0
125068,0.0,1.0
125069,0.0,1.0
125096,1.0,0.0
125110,0.0,1.0
125114,0.0,1.0
125119,1.0,0.0
125123,0.0,1.0
125131,0.0,1.0
125133,0.0,1.0
125148,0.0,1.0
125155,0.0,1.0
125163,0.0,1.0
125164,0.0,1.0
125167,0.0,1.0
125176,0.0,1.0
125178,0.0,1.0
125183,0.0,1.0
125192,0.0,1.0
125193,0.0,1.0
125222,0.0,1.0
125226,0.0,1.0
125238,0.0,1.0
125241,0.0,1.0
125242,1.0,0.0
125243,0.0,1.0
125249,0.0,1.0
125253,0.0,1.0
125256,0.0,1.0
125264,0.0,1.0
125267,0.0,1.0
125270,0.0,1.0
125271,0.0,1.0
125273,1.0,0.0
125282,0.0,1.0
125285,0.0,1.0
125310,0.0,1.0
125311,0.0,1.0
125314,0.0,1.0
125315,0.0,1.0
125316,0.0,1.0
125317,0.0,1.0
125321,0.0,1.0
125327,1.0,0.0
125330,0.0,1.0
125351,0.0,1.0
125372,0.0,1.0
125381,0.0,1.0
125391,0.0,1.0
125397,0.0,1.0
125407,0.0,1.0
125408,0.0,1.0
125409,0.0,1.0
125417,1.0,0.0
125428,0.0,1.0
125429,0.0,1.0
125437,0.0,1.0
125443,0.0,1.0
125448,0.0,1.0
125454,0.0,1.0
125467,0.0,1.0
125469,0.0,1.0
125471,1.0,0.0
125477,0.0,1.0
125482,0.0,1.0
125484,0.0,1.0
125488,0.0,1.0
125494,0.0,1.0
125507,0.0,1.0
125510,0.0,1.0
125511,1.0,0.0
125545,0.0,1.0
125549,0.0,1.0
125552,0.0,1.0
125554,0.0,1.0
125563,1.0,0.0
125564,0.0,1.0
125565,1.0,0.0
125578,0.0,1.0
125586,0.0,1.0
125588,0.0,1.0
125590,0.0,1.0
125617,1.0,0.0
125633,0.0,1.0
125641,0.0,1.0
125657,0.0,1.0
125660,0.0,1.0
125672,0.0,1.0
125685,0.0,1.0
125687,1.0,0.0
125694,0.0,1.0
125700,0.0,1.0
125712,0.0,1.0
125717,0.0,1.0
125728,0.0,1.0
125734,0.0,1.0
125741,0.0,1.0
125769,1.0,0.0
125771,0.0,1.0
125775,0.0,1.0
125783,1.0,0.0
125788,0.0,1.0
125790,1.0,0.0
125795,1.0,0.0
125797,0.0,1.0
125802,0.0,1.0
125804,0.0,1.0
125808,0.0,1.0
125811,0.0,1.0
125834,0.0,1.0
125840,0.0,1.0
125848,0.0,1.0
125860,0.0,1.0
125874,0.0,1.0
125883,0.0,1.0
125892,0.0,1.0
125897,0.0,1.0
125898,1.0,0.0
125906,0.0,1.0
125912,0.0,1.0
125922,1.0,0.0
125936,0.0,1.0
125948,1.0,0.0
125949,0.0,1.0
125957,1.0,0.0
125963,0.0,1.0
125965,0.0,1.0
125971,0.0,1.0
125976,0.0,1.0
125977,0.0,1.0
125985,1.0,0.0
126014,0.0,1.0
126018,1.0,0.0
126023,0.0,1.0
126028,0.0,1.0
126033,0.0,1.0
126043,0.0,1.0
126046,0.0,1.0
126049,0.0,1.0
126065,1.0,0.0
126077,0.0,1.0
126081,0.0,1.0
126082,0.0,1.0
126096,0.0,1.0
126115,0.0,1.0
126121,0.0,1.0
126135,0.0,1.0
126136,0.0,1.0
126145,0.0,1.0
126146,0.0,1.0
126147,0.0,1.0
126153,0.0,1.0
126164,0.0,1.0
126170,0.0,1.0
126173,1.0,0.0
126178,0.0,1.0
126190,0.0,1.0
126191,0.0,1.0
126192,0.0,1.0
126193,0.0,1.0
126200,0.0,1.0
126209,1.0,0.0
126216,0.0,1.0
126219,0.0,1.0
126225,0.0,1.0
126231,1.0,0.0
126243,0.0,1.0
126250,1.0,0.0
126263,0.0,1.0
126280,0.0,1.0
126293,0.0,1.0
126294,0.0,1.0
126298,1.0,0.0
126299,0.0,1.0
126300,0.0,1.0
126302,1.0,0.0
126316,1.0,0.0
126318,1.0,0.0
126326,1.0,0.0
126335,0.0,1.0
126338,0.0,1.0
126339,0.0,1.0
126351,0.0,1.0
126353,0.0,1.0
126355,1.0,0.0
126384,0.0,1.0
126385,0.0,1.0
126386,0.0,1.0
126389,1.0,0.0
126392,1.0,0.0
126394,0.0,1.0
126399,0.0,1.0
126405,0.0,1.0
126406,0.0,1.0
126407,0.0,1.0
126408,0.0,1.0
126412,0.0,1.0
126440,1.0,0.0
126453,1.0,0.0
126454,0.0,1.0
126458,0.0,1.0
126459,0.0,1.0
126470,0.0,1.0
126476,0.0,1.0
126479,0.0,1.0
126486,0.0,1.0
126490,0.0,1.0
126506,0.0,1.0
126507,0.0,1.0
126518,0.0,1.0
126520,0.0,1.0
126527,0.0,1.0
126529,0.0,1.0
126534,0.0,1.0
126544,0.0,1.0
126548,0.0,1.0
126550,0.0,1.0
126580,0.0,1.0
126581,0.0,1.0
126582,1.0,0.0
126586,0.0,1.0
126599,0.0,1.0
126604,1.0,0.0
126612,0.0,1.0
126616,0.0,1.0
126622,0.0,1.0
126629,0.0,1.0
126633,0.0,1.0
126637,0.0,1.0
126644,0.0,1.0
126647,0.0,1.0
126659,0.0,1.0
126660,0.0,1.0
126663,0.0,1.0
126666,1.0,0.0
126673,0.0,1.0
126677,0.0,1.0
126680,0.0,1.0
126683,0.0,1.0
126687,0.0,1.0
126690,0.0,1.0
126695,0.0,1.0
126703,0.0,1.0
126704,0.0,1.0
126705,0.0,1.0
126711,1.0,0.0
126712,0.0,1.0
126727,0.0,1.0
126734,0.0,1.0
126736,0.0,1.0
126741,0.0,1.0
126747,0.0,1.0
126748,0.0,1.0
126753,0.0,1.0
126756,0.0,1.0
126758,1.0,0.0
126764,0.0,1.0
126776,0.0,1.0
126781,0.0,1.0
126786,0.0,1.0
126793,0.0,1.0
126794,0.0,1.0
126799,0.0,1.0
126820,0.0,1.0
126823,1.0,0.0
126834,0.0,1.0
126835,0.0,1.0
126846,0.0,1.0
126848,0.0,1.0
126849,0.0,1.0
126851,1.0,0.0
126856,0.0,1.0
126867,0.0,1.0
126868,0.0,1.0
126882,0.0,1.0
126884,0.0,1.0
126893,0.0,1.0
126897,0.0,1.0
126904,1.0,0.0
126908,0.0,1.0
126911,0.0,1.0
126915,1.0,0.0
126934,0.0,1.0
126936,0.0,1.0
126937,0.0,1.0
126943,0.0,1.0
126955,0.0,1.0
126991,0.0,1.0
126993,0.0,1.0
127000,0.0,1.0
127002,0.0,1.0
127003,0.0,1.0
127005,1.0,0.0
127006,0.0,1.0
127008,0.0,1.0
127013,0.0,1.0
127015,0.0,1.0
127018,0.0,1.0
127024,0.0,1.0
127025,0.0,1.0
127032,0.0,1.0
127033,0.0,1.0
127040,0.0,1.0
127041,0.0,1.0
127042,0.0,1.0
127049,1.0,0.0
127054,1.0,0.0
127057,0.0,1.0
127071,0.0,1.0
127074,0.0,1.0
127076,0.0,1.0
127077,0.0,1.0
127078,1.0,0.0
127090,0.0,1.0
127091,0.0,1.0
127092,0.0,1.0
127101,0.0,1.0
127104,0.0,1.0
127116,0.0,1.0
127117,0.0,1.0
127122,0.0,1.0
127125,0.0,1.0
127137,0.0,1.0
127164,1.0,0.0
127172,0.0,1.0
127175,0.0,1.0
127180,1.0,0.0
127207,0.0,1.0
127214,0.0,1.0
127218,0.0,1.0
127223,0.0,1.0
127224,1.0,0.0
127229,0.0,1.0
127236,0.0,1.0
127237,0.0,1.0
127241,0.0,1.0
127251,0.0,1.0
127253,0.0,1.0
127261,0.0,1.0
127273,0.0,1.0
127279,0.0,1.0
127300,0.0,1.0
127304,0.0,1.0
127305,1.0,0.0
127310,1.0,0.0
127324,0.0,1.0
127335,0.0,1.0
127340,0.0,1.0
127342,1.0,0.0
127346,0.0,1.0
127356,0.0,1.0
127363,0.0,1.0
127371,0.0,1.0
127377,0.0,1.0
127379,0.0,1.0
127383,0.0,1.0
127393,0.0,1.0
127394,1.0,0.0
127401,0.0,1.0
127402,0.0,1.0
127403,0.0,1.0
127407,1.0,0.0
127422,0.0,1.0
127426,0.0,1.0
127428,0.0,1.0
127439,0.0,1.0
127456,0.0,1.0
127458,0.0,1.0
127459,0.0,1.0
127467,0.0,1.0
127474,0.0,1.0
127475,0.0,1.0
127481,0.0,1.0
127487,0.0,1.0
127489,0.0,1.0
127493,0.0,1.0
127499,0.0,1.0
127501,0.0,1.0
127503,0.0,1.0
127510,0.0,1.0
127517,0.0,1.0
127519,0.0,1.0
127533,0.0,1.0
127535,0.0,1.0
127536,0.0,1.0
127541,0.0,1.0
127542,0.0,1.0
127566,0.0,1.0
127574,0.0,1.0
127590,0.0,1.0
127605,0.0,1.0
127610,0.0,1.0
127612,0.0,1.0
127618,0.0,1.0
127619,0.0,1.0
127621,0.0,1.0
127625,0.0,1.0
127629,0.0,1.0
127630,0.0,1.0
127646,0.0,1.0
127664,0.0,1.0
127667,0.0,1.0
127668,1.0,0.0
127679,0.0,1.0
127687,0.0,1.0
127703,1.0,0.0
127714,0.0,1.0
127715,1.0,0.0
127723,0.0,1.0
127730,0.0,1.0
127737,0.0,1.0
127754,0.0,1.0
127769,0.0,1.0
127797,1.0,0.0
127802,0.0,1.0
127803,0.0,1.0
127823,0.0,1.0
127828,1.0,0.0
127845,1.0,0.0
127849,0.0,1.0
127862,1.0,0.0
127874,0.0,1.0
127878,0.0,1.0
127897,0.0,1.0
127898,1.0,0.0
127908,0.0,1.0
127911,1.0,0.0
127917,0.0,1.0
127920,0.0,1.0
127924,0.0,1.0
127952,0.0,1.0
127966,1.0,0.0
127967,0.0,1.0
127974,0.0,1.0
127979,0.0,1.0
127985,1.0,0.0
127995,0.0,1.0
128005,0.0,1.0
128006,0.0,1.0
128008,0.0,1.0
128009,1.0,0.0
128020,0.0,1.0
128022,0.0,1.0
128034,0.0,1.0
128048,0.0,1.0
128049,1.0,0.0
128053,0.0,1.0
128061,0.0,1.0
128062,0.0,1.0
128071,0.0,1.0
128076,0.0,1.0
128082,0.0,1.0
128099,0.0,1.0
128102,0.0,1.0
128110,0.0,1.0
128111,0.0,1.0
128123,0.0,1.0
128125,0.0,1.0
128126,0.0,1.0
128127,0.0,1.0
128134,1.0,0.0
128152,0.0,1.0
128164,0.0,1.0
128166,0.0,1.0
128169,0.0,1.0
128171,0.0,1.0
128174,1.0,0.0
128182,0.0,1.0
128184,0.0,1.0
128186,1.0,0.0
128196,0.0,1.0
128200,1.0,0.0
128211,0.0,1.0
128224,0.0,1.0
128237,1.0,0.0
128243,0.0,1.0
128255,0.0,1.0
128263,0.0,1.0
128265,0.0,1.0
128267,0.0,1.0
128276,0.0,1.0
128294,0.0,1.0
128295,0.0,1.0
128305,0.0,1.0
128312,1.0,0.0
128323,0.0,1.0
128326,0.0,1.0
128327,0.0,1.0
128330,0.0,1.0
128339,0.0,1.0
128343,0.0,1.0
128347,0.0,1.0
128349,1.0,0.0
128352,0.0,1.0
128356,1.0,0.0
128359,0.0,1.0
128360,0.0,1.0
128370,0.0,1.0
128372,0.0,1.0
128376,0.0,1.0
128378,1.0,0.0
128385,0.0,1.0
128386,1.0,0.0
128387,0.0,1.0
128392,0.0,1.0
128401,0.0,1.0
128404,1.0,0.0
128408,0.0,1.0
128412,0.0,1.0
128421,0.0,1.0
128423,0.0,1.0
128425,0.0,1.0
128431,0.0,1.0
128433,0.0,1.0
128436,0.0,1.0
128446,0.0,1.0
128457,0.0,1.0
128469,0.0,1.0
128471,1.0,0.0
128479,0.0,1.0
128487,0.0,1.0
128489,0.0,1.0
128490,0.0,1.0
128493,0.0,1.0
128495,0.0,1.0
128497,0.0,1.0
128500,0.0,1.0
128504,0.0,1.0
128510,0.0,1.0
128523,0.0,1.0
128524,0.0,1.0
128542,1.0,0.0
128553,0.0,1.0
128561,0.0,1.0
128584,0.0,1.0
128586,1.0,0.0
128592,0.0,1.0
128606,0.0,1.0
128609,0.0,1.0
128613,1.0,0.0
128620,0.0,1.0
128623,0.0,1.0
128627,0.0,1.0
128629,0.0,1.0
128644,1.0,0.0
128666,1.0,0.0
128689,0.0,1.0
128694,0.0,1.0
128695,0.0,1.0
128697,0.0,1.0
128700,0.0,1.0
128705,0.0,1.0
128707,0.0,1.0
128716,0.0,1.0
128719,0.0,1.0
128739,0.0,1.0
128747,0.0,1.0
128750,0.0,1.0
128755,0.0,1.0
128760,0.0,1.0
128766,0.0,1.0
128772,1.0,0.0
128784,0.0,1.0
128791,0.0,1.0
128794,0.0,1.0
128801,1.0,0.0
128805,0.0,1.0
128814,0.0,1.0
128816,0.0,1.0
128824,1.0,0.0
128827,0.0,1.0
128837,0.0,1.0
128838,0.0,1.0
128840,0.0,1.0
128844,1.0,0.0
128845,0.0,1.0
128849,0.0,1.0
128853,1.0,0.0
128856,0.0,1.0
128858,0.0,1.0
128859,0.0,1.0
128861,0.0,1.0
128871,0.0,1.0
128879,0.0,1.0
128884,0.0,1.0
128890,0.0,1.0
128893,1.0,0.0
128898,1.0,0.0
128899,0.0,1.0
128901,0.0,1.0
128903,0.0,1.0
128911,0.0,1.0
128912,0.0,1.0
128927,0.0,1.0
128942,1.0,0.0
128946,0.0,1.0
128951,0.0,1.0
128953,1.0,0.0
128954,0.0,1.0
128963,0.0,1.0
128978,0.0,1.0
129001,0.0,1.0
129006,0.0,1.0
129015,0.0,1.0
129021,0.0,1.0
129027,0.0,1.0
129032,0.0,1.0
129033,0.0,1.0
129036,0.0,1.0
129038,1.0,0.0
129040,0.0,1.0
129042,0.0,1.0
129047,0.0,1.0
129050,0.0,1.0
129053,0.0,1.0
129066,0.0,1.0
129074,0.0,1.0
129086,0.0,1.0
129102,0.0,1.0
129103,0.0,1.0
129119,0.0,1.0
129121,0.0,1.0
129122,0.0,1.0
129129,0.0,1.0
129132,0.0,1.0
129146,1.0,0.0
129153,0.0,1.0
129157,0.0,1.0
129164,0.0,1.0
129172,0.0,1.0
129180,0.0,1.0
129184,0.0,1.0
129185,0.0,1.0
129189,0.0,1.0
129193,0.0,1.0
129199,0.0,1.0
129213,1.0,0.0
129218,1.0,0.0
129228,0.0,1.0
129233,0.0,1.0
129234,0.0,1.0
129242,1.0,0.0
129259,0.0,1.0
129268,0.0,1.0
129270,0.0,1.0
129272,0.0,1.0
129277,0.0,1.0
129286,0.0,1.0
129305,0.0,1.0
129306,0.0,1.0
129313,0.0,1.0
129320,0.0,1.0
129324,0.0,1.0
129332,1.0,0.0
129333,1.0,0.0
129336,0.0,1.0
129344,0.0,1.0
129349,0.0,1.0
129353,0.0,1.0
129354,0.0,1.0
129372,0.0,1.0
129373,1.0,0.0
129390,0.0,1.0
129397,1.0,0.0
129403,0.0,1.0
129418,0.0,1.0
129421,0.0,1.0
129432,0.0,1.0
129440,1.0,0.0
129445,0.0,1.0
129453,1.0,0.0
129468,0.0,1.0
129471,0.0,1.0
129475,0.0,1.0
129479,1.0,0.0
129484,0.0,1.0
129490,1.0,0.0
129491,0.0,1.0
129502,0.0,1.0
129507,0.0,1.0
129509,0.0,1.0
129511,0.0,1.0
129518,0.0,1.0
129521,1.0,0.0
129538,0.0,1.0
129545,0.0,1.0
129550,0.0,1.0
129551,0.0,1.0
129559,0.0,1.0
129566,0.0,1.0
129579,0.0,1.0
129580,0.0,1.0
129586,0.0,1.0
129589,0.0,1.0
129591,0.0,1.0
129603,0.0,1.0
129604,0.0,1.0
129609,0.0,1.0
129610,1.0,0.0
129614,0.0,1.0
129621,0.0,1.0
129629,0.0,1.0
129634,0.0,1.0
129635,0.0,1.0
129637,0.0,1.0
129640,0.0,1.0
129641,0.0,1.0
129645,1.0,0.0
129649,0.0,1.0
129654,0.0,1.0
129675,0.0,1.0
129676,0.0,1.0
129683,1.0,0.0
129685,0.0,1.0
129702,0.0,1.0
129705,0.0,1.0
129713,0.0,1.0
129714,0.0,1.0
129723,0.0,1.0
129734,0.0,1.0
129740,0.0,1.0
129751,0.0,1.0
129753,0.0,1.0
129767,0.0,1.0
129778,0.0,1.0
129779,0.0,1.0
129795,0.0,1.0
129802,0.0,1.0
129812,0.0,1.0
129814,0.0,1.0
129825,0.0,1.0
129827,0.0,1.0
129828,0.0,1.0
129830,1.0,0.0
129838,0.0,1.0
129853,0.0,1.0
129862,1.0,0.0
129866,0.0,1.0
129869,0.0,1.0
129898,0.0,1.0
129899,0.0,1.0
129909,0.0,1.0
129919,0.0,1.0
129922,0.0,1.0
129930,0.0,1.0
129931,0.0,1.0
129934,0.0,1.0
129936,0.0,1.0
129947,0.0,1.0
129951,0.0,1.0
129957,0.0,1.0
129958,0.0,1.0
129962,0.0,1.0
129975,0.0,1.0
130000,0.0,1.0
130004,0.0,1.0
130006,0.0,1.0
130009,0.0,1.0
130015,0.0,1.0
130023,0.0,1.0
130035,0.0,1.0
130045,0.0,1.0
130051,0.0,1.0
130055,0.0,1.0
130056,0.0,1.0
130069,1.0,0.0
130077,0.0,1.0
130085,0.0,1.0
130092,0.0,1.0
130097,0.0,1.0
130106,1.0,0.0
130108,0.0,1.0
130112,0.0,1.0
130114,0.0,1.0
130116,0.0,1.0
130119,0.0,1.0
130121,0.0,1.0
130139,0.0,1.0
130153,0.0,1.0
130156,0.0,1.0
130159,0.0,1.0
130161,0.0,1.0
130162,1.0,0.0
130170,0.0,1.0
130182,0.0,1.0
130186,0.0,1.0
130188,0.0,1.0
130190,0.0,1.0
130193,0.0,1.0
130196,0.0,1.0
130197,0.0,1.0
130200,0.0,1.0
130203,0.0,1.0
130206,0.0,1.0
130212,0.0,1.0
130219,1.0,0.0
130222,0.0,1.0
130233,1.0,0.0
130241,0.0,1.0
130242,0.0,1.0
130254,0.0,1.0
130262,0.0,1.0
130267,0.0,1.0
130270,0.0,1.0
130271,0.0,1.0
130272,0.0,1.0
130276,0.0,1.0
130281,0.0,1.0
130282,1.0,0.0
130292,0.0,1.0
130308,0.0,1.0
130312,0.0,1.0
130315,1.0,0.0
130317,1.0,0.0
130322,0.0,1.0
130337,0.0,1.0
130343,0.0,1.0
130351,0.0,1.0
130366,0.0,1.0
130408,0.0,1.0
130417,0.0,1.0
130424,0.0,1.0
130425,0.0,1.0
130435,0.0,1.0
130437,0.0,1.0
130439,1.0,0.0
130441,0.0,1.0
130442,0.0,1.0
130443,0.0,1.0
130444,0.0,1.0
130456,0.0,1.0
130457,0.0,1.0
130470,1.0,0.0
130483,0.0,1.0
130500,1.0,0.0
130501,0.0,1.0
130502,0.0,1.0
130519,0.0,1.0
130524,1.0,0.0
130527,0.0,1.0
130534,0.0,1.0
130536,0.0,1.0
130542,0.0,1.0
130545,0.0,1.0
130551,0.0,1.0
130563,0.0,1.0
130564,0.0,1.0
130572,0.0,1.0
130581,0.0,1.0
130595,0.0,1.0
130597,0.0,1.0
130599,0.0,1.0
130601,0.0,1.0
130602,0.0,1.0
130603,0.0,1.0
130612,0.0,1.0
130616,0.0,1.0
130623,1.0,0.0
130627,0.0,1.0
130644,0.0,1.0
130659,0.0,1.0
130660,0.0,1.0
130669,1.0,0.0
130670,0.0,1.0
130676,0.0,1.0
130677,0.0,1.0
130684,0.0,1.0
130688,0.0,1.0
130689,1.0,0.0
130692,0.0,1.0
130699,0.0,1.0
130715,0.0,1.0
130719,0.0,1.0
130721,0.0,1.0
130722,1.0,0.0
130730,0.0,1.0
130738,0.0,1.0
130739,0.0,1.0
130743,0.0,1.0
130749,0.0,1.0
130758,0.0,1.0
130763,0.0,1.0
130786,0.0,1.0
130787,0.0,1.0
130790,0.0,1.0
130791,0.0,1.0
130794,0.0,1.0
130800,0.0,1.0
130808,0.0,1.0
130809,0.0,1.0
130814,0.0,1.0
130820,1.0,0.0
130821,0.0,1.0
130845,0.0,1.0
130847,0.0,1.0
130860,0.0,1.0
130866,0.0,1.0
130868,1.0,0.0
130871,0.0,1.0
130876,0.0,1.0
130881,1.0,0.0
130892,0.0,1.0
130899,1.0,0.0
130911,0.0,1.0
130917,0.0,1.0
130932,0.0,1.0
130936,1.0,0.0
130937,1.0,0.0
130942,1.0,0.0
130951,0.0,1.0
130957,0.0,1.0
130969,0.0,1.0
130979,0.0,1.0
130983,0.0,1.0
130984,0.0,1.0
130985,0.0,1.0
130987,0.0,1.0
130994,0.0,1.0
131009,0.0,1.0
131014,0.0,1.0
131018,0.0,1.0
131040,1.0,0.0
131052,0.0,1.0
131056,0.0,1.0
131057,0.0,1.0
131059,0.0,1.0
131063,1.0,0.0
131065,0.0,1.0
131066,0.0,1.0
131071,0.0,1.0
131074,1.0,0.0
131078,0.0,1.0
131083,0.0,1.0
131084,0.0,1.0
131090,0.0,1.0
131093,0.0,1.0
131098,0.0,1.0
131122,0.0,1.0
131129,0.0,1.0
131130,0.0,1.0
131133,1.0,0.0
131134,1.0,0.0
131143,0.0,1.0
131163,0.0,1.0
131171,1.0,0.0
131181,1.0,0.0
131187,0.0,1.0
131188,0.0,1.0
131204,0.0,1.0
131216,0.0,1.0
131218,0.0,1.0
131219,0.0,1.0
131231,0.0,1.0
131243,0.0,1.0
131246,0.0,1.0
131249,0.0,1.0
131251,0.0,1.0
131257,0.0,1.0
131267,0.0,1.0
131274,0.0,1.0
131275,0.0,1.0
131283,0.0,1.0
131293,0.0,1.0
131294,0.0,1.0
131299,0.0,1.0
131303,0.0,1.0
131307,0.0,1.0
131324,0.0,1.0
131328,0.0,1.0
131341,1.0,0.0
131346,0.0,1.0
131359,0.0,1.0
131366,0.0,1.0
131372,0.0,1.0
131382,0.0,1.0
131390,1.0,0.0
131391,0.0,1.0
131400,0.0,1.0
131407,0.0,1.0
131408,0.0,1.0
131411,0.0,1.0
131415,0.0,1.0
131418,0.0,1.0
131432,0.0,1.0
131435,0.0,1.0
131443,0.0,1.0
131444,0.0,1.0
131447,1.0,0.0
131448,1.0,0.0
131449,0.0,1.0
131453,0.0,1.0
131456,0.0,1.0
131464,0.0,1.0
131465,0.0,1.0
131466,1.0,0.0
131477,0.0,1.0
131482,0.0,1.0
131485,1.0,0.0
131488,0.0,1.0
131493,0.0,1.0
131497,0.0,1.0
131504,0.0,1.0
131515,0.0,1.0
131517,0.0,1.0
131518,1.0,0.0
131523,0.0,1.0
131527,0.0,1.0
131538,1.0,0.0
131542,0.0,1.0
131562,0.0,1.0
131578,0.0,1.0
131579,0.0,1.0
131581,0.0,1.0
131596,0.0,1.0
131601,0.0,1.0
131607,0.0,1.0
131608,0.0,1.0
131624,0.0,1.0
131638,0.0,1.0
131642,1.0,0.0
131643,0.0,1.0
131650,0.0,1.0
131658,0.0,1.0
131674,0.0,1.0
131678,0.0,1.0
131680,0.0,1.0
131683,1.0,0.0
131694,0.0,1.0
131699,1.0,0.0
131705,0.0,1.0
131715,0.0,1.0
131720,0.0,1.0
131725,1.0,0.0
131732,0.0,1.0
131743,1.0,0.0
131752,1.0,0.0
131765,0.0,1.0
131776,1.0,0.0
131782,0.0,1.0
131790,1.0,0.0
131791,0.0,1.0
131802,0.0,1.0
131810,0.0,1.0
131813,0.0,1.0
131835,1.0,0.0
131837,0.0,1.0
131843,0.0,1.0
131846,0.0,1.0
131847,0.0,1.0
131849,0.0,1.0
131860,0.0,1.0
131869,0.0,1.0
131885,0.0,1.0
131886,0.0,1.0
131891,0.0,1.0
131893,0.0,1.0
131895,0.0,1.0
131896,0.0,1.0
131897,1.0,0.0
131904,0.0,1.0
131913,0.0,1.0
131914,0.0,1.0
131926,0.0,1.0
131933,0.0,1.0
131934,0.0,1.0
131944,0.0,1.0
131947,0.0,1.0
131961,0.0,1.0
131963,0.0,1.0
131967,0.0,1.0
131971,0.0,1.0
131973,0.0,1.0
131982,0.0,1.0
131983,0.0,1.0
132007,0.0,1.0
132027,0.0,1.0
132031,0.0,1.0
132036,0.0,1.0
132039,0.0,1.0
132041,0.0,1.0
132043,0.0,1.0
132045,0.0,1.0
132050,0.0,1.0
132055,0.0,1.0
132058,0.0,1.0
132063,0.0,1.0
132065,0.0,1.0
132070,0.0,1.0
132077,1.0,0.0
132086,1.0,0.0
132087,0.0,1.0
132092,0.0,1.0
132095,0.0,1.0
132106,0.0,1.0
132126,0.0,1.0
132134,0.0,1.0
132135,0.0,1.0
132146,0.0,1.0
132151,0.0,1.0
132155,0.0,1.0
132162,0.0,1.0
132170,0.0,1.0
132172,0.0,1.0
132178,0.0,1.0
132181,0.0,1.0
132183,0.0,1.0
132187,0.0,1.0
132192,0.0,1.0
132194,0.0,1.0
132201,1.0,0.0
132212,0.0,1.0
132214,0.0,1.0
132226,0.0,1.0
132235,0.0,1.0
132237,0.0,1.0
132257,0.0,1.0
132258,0.0,1.0
132261,0.0,1.0
132263,0.0,1.0
132270,0.0,1.0
132272,0.0,1.0
132275,0.0,1.0
132282,0.0,1.0
132294,0.0,1.0
132308,0.0,1.0
132311,0.0,1.0
132312,1.0,0.0
132315,0.0,1.0
132317,0.0,1.0
132319,0.0,1.0
132333,0.0,1.0
132336,0.0,1.0
132337,0.0,1.0
132338,0.0,1.0
132341,0.0,1.0
132342,0.0,1.0
132352,0.0,1.0
132367,0.0,1.0
132381,1.0,0.0
132386,0.0,1.0
132389,0.0,1.0
132395,0.0,1.0
132396,0.0,1.0
132397,0.0,1.0
132409,0.0,1.0
132410,0.0,1.0
132417,0.0,1.0
132426,0.0,1.0
132428,0.0,1.0
132441,1.0,0.0
132458,0.0,1.0
132461,0.0,1.0
132467,0.0,1.0
132469,0.0,1.0
132485,0.0,1.0
132488,0.0,1.0
132494,0.0,1.0
132503,0.0,1.0
132513,1.0,0.0
132525,0.0,1.0
132532,0.0,1.0
132537,0.0,1.0
132546,0.0,1.0
132551,1.0,0.0
132554,0.0,1.0
132572,0.0,1.0
132574,1.0,0.0
132575,0.0,1.0
132576,0.0,1.0
132582,1.0,0.0
132589,0.0,1.0
132597,0.0,1.0
132604,0.0,1.0
132610,1.0,0.0
132618,1.0,0.0
132624,0.0,1.0
132630,0.0,1.0
132634,0.0,1.0
132641,0.0,1.0
132646,0.0,1.0
132662,0.0,1.0
132663,0.0,1.0
132664,0.0,1.0
132667,0.0,1.0
132670,0.0,1.0
132676,0.0,1.0
132692,0.0,1.0
132707,0.0,1.0
132708,0.0,1.0
132713,0.0,1.0
132714,0.0,1.0
132717,0.0,1.0
132725,0.0,1.0
132732,0.0,1.0
132733,0.0,1.0
132736,0.0,1.0
132737,0.0,1.0
132748,1.0,0.0
132749,0.0,1.0
132759,1.0,0.0
132774,1.0,0.0
132775,0.0,1.0
132778,0.0,1.0
132787,0.0,1.0
132795,0.0,1.0
132805,0.0,1.0
132818,0.0,1.0
132819,0.0,1.0
132822,0.0,1.0
132832,0.0,1.0
132834,0.0,1.0
132838,0.0,1.0
132839,0.0,1.0
132849,0.0,1.0
132851,0.0,1.0
132857,0.0,1.0
132870,0.0,1.0
132872,0.0,1.0
132877,0.0,1.0
132881,1.0,0.0
132883,0.0,1.0
132889,0.0,1.0
132890,0.0,1.0
132892,0.0,1.0
132899,0.0,1.0
132917,0.0,1.0
132921,0.0,1.0
132923,1.0,0.0
132933,1.0,0.0
132936,0.0,1.0
132944,1.0,0.0
132945,0.0,1.0
132952,0.0,1.0
132956,1.0,0.0
132964,0.0,1.0
132969,0.0,1.0
132971,1.0,0.0
132975,0.0,1.0
132980,1.0,0.0
132983,0.0,1.0
132985,0.0,1.0
132989,0.0,1.0
132996,0.0,1.0
133012,0.0,1.0
133014,0.0,1.0
133024,0.0,1.0
133034,0.0,1.0
133036,0.0,1.0
133038,0.0,1.0
133041,0.0,1.0
133044,0.0,1.0
133055,0.0,1.0
133059,1.0,0.0
133066,0.0,1.0
133072,1.0,0.0
133085,0.0,1.0
133087,1.0,0.0
133097,0.0,1.0
133099,0.0,1.0
133102,1.0,0.0
133105,0.0,1.0
133111,0.0,1.0
133118,0.0,1.0
133119,0.0,1.0
133134,0.0,1.0
133135,0.0,1.0
133142,0.0,1.0
133144,0.0,1.0
133145,0.0,1.0
133148,1.0,0.0
133153,0.0,1.0
133172,0.0,1.0
133173,1.0,0.0
133177,0.0,1.0
133178,0.0,1.0
133184,0.0,1.0
133185,1.0,0.0
133186,1.0,0.0
133190,0.0,1.0
133197,0.0,1.0
133199,1.0,0.0
133209,0.0,1.0
133212,1.0,0.0
133220,1.0,0.0
133233,0.0,1.0
133241,0.0,1.0
133250,0.0,1.0
133255,0.0,1.0
133260,0.0,1.0
133266,0.0,1.0
133270,0.0,1.0
133275,0.0,1.0
133282,0.0,1.0
133307,0.0,1.0
133323,0.0,1.0
133334,0.0,1.0
133343,0.0,1.0
133349,0.0,1.0
133354,0.0,1.0
133355,0.0,1.0
133364,0.0,1.0
133367,0.0,1.0
133380,1.0,0.0
133387,0.0,1.0
133388,0.0,1.0
133390,1.0,0.0
133395,1.0,0.0
133396,0.0,1.0
133400,0.0,1.0
133415,0.0,1.0
133418,0.0,1.0
133426,0.0,1.0
133437,1.0,0.0
133440,0.0,1.0
133442,1.0,0.0
133454,0.0,1.0
133495,0.0,1.0
133496,0.0,1.0
133498,1.0,0.0
133502,0.0,1.0
133509,0.0,1.0
133523,0.0,1.0
133524,0.0,1.0
133545,0.0,1.0
133549,0.0,1.0
133564,0.0,1.0
133566,1.0,0.0
133573,0.0,1.0
133596,0.0,1.0
133598,1.0,0.0
133604,0.0,1.0
133613,0.0,1.0
133620,0.0,1.0
133623,0.0,1.0
133628,0.0,1.0
133629,0.0,1.0
133634,1.0,0.0
133637,0.0,1.0
133642,0.0,1.0
133643,0.0,1.0
133652,0.0,1.0
133668,0.0,1.0
133669,0.0,1.0
133672,0.0,1.0
133673,0.0,1.0
133678,0.0,1.0
133679,1.0,0.0
133680,0.0,1.0
133692,1.0,0.0
133704,0.0,1.0
133707,0.0,1.0
133713,0.0,1.0
133714,0.0,1.0
133722,0.0,1.0
133723,0.0,1.0
133734,0.0,1.0
133738,0.0,1.0
133743,0.0,1.0
133752,0.0,1.0
133760,0.0,1.0
133789,0.0,1.0
133796,0.0,1.0
133801,1.0,0.0
133813,0.0,1.0
133814,0.0,1.0
133819,0.0,1.0
133834,0.0,1.0
133837,0.0,1.0
133841,0.0,1.0
133856,0.0,1.0
133858,0.0,1.0
133871,0.0,1.0
133873,0.0,1.0
133903,0.0,1.0
133914,0.0,1.0
133921,0.0,1.0
133926,0.0,1.0
133928,0.0,1.0
133934,0.0,1.0
133935,1.0,0.0
133937,0.0,1.0
133947,0.0,1.0
133961,0.0,1.0
133969,0.0,1.0
134000,0.0,1.0
134008,0.0,1.0
134010,0.0,1.0
134015,0.0,1.0
134021,0.0,1.0
134034,1.0,0.0
134039,0.0,1.0
134041,0.0,1.0
134042,0.0,1.0
134046,0.0,1.0
134047,0.0,1.0
134049,0.0,1.0
134050,0.0,1.0
134055,0.0,1.0
134063,0.0,1.0
134071,0.0,1.0
134076,0.0,1.0
134078,0.0,1.0
134081,0.0,1.0
134089,0.0,1.0
134092,0.0,1.0
134102,0.0,1.0
134111,0.0,1.0
134127,1.0,0.0
134131,0.0,1.0
134149,0.0,1.0
134212,0.0,1.0
134219,0.0,1.0
134225,1.0,0.0
134241,1.0,0.0
134244,0.0,1.0
134248,0.0,1.0
134255,0.0,1.0
134258,0.0,1.0
134272,0.0,1.0
134276,0.0,1.0
134283,0.0,1.0
134294,0.0,1.0
134296,0.0,1.0
134303,0.0,1.0
134306,1.0,0.0
134311,0.0,1.0
134337,0.0,1.0
134349,0.0,1.0
134352,0.0,1.0
134354,0.0,1.0
134355,0.0,1.0
134357,1.0,0.0
134366,1.0,0.0
134377,0.0,1.0
134379,1.0,0.0
134381,0.0,1.0
134388,0.0,1.0
134397,0.0,1.0
134407,1.0,0.0
134412,0.0,1.0
134422,0.0,1.0
134423,0.0,1.0
134425,1.0,0.0
134428,0.0,1.0
134432,0.0,1.0
134438,0.0,1.0
134442,0.0,1.0
134443,0.0,1.0
134454,0.0,1.0
134456,1.0,0.0
134458,1.0,0.0
134470,0.0,1.0
134476,0.0,1.0
134480,1.0,0.0
134483,0.0,1.0
134484,0.0,1.0
134492,1.0,0.0
134510,0.0,1.0
134520,0.0,1.0
134528,0.0,1.0
134535,0.0,1.0
134554,0.0,1.0
134557,0.0,1.0
134560,0.0,1.0
134564,0.0,1.0
134567,0.0,1.0
134579,0.0,1.0
134588,0.0,1.0
134597,1.0,0.0
134599,1.0,0.0
134615,0.0,1.0
134616,0.0,1.0
134633,0.0,1.0
134636,0.0,1.0
134639,1.0,0.0
134644,0.0,1.0
134650,0.0,1.0
134657,0.0,1.0
134662,0.0,1.0
134664,0.0,1.0
134666,0.0,1.0
134668,0.0,1.0
134674,0.0,1.0
134677,0.0,1.0
134696,0.0,1.0
134701,0.0,1.0
134737,0.0,1.0
134769,0.0,1.0
134774,0.0,1.0
134775,0.0,1.0
134780,0.0,1.0
134783,0.0,1.0
134786,0.0,1.0
134787,0.0,1.0
134795,0.0,1.0
134799,0.0,1.0
134803,0.0,1.0
134804,0.0,1.0
134805,0.0,1.0
134812,0.0,1.0
134817,0.0,1.0
134827,0.0,1.0
134832,0.0,1.0
134833,1.0,0.0
134842,0.0,1.0
134843,0.0,1.0
134856,1.0,0.0
134858,0.0,1.0
134860,1.0,0.0
134864,0.0,1.0
134872,0.0,1.0
134877,0.0,1.0
134880,0.0,1.0
134889,0.0,1.0
134891,0.0,1.0
134894,0.0,1.0
134895,0.0,1.0
134902,0.0,1.0
134917,0.0,1.0
134936,0.0,1.0
134941,1.0,0.0
134944,0.0,1.0
134946,0.0,1.0
134949,1.0,0.0
134954,0.0,1.0
134961,0.0,1.0
134975,0.0,1.0
134983,1.0,0.0
134990,0.0,1.0
134991,0.0,1.0
135005,0.0,1.0
135007,1.0,0.0
135011,0.0,1.0
135012,0.0,1.0
135015,0.0,1.0
135016,0.0,1.0
135018,0.0,1.0
135022,0.0,1.0
135033,0.0,1.0
135036,1.0,0.0
135042,0.0,1.0
135071,0.0,1.0
135074,0.0,1.0
135075,0.0,1.0
135077,0.0,1.0
135078,0.0,1.0
135089,0.0,1.0
135102,0.0,1.0
135112,1.0,0.0
135117,1.0,0.0
135119,0.0,1.0
135122,0.0,1.0
135136,0.0,1.0
135138,0.0,1.0
135151,0.0,1.0
135157,0.0,1.0
135164,0.0,1.0
135176,0.0,1.0
135200,0.0,1.0
135201,0.0,1.0
135213,0.0,1.0
135218,0.0,1.0
135237,0.0,1.0
135239,0.0,1.0
135240,0.0,1.0
135250,0.0,1.0
135268,0.0,1.0
135270,0.0,1.0
135271,0.0,1.0
135297,0.0,1.0
135300,0.0,1.0
135304,1.0,0.0
135311,0.0,1.0
135317,0.0,1.0
135334,0.0,1.0
135337,0.0,1.0
135345,0.0,1.0
135347,1.0,0.0
135351,0.0,1.0
135354,0.0,1.0
135375,0.0,1.0
135383,0.0,1.0
135385,0.0,1.0
135386,0.0,1.0
135387,0.0,1.0
135391,0.0,1.0
135395,0.0,1.0
135400,0.0,1.0
135411,0.0,1.0
135414,0.0,1.0
135422,0.0,1.0
135425,0.0,1.0
135426,0.0,1.0
135428,0.0,1.0
135430,0.0,1.0
135432,0.0,1.0
135433,0.0,1.0
135446,1.0,0.0
135452,0.0,1.0
135461,0.0,1.0
135467,0.0,1.0
135469,0.0,1.0
135480,0.0,1.0
135484,0.0,1.0
135490,0.0,1.0
135507,0.0,1.0
135516,1.0,0.0
135518,0.0,1.0
135519,0.0,1.0
135523,0.0,1.0
135525,0.0,1.0
135538,0.0,1.0
135539,1.0,0.0
135545,1.0,0.0
135551,0.0,1.0
135560,0.0,1.0
135569,0.0,1.0
135571,0.0,1.0
135573,0.0,1.0
135581,0.0,1.0
135585,0.0,1.0
135588,0.0,1.0
135590,0.0,1.0
135591,0.0,1.0
135598,0.0,1.0
135600,0.0,1.0
135607,0.0,1.0
135611,0.0,1.0
135622,0.0,1.0
135634,0.0,1.0
135636,0.0,1.0
135640,0.0,1.0
135648,1.0,0.0
135649,0.0,1.0
135653,0.0,1.0
135657,0.0,1.0
135659,0.0,1.0
135674,0.0,1.0
135679,0.0,1.0
135686,1.0,0.0
135702,0.0,1.0
135710,0.0,1.0
135711,0.0,1.0
135712,0.0,1.0
135713,0.0,1.0
135715,1.0,0.0
135732,0.0,1.0
135751,0.0,1.0
135765,1.0,0.0
135768,1.0,0.0
135777,1.0,0.0
135789,0.0,1.0
135797,0.0,1.0
135804,1.0,0.0
135813,0.0,1.0
135815,0.0,1.0
135820,0.0,1.0
135836,0.0,1.0
135871,0.0,1.0
135881,1.0,0.0
135883,0.0,1.0
135886,1.0,0.0
135888,0.0,1.0
135900,0.0,1.0
135919,0.0,1.0
135921,1.0,0.0
135930,0.0,1.0
135940,0.0,1.0
135952,0.0,1.0
135956,0.0,1.0
135973,1.0,0.0
135984,0.0,1.0
135988,0.0,1.0
135992,0.0,1.0
135993,0.0,1.0
135997,0.0,1.0
136001,0.0,1.0
136013,0.0,1.0
136014,0.0,1.0
136020,0.0,1.0
136022,0.0,1.0
136025,0.0,1.0
136026,0.0,1.0
136032,0.0,1.0
136038,0.0,1.0
136044,0.0,1.0
136050,0.0,1.0
136071,0.0,1.0
136072,0.0,1.0
136073,0.0,1.0
136074,0.0,1.0
136080,0.0,1.0
136086,0.0,1.0
136092,0.0,1.0
136099,0.0,1.0
136101,0.0,1.0
136108,0.0,1.0
136109,1.0,0.0
136115,0.0,1.0
136129,1.0,0.0
136130,0.0,1.0
136133,0.0,1.0
136141,0.0,1.0
136146,0.0,1.0
136153,0.0,1.0
136155,0.0,1.0
136161,0.0,1.0
136164,0.0,1.0
136166,0.0,1.0
136170,0.0,1.0
136194,0.0,1.0
136195,0.0,1.0
136208,0.0,1.0
136215,1.0,0.0
136216,0.0,1.0
136217,1.0,0.0
136223,0.0,1.0
136228,0.0,1.0
136231,0.0,1.0
136232,0.0,1.0
136233,0.0,1.0
136238,0.0,1.0
136243,0.0,1.0
136246,0.0,1.0
136250,0.0,1.0
136251,0.0,1.0
136257,0.0,1.0
136259,0.0,1.0
136261,0.0,1.0
136266,0.0,1.0
136270,0.0,1.0
136274,1.0,0.0
136287,1.0,0.0
136293,1.0,0.0
136294,0.0,1.0
136297,0.0,1.0
136305,0.0,1.0
136313,0.0,1.0
136315,0.0,1.0
136326,0.0,1.0
136328,0.0,1.0
136339,1.0,0.0
136343,0.0,1.0
136352,0.0,1.0
136355,0.0,1.0
136358,0.0,1.0
136361,0.0,1.0
136362,0.0,1.0
136377,0.0,1.0
136379,0.0,1.0
136380,1.0,0.0
136381,0.0,1.0
136400,0.0,1.0
136401,0.0,1.0
136408,0.0,1.0
136410,0.0,1.0
136415,0.0,1.0
136418,0.0,1.0
136421,0.0,1.0
136422,0.0,1.0
136425,0.0,1.0
136428,0.0,1.0
136440,1.0,0.0
136454,0.0,1.0
136455,0.0,1.0
136467,1.0,0.0
136478,0.0,1.0
136483,0.0,1.0
136485,0.0,1.0
136488,1.0,0.0
136493,0.0,1.0
136497,1.0,0.0
136501,0.0,1.0
136519,0.0,1.0
136521,0.0,1.0
136522,0.0,1.0
136541,0.0,1.0
136547,0.0,1.0
136558,1.0,0.0
136561,0.0,1.0
136565,0.0,1.0
136580,0.0,1.0
136583,0.0,1.0
136584,0.0,1.0
136587,0.0,1.0
136588,0.0,1.0
136589,0.0,1.0
136593,0.0,1.0
136603,0.0,1.0
136608,0.0,1.0
136613,1.0,0.0
136621,1.0,0.0
136648,0.0,1.0
136653,0.0,1.0
136654,0.0,1.0
136672,0.0,1.0
136673,0.0,1.0
136691,0.0,1.0
136702,0.0,1.0
136705,0.0,1.0
136706,0.0,1.0
136715,0.0,1.0
136733,0.0,1.0
136739,0.0,1.0
136743,1.0,0.0
136750,0.0,1.0
136751,0.0,1.0
136754,0.0,1.0
136763,0.0,1.0
136767,1.0,0.0
136769,0.0,1.0
136770,0.0,1.0
136771,0.0,1.0
136790,0.0,1.0
136794,0.0,1.0
136800,1.0,0.0
136805,0.0,1.0
136810,0.0,1.0
136813,0.0,1.0
136824,0.0,1.0
136826,0.0,1.0
136836,0.0,1.0
136839,0.0,1.0
136842,0.0,1.0
136851,0.0,1.0
136855,1.0,0.0
136867,0.0,1.0
136869,0.0,1.0
136870,0.0,1.0
136876,0.0,1.0
136877,0.0,1.0
136878,0.0,1.0
136882,0.0,1.0
136883,1.0,0.0
136899,0.0,1.0
136910,0.0,1.0
136916,1.0,0.0
136918,0.0,1.0
136929,0.0,1.0
136932,1.0,0.0
136934,0.0,1.0
136937,0.0,1.0
136939,0.0,1.0
136941,0.0,1.0
136943,0.0,1.0
136949,0.0,1.0
136954,0.0,1.0
136956,0.0,1.0
136963,1.0,0.0
136965,0.0,1.0
136970,0.0,1.0
136971,0.0,1.0
136981,0.0,1.0
136985,0.0,1.0
136992,0.0,1.0
136994,0.0,1.0
136998,0.0,1.0
137002,0.0,1.0
137008,0.0,1.0
137009,0.0,1.0
137011,0.0,1.0
137013,0.0,1.0
137017,0.0,1.0
137025,0.0,1.0
137032,0.0,1.0
137033,0.0,1.0
137061,0.0,1.0
137063,0.0,1.0
137065,0.0,1.0
137068,0.0,1.0
137075,0.0,1.0
137077,0.0,1.0
137087,0.0,1.0
137089,0.0,1.0
137106,0.0,1.0
137115,0.0,1.0
137137,0.0,1.0
137138,0.0,1.0
137139,0.0,1.0
137140,0.0,1.0
137152,0.0,1.0
137159,0.0,1.0
137160,0.0,1.0
137163,0.0,1.0
137173,1.0,0.0
137179,1.0,0.0
137185,0.0,1.0
137199,0.0,1.0
137201,0.0,1.0
137210,0.0,1.0
137218,0.0,1.0
137219,0.0,1.0
137225,0.0,1.0
137228,0.0,1.0
137233,0.0,1.0
137234,0.0,1.0
137237,0.0,1.0
137242,0.0,1.0
137246,0.0,1.0
137260,0.0,1.0
137280,0.0,1.0
137281,1.0,0.0
137285,0.0,1.0
137287,1.0,0.0
137292,0.0,1.0
137297,1.0,0.0
137301,0.0,1.0
137316,0.0,1.0
137321,0.0,1.0
137323,0.0,1.0
137327,0.0,1.0
137329,0.0,1.0
137334,0.0,1.0
137338,1.0,0.0
137357,1.0,0.0
137363,0.0,1.0
137372,0.0,1.0
137381,0.0,1.0
137382,0.0,1.0
137383,0.0,1.0
137389,0.0,1.0
137399,0.0,1.0
137402,0.0,1.0
137411,1.0,0.0
137412,0.0,1.0
137415,0.0,1.0
137423,0.0,1.0
137442,0.0,1.0
137453,1.0,0.0
137460,0.0,1.0
137468,0.0,1.0
137484,0.0,1.0
137487,0.0,1.0
137488,0.0,1.0
137498,0.0,1.0
137502,0.0,1.0
137513,0.0,1.0
137529,0.0,1.0
137541,0.0,1.0
137543,0.0,1.0
137549,1.0,0.0
137568,0.0,1.0
137585,0.0,1.0
137596,0.0,1.0
137603,0.0,1.0
137604,0.0,1.0
137606,0.0,1.0
137614,1.0,0.0
137615,0.0,1.0
137622,0.0,1.0
137624,0.0,1.0
137630,0.0,1.0
137645,0.0,1.0
137647,0.0,1.0
137651,0.0,1.0
137658,0.0,1.0
137662,0.0,1.0
137670,0.0,1.0
137674,1.0,0.0
137688,0.0,1.0
137691,0.0,1.0
137696,0.0,1.0
137704,0.0,1.0
137705,0.0,1.0
137709,1.0,0.0
137710,0.0,1.0
137719,0.0,1.0
137727,0.0,1.0
137730,0.0,1.0
137739,0.0,1.0
137743,0.0,1.0
137745,0.0,1.0
137748,0.0,1.0
137751,0.0,1.0
137755,0.0,1.0
137764,0.0,1.0
137769,0.0,1.0
137774,0.0,1.0
137789,0.0,1.0
137790,0.0,1.0
137807,0.0,1.0
137815,0.0,1.0
137817,0.0,1.0
137821,1.0,0.0
137831,0.0,1.0
137837,0.0,1.0
137845,0.0,1.0
137855,0.0,1.0
137885,0.0,1.0
137888,0.0,1.0
137889,0.0,1.0
137890,0.0,1.0
137897,0.0,1.0
137901,0.0,1.0
137906,0.0,1.0
137910,0.0,1.0
137915,0.0,1.0
137918,0.0,1.0
137927,0.0,1.0
137938,0.0,1.0
137942,0.0,1.0
137951,0.0,1.0
137955,0.0,1.0
137956,0.0,1.0
137957,0.0,1.0
137972,1.0,0.0
137974,0.0,1.0
137976,1.0,0.0
137982,0.0,1.0
137987,0.0,1.0
137989,1.0,0.0
137991,0.0,1.0
137996,0.0,1.0
138006,1.0,0.0
138007,0.0,1.0
138008,0.0,1.0
138019,1.0,0.0
138024,0.0,1.0
138042,1.0,0.0
138050,1.0,0.0
138064,1.0,0.0
138075,1.0,0.0
138082,0.0,1.0
138088,0.0,1.0
138090,0.0,1.0
138094,0.0,1.0
138102,0.0,1.0
138117,0.0,1.0
138125,0.0,1.0
138133,0.0,1.0
138136,0.0,1.0
138137,0.0,1.0
138157,0.0,1.0
138167,0.0,1.0
138173,1.0,0.0
138174,0.0,1.0
138181,0.0,1.0
138189,0.0,1.0
138204,0.0,1.0
138211,0.0,1.0
138212,0.0,1.0
138213,0.0,1.0
138214,0.0,1.0
138223,0.0,1.0
138240,0.0,1.0
138242,0.0,1.0
138258,0.0,1.0
138260,0.0,1.0
138262,1.0,0.0
138268,0.0,1.0
138270,0.0,1.0
138292,0.0,1.0
138304,0.0,1.0
138318,0.0,1.0
138329,0.0,1.0
138330,0.0,1.0
138331,1.0,0.0
138341,0.0,1.0
138346,0.0,1.0
138359,0.0,1.0
138368,0.0,1.0
138379,1.0,0.0
138390,0.0,1.0
138393,0.0,1.0
138402,0.0,1.0
138413,0.0,1.0
138421,0.0,1.0
138422,0.0,1.0
138428,0.0,1.0
138429,0.0,1.0
138430,0.0,1.0
138432,0.0,1.0
138443,0.0,1.0
138451,0.0,1.0
138452,0.0,1.0
138460,0.0,1.0
138465,0.0,1.0
138468,0.0,1.0
138470,0.0,1.0
138471,0.0,1.0
138478,0.0,1.0
138480,0.0,1.0
138484,0.0,1.0
138490,0.0,1.0
138498,0.0,1.0
138502,1.0,0.0
138505,1.0,0.0
138507,0.0,1.0
138516,0.0,1.0
138551,0.0,1.0
138557,0.0,1.0
138564,0.0,1.0
138565,0.0,1.0
138566,1.0,0.0
138569,0.0,1.0
138576,0.0,1.0
138580,1.0,0.0
138590,0.0,1.0
138593,0.0,1.0
138621,0.0,1.0
138625,0.0,1.0
138645,1.0,0.0
138661,0.0,1.0
138670,0.0,1.0
138673,0.0,1.0
138677,0.0,1.0
138678,0.0,1.0
138690,0.0,1.0
138693,0.0,1.0
138700,0.0,1.0
138710,0.0,1.0
138713,0.0,1.0
138716,0.0,1.0
138721,0.0,1.0
138722,0.0,1.0
138734,0.0,1.0
138739,0.0,1.0
138749,0.0,1.0
138770,0.0,1.0
138778,0.0,1.0
138782,0.0,1.0
138798,0.0,1.0
138811,0.0,1.0
138815,0.0,1.0
138825,0.0,1.0
138831,0.0,1.0
138832,0.0,1.0
138837,0.0,1.0
138845,0.0,1.0
138847,0.0,1.0
138856,0.0,1.0
138863,0.0,1.0
138865,0.0,1.0
138874,0.0,1.0
138883,0.0,1.0
138886,0.0,1.0
138895,1.0,0.0
138928,0.0,1.0
138931,0.0,1.0
138939,0.0,1.0
138944,0.0,1.0
138949,0.0,1.0
138951,0.0,1.0
138955,0.0,1.0
138964,0.0,1.0
138975,0.0,1.0
138985,0.0,1.0
138986,0.0,1.0
138989,0.0,1.0
138992,0.0,1.0
139001,0.0,1.0
139006,0.0,1.0
139014,0.0,1.0
139015,0.0,1.0
139017,0.0,1.0
139028,1.0,0.0
139030,0.0,1.0
139032,1.0,0.0
139043,0.0,1.0
139051,0.0,1.0
139054,0.0,1.0
139078,0.0,1.0
139090,0.0,1.0
139091,1.0,0.0
139094,0.0,1.0
139113,0.0,1.0
139117,0.0,1.0
139118,0.0,1.0
139120,0.0,1.0
139121,0.0,1.0
139139,0.0,1.0
139146,0.0,1.0
139148,0.0,1.0
139149,0.0,1.0
139155,0.0,1.0
139158,0.0,1.0
139162,1.0,0.0
139170,0.0,1.0
139184,0.0,1.0
139197,0.0,1.0
139204,0.0,1.0
139205,0.0,1.0
139211,0.0,1.0
139213,0.0,1.0
139217,0.0,1.0
139232,0.0,1.0
139238,0.0,1.0
139239,0.0,1.0
139241,0.0,1.0
139247,0.0,1.0
139248,0.0,1.0
139250,0.0,1.0
139256,0.0,1.0
139263,1.0,0.0
139266,0.0,1.0
139270,1.0,0.0
139277,0.0,1.0
139280,1.0,0.0
139283,0.0,1.0
139287,1.0,0.0
139295,0.0,1.0
139296,0.0,1.0
139297,1.0,0.0
139316,0.0,1.0
139321,0.0,1.0
139322,0.0,1.0
139340,0.0,1.0
139346,0.0,1.0
139349,0.0,1.0
139360,0.0,1.0
139361,0.0,1.0
139362,0.0,1.0
139366,0.0,1.0
139373,0.0,1.0
139374,0.0,1.0
139380,0.0,1.0
139382,0.0,1.0
139383,0.0,1.0
139389,1.0,0.0
139405,0.0,1.0
139406,0.0,1.0
139418,1.0,0.0
139420,1.0,0.0
139422,0.0,1.0
139436,0.0,1.0
139437,0.0,1.0
139442,0.0,1.0
139449,0.0,1.0
139453,1.0,0.0
139456,0.0,1.0
139476,0.0,1.0
139480,0.0,1.0
139497,0.0,1.0
139499,0.0,1.0
139500,0.0,1.0
139502,0.0,1.0
139503,0.0,1.0
139506,0.0,1.0
139515,0.0,1.0
139520,0.0,1.0
139521,0.0,1.0
139522,0.0,1.0
139533,1.0,0.0
139534,0.0,1.0
139536,0.0,1.0
139540,0.0,1.0
139541,0.0,1.0
139542,0.0,1.0
139554,0.0,1.0
139557,1.0,0.0
139558,0.0,1.0
139563,1.0,0.0
139580,0.0,1.0
139585,0.0,1.0
139589,0.0,1.0
139596,1.0,0.0
139601,0.0,1.0
139608,0.0,1.0
139618,0.0,1.0
139621,0.0,1.0
139623,0.0,1.0
139627,0.0,1.0
139634,0.0,1.0
139640,1.0,0.0
139643,0.0,1.0
139649,0.0,1.0
139655,0.0,1.0
139662,0.0,1.0
139673,0.0,1.0
139678,0.0,1.0
139681,0.0,1.0
139683,0.0,1.0
139692,0.0,1.0
139697,0.0,1.0
139699,0.0,1.0
139710,0.0,1.0
139711,0.0,1.0
139718,0.0,1.0
139723,1.0,0.0
139724,0.0,1.0
139727,0.0,1.0
139729,0.0,1.0
139733,0.0,1.0
139735,0.0,1.0
139738,1.0,0.0
139740,0.0,1.0
139755,0.0,1.0
139774,0.0,1.0
139788,0.0,1.0
139790,0.0,1.0
139794,0.0,1.0
139797,0.0,1.0
139810,0.0,1.0
139824,0.0,1.0
139831,0.0,1.0
139832,0.0,1.0
139838,1.0,0.0
139839,0.0,1.0
139843,0.0,1.0
139868,0.0,1.0
139871,0.0,1.0
139872,1.0,0.0
139873,0.0,1.0
139900,0.0,1.0
139901,0.0,1.0
139917,0.0,1.0
139919,0.0,1.0
139922,0.0,1.0
139928,0.0,1.0
139936,0.0,1.0
139937,0.0,1.0
139938,0.0,1.0
139946,0.0,1.0
139953,0.0,1.0
139958,0.0,1.0
139981,0.0,1.0
139985,0.0,1.0
139987,0.0,1.0
139991,0.0,1.0
139996,0.0,1.0
139997,0.0,1.0
140026,0.0,1.0
140027,0.0,1.0
140037,0.0,1.0
140040,1.0,0.0
140044,0.0,1.0
140051,0.0,1.0
140066,0.0,1.0
140080,0.0,1.0
140085,0.0,1.0
140093,0.0,1.0
140097,0.0,1.0
140100,1.0,0.0
140105,0.0,1.0
140112,1.0,0.0
140119,0.0,1.0
140122,0.0,1.0
140135,0.0,1.0
140150,0.0,1.0
140151,1.0,0.0
140153,0.0,1.0
140168,1.0,0.0
140170,0.0,1.0
140172,0.0,1.0
140176,0.0,1.0
140177,1.0,0.0
140181,0.0,1.0
140183,0.0,1.0
140203,0.0,1.0
140204,1.0,0.0
140220,0.0,1.0
140223,0.0,1.0
140241,0.0,1.0
140243,0.0,1.0
140246,0.0,1.0
140251,1.0,0.0
140257,0.0,1.0
140263,0.0,1.0
140273,0.0,1.0
140275,1.0,0.0
140277,0.0,1.0
140282,1.0,0.0
140292,0.0,1.0
140297,0.0,1.0
140307,0.0,1.0
140315,0.0,1.0
140318,1.0,0.0
140322,0.0,1.0
140329,0.0,1.0
140333,0.0,1.0
140345,0.0,1.0
140363,0.0,1.0
140364,0.0,1.0
140379,0.0,1.0
140383,0.0,1.0
140391,0.0,1.0
140394,0.0,1.0
140396,0.0,1.0
140401,0.0,1.0
140403,1.0,0.0
140407,0.0,1.0
140408,0.0,1.0
140415,0.0,1.0
140419,0.0,1.0
140423,0.0,1.0
140438,0.0,1.0
140443,0.0,1.0
140447,1.0,0.0
140448,0.0,1.0
140453,1.0,0.0
140454,0.0,1.0
140455,0.0,1.0
140459,0.0,1.0
140461,0.0,1.0
140466,0.0,1.0
140467,0.0,1.0
140470,0.0,1.0
140490,0.0,1.0
140498,0.0,1.0
140500,1.0,0.0
140507,1.0,0.0
140512,0.0,1.0
140514,0.0,1.0
140519,0.0,1.0
140521,0.0,1.0
140523,0.0,1.0
140525,0.0,1.0
140530,0.0,1.0
140540,0.0,1.0
140541,0.0,1.0
140547,0.0,1.0
140560,0.0,1.0
140590,0.0,1.0
140592,0.0,1.0
140594,0.0,1.0
140611,1.0,0.0
140615,0.0,1.0
140621,0.0,1.0
140630,0.0,1.0
140634,1.0,0.0
140635,1.0,0.0
140637,0.0,1.0
140653,0.0,1.0
140657,0.0,1.0
140660,0.0,1.0
140664,0.0,1.0
140678,1.0,0.0
140685,0.0,1.0
140687,0.0,1.0
140700,0.0,1.0
140704,0.0,1.0
140714,0.0,1.0
140741,0.0,1.0
140745,0.0,1.0
140752,0.0,1.0
140755,1.0,0.0
140782,0.0,1.0
140783,0.0,1.0
140795,0.0,1.0
140806,0.0,1.0
140814,0.0,1.0
140820,0.0,1.0
140829,0.0,1.0
140831,0.0,1.0
140834,0.0,1.0
140838,0.0,1.0
140841,0.0,1.0
140847,0.0,1.0
140853,0.0,1.0
140857,0.0,1.0
140866,0.0,1.0
140873,0.0,1.0
140891,0.0,1.0
140905,0.0,1.0
140906,0.0,1.0
140908,0.0,1.0
140909,0.0,1.0
140913,0.0,1.0
140932,0.0,1.0
140934,0.0,1.0
140935,0.0,1.0
140940,0.0,1.0
140948,1.0,0.0
140952,0.0,1.0
140958,0.0,1.0
140960,1.0,0.0
140976,1.0,0.0
140984,0.0,1.0
140994,0.0,1.0
140998,1.0,0.0
140999,0.0,1.0
141001,0.0,1.0
141004,0.0,1.0
141014,0.0,1.0
141029,1.0,0.0
141030,0.0,1.0
141038,0.0,1.0
141045,1.0,0.0
141051,0.0,1.0
141054,0.0,1.0
141058,0.0,1.0
141065,0.0,1.0
141075,0.0,1.0
141086,0.0,1.0
141099,0.0,1.0
141107,0.0,1.0
141110,0.0,1.0
141119,0.0,1.0
141121,1.0,0.0
141133,0.0,1.0
141136,0.0,1.0
141137,1.0,0.0
141148,0.0,1.0
141152,0.0,1.0
141157,0.0,1.0
141161,0.0,1.0
141162,0.0,1.0
141168,0.0,1.0
141172,0.0,1.0
141173,0.0,1.0
141177,0.0,1.0
141179,0.0,1.0
141188,0.0,1.0
141189,0.0,1.0
141191,0.0,1.0
141197,0.0,1.0
141200,0.0,1.0
141204,0.0,1.0
141223,0.0,1.0
141226,1.0,0.0
141227,0.0,1.0
141234,0.0,1.0
141238,0.0,1.0
141240,0.0,1.0
141244,0.0,1.0
141253,0.0,1.0
141256,0.0,1.0
141264,0.0,1.0
141267,0.0,1.0
141269,1.0,0.0
141278,0.0,1.0
141283,0.0,1.0
141286,0.0,1.0
141288,0.0,1.0
141289,0.0,1.0
141302,0.0,1.0
141310,0.0,1.0
141314,0.0,1.0
141323,0.0,1.0
141327,0.0,1.0
141328,0.0,1.0
141329,1.0,0.0
141331,0.0,1.0
141336,0.0,1.0
141338,0.0,1.0
141339,0.0,1.0
141342,0.0,1.0
141345,0.0,1.0
141355,0.0,1.0
141356,0.0,1.0
141372,0.0,1.0
141389,0.0,1.0
141391,0.0,1.0
141394,0.0,1.0
141398,0.0,1.0
141404,0.0,1.0
141408,0.0,1.0
141409,0.0,1.0
141419,0.0,1.0
141432,0.0,1.0
141435,1.0,0.0
141444,0.0,1.0
141445,1.0,0.0
141453,0.0,1.0
141454,1.0,0.0
141466,0.0,1.0
141477,0.0,1.0
141509,0.0,1.0
141518,1.0,0.0
141534,0.0,1.0
141547,0.0,1.0
141552,0.0,1.0
141564,1.0,0.0
141565,0.0,1.0
141570,0.0,1.0
141572,1.0,0.0
141574,1.0,0.0
141576,0.0,1.0
141592,0.0,1.0
141608,0.0,1.0
141631,0.0,1.0
141634,0.0,1.0
141637,0.0,1.0
141646,0.0,1.0
141650,0.0,1.0
141653,0.0,1.0
141655,0.0,1.0
141656,0.0,1.0
141658,0.0,1.0
141663,0.0,1.0
141666,0.0,1.0
141674,0.0,1.0
141676,1.0,0.0
141682,0.0,1.0
141686,0.0,1.0
141688,1.0,0.0
141690,0.0,1.0
141691,0.0,1.0
141692,0.0,1.0
141697,0.0,1.0
141719,1.0,0.0
141720,0.0,1.0
141722,0.0,1.0
141728,0.0,1.0
141736,0.0,1.0
141740,0.0,1.0
141753,0.0,1.0
141755,1.0,0.0
141759,0.0,1.0
141771,0.0,1.0
141774,0.0,1.0
141785,0.0,1.0
141788,0.0,1.0
141789,0.0,1.0
141790,1.0,0.0
141792,0.0,1.0
141798,0.0,1.0
141801,0.0,1.0
141807,0.0,1.0
141817,0.0,1.0
141819,1.0,0.0
141823,0.0,1.0
141829,0.0,1.0
141832,0.0,1.0
141833,0.0,1.0
141837,0.0,1.0
141843,0.0,1.0
141851,0.0,1.0
141856,0.0,1.0
141861,0.0,1.0
141864,0.0,1.0
141867,0.0,1.0
141877,0.0,1.0
141890,0.0,1.0
141895,1.0,0.0
141899,0.0,1.0
141903,0.0,1.0
141904,1.0,0.0
141907,0.0,1.0
141909,0.0,1.0
141910,0.0,1.0
141911,0.0,1.0
141915,0.0,1.0
141920,0.0,1.0
141930,0.0,1.0
141931,0.0,1.0
141934,0.0,1.0
141938,0.0,1.0
141943,0.0,1.0
141945,0.0,1.0
141949,0.0,1.0
141950,0.0,1.0
141954,0.0,1.0
141957,0.0,1.0
141959,0.0,1.0
141962,0.0,1.0
141963,0.0,1.0
141970,0.0,1.0
141990,0.0,1.0
142001,0.0,1.0
142025,0.0,1.0
142030,0.0,1.0
142031,0.0,1.0
142044,0.0,1.0
142050,0.0,1.0
142052,1.0,0.0
142053,1.0,0.0
142061,0.0,1.0
142067,0.0,1.0
142068,0.0,1.0
142088,1.0,0.0
142105,0.0,1.0
142122,0.0,1.0
142124,0.0,1.0
142127,0.0,1.0
142130,0.0,1.0
142131,0.0,1.0
142132,0.0,1.0
142138,0.0,1.0
142150,0.0,1.0
142163,1.0,0.0
142164,0.0,1.0
142168,1.0,0.0
142177,0.0,1.0
142179,0.0,1.0
142181,0.0,1.0
142187,0.0,1.0
142188,0.0,1.0
142198,0.0,1.0
142201,0.0,1.0
142203,0.0,1.0
142216,0.0,1.0
142218,0.0,1.0
142220,0.0,1.0
142227,1.0,0.0
142241,0.0,1.0
142254,0.0,1.0
142258,0.0,1.0
142266,0.0,1.0
142269,0.0,1.0
142276,0.0,1.0
142280,1.0,0.0
142281,0.0,1.0
142288,0.0,1.0
142299,0.0,1.0
142302,0.0,1.0
142306,0.0,1.0
142321,0.0,1.0
142325,0.0,1.0
142326,1.0,0.0
142336,0.0,1.0
142338,0.0,1.0
142341,0.0,1.0
142346,0.0,1.0
142348,0.0,1.0
142371,0.0,1.0
142385,0.0,1.0
142388,0.0,1.0
142401,0.0,1.0
142402,0.0,1.0
142404,0.0,1.0
142405,0.0,1.0
142411,0.0,1.0
142412,0.0,1.0
142425,1.0,0.0
142433,0.0,1.0
142436,0.0,1.0
142442,0.0,1.0
142444,0.0,1.0
142446,0.0,1.0
142447,0.0,1.0
142448,0.0,1.0
142450,1.0,0.0
142456,0.0,1.0
142468,0.0,1.0
142477,0.0,1.0
142487,0.0,1.0
142491,1.0,0.0
142496,1.0,0.0
142498,0.0,1.0
142500,0.0,1.0
142501,0.0,1.0
142508,0.0,1.0
142526,0.0,1.0
142528,0.0,1.0
142535,0.0,1.0
142541,0.0,1.0
142544,0.0,1.0
142545,0.0,1.0
142547,1.0,0.0
142553,0.0,1.0
142559,0.0,1.0
142564,0.0,1.0
142566,0.0,1.0
142569,0.0,1.0
142570,0.0,1.0
142577,0.0,1.0
142587,1.0,0.0
142596,0.0,1.0
142608,1.0,0.0
142610,0.0,1.0
142620,0.0,1.0
142627,0.0,1.0
142628,1.0,0.0
142631,1.0,0.0
142646,0.0,1.0
142656,1.0,0.0
142664,0.0,1.0
142670,1.0,0.0
142671,0.0,1.0
142675,0.0,1.0
142676,0.0,1.0
142682,0.0,1.0
142692,1.0,0.0
142705,0.0,1.0
142707,0.0,1.0
142708,0.0,1.0
142720,0.0,1.0
142722,0.0,1.0
142733,0.0,1.0
142736,1.0,0.0
142740,0.0,1.0
142743,0.0,1.0
142756,0.0,1.0
142759,1.0,0.0
142763,0.0,1.0
142776,0.0,1.0
142779,1.0,0.0
142781,0.0,1.0
142791,0.0,1.0
142795,1.0,0.0
142796,0.0,1.0
142806,0.0,1.0
142810,0.0,1.0
142811,1.0,0.0
142812,1.0,0.0
142817,0.0,1.0
142821,0.0,1.0
142824,0.0,1.0
142841,0.0,1.0
142842,0.0,1.0
142864,1.0,0.0
142869,1.0,0.0
142877,0.0,1.0
142881,0.0,1.0
142888,0.0,1.0
142899,0.0,1.0
142901,0.0,1.0
142912,0.0,1.0
142919,0.0,1.0
142921,0.0,1.0
142926,0.0,1.0
142949,0.0,1.0
142955,0.0,1.0
142956,0.0,1.0
142959,0.0,1.0
142971,0.0,1.0
142973,0.0,1.0
142976,0.0,1.0
142980,0.0,1.0
142986,0.0,1.0
142989,0.0,1.0
142993,0.0,1.0
142996,1.0,0.0
142999,0.0,1.0
143002,0.0,1.0
143005,0.0,1.0
143016,0.0,1.0
143019,0.0,1.0
143022,0.0,1.0
143032,0.0,1.0
143036,0.0,1.0
143045,0.0,1.0
143051,1.0,0.0
143053,0.0,1.0
143060,0.0,1.0
143067,0.0,1.0
143068,0.0,1.0
143070,0.0,1.0
143073,0.0,1.0
143080,0.0,1.0
143086,0.0,1.0
143095,0.0,1.0
143105,0.0,1.0
143112,0.0,1.0
143116,0.0,1.0
143117,0.0,1.0
143124,0.0,1.0
143125,0.0,1.0
143135,0.0,1.0
143140,0.0,1.0
143142,0.0,1.0
143143,1.0,0.0
143163,0.0,1.0
143166,0.0,1.0
143172,0.0,1.0
143177,0.0,1.0
143201,1.0,0.0
143206,1.0,0.0
143216,1.0,0.0
143228,0.0,1.0
143241,1.0,0.0
143249,0.0,1.0
143250,0.0,1.0
143252,0.0,1.0
143257,0.0,1.0
143267,0.0,1.0
143273,0.0,1.0
143287,1.0,0.0
143292,1.0,0.0
143297,0.0,1.0
143303,1.0,0.0
143310,0.0,1.0
143318,0.0,1.0
143320,0.0,1.0
143330,0.0,1.0
143332,1.0,0.0
143333,0.0,1.0
143334,1.0,0.0
143341,1.0,0.0
143345,0.0,1.0
143358,0.0,1.0
143362,0.0,1.0
143374,0.0,1.0
143389,0.0,1.0
143392,0.0,1.0
143395,0.0,1.0
143399,0.0,1.0
143402,0.0,1.0
143406,0.0,1.0
143418,0.0,1.0
143428,0.0,1.0
143429,0.0,1.0
143432,0.0,1.0
143447,1.0,0.0
143466,0.0,1.0
143482,0.0,1.0
143484,0.0,1.0
143486,0.0,1.0
143513,0.0,1.0
143518,0.0,1.0
143521,0.0,1.0
143524,1.0,0.0
143528,1.0,0.0
143535,0.0,1.0
143536,0.0,1.0
143540,1.0,0.0
143541,0.0,1.0
143552,0.0,1.0
143554,1.0,0.0
143566,0.0,1.0
143585,0.0,1.0
143586,1.0,0.0
143595,0.0,1.0
143596,0.0,1.0
143603,0.0,1.0
143611,0.0,1.0
143634,0.0,1.0
143635,0.0,1.0
143638,0.0,1.0
143640,0.0,1.0
143653,0.0,1.0
143654,0.0,1.0
143658,0.0,1.0
143667,0.0,1.0
143677,0.0,1.0
143686,0.0,1.0
143695,0.0,1.0
143697,0.0,1.0
143702,0.0,1.0
143722,0.0,1.0
143727,0.0,1.0
143730,0.0,1.0
143731,0.0,1.0
143739,0.0,1.0
143742,0.0,1.0
143749,0.0,1.0
143751,0.0,1.0
143755,0.0,1.0
143758,0.0,1.0
143763,0.0,1.0
143766,1.0,0.0
143767,0.0,1.0
143769,0.0,1.0
143778,0.0,1.0
143783,0.0,1.0
143790,0.0,1.0
143795,0.0,1.0
143803,0.0,1.0
143807,0.0,1.0
143809,0.0,1.0
143814,0.0,1.0
143816,0.0,1.0
143822,0.0,1.0
143823,0.0,1.0
143824,1.0,0.0
143830,0.0,1.0
143840,0.0,1.0
143848,0.0,1.0
143854,0.0,1.0
143859,0.0,1.0
143874,0.0,1.0
143884,0.0,1.0
143903,0.0,1.0
143912,0.0,1.0
143919,0.0,1.0
143949,0.0,1.0
143953,0.0,1.0
143961,0.0,1.0
143962,1.0,0.0
143966,0.0,1.0
143971,1.0,0.0
143972,0.0,1.0
143975,0.0,1.0
143980,0.0,1.0
143984,0.0,1.0
143985,0.0,1.0
143987,0.0,1.0
143991,0.0,1.0
143992,0.0,1.0
144025,0.0,1.0
144026,0.0,1.0
144042,0.0,1.0
144044,0.0,1.0
144051,0.0,1.0
144056,0.0,1.0
144057,0.0,1.0
144066,0.0,1.0
144087,0.0,1.0
144110,1.0,0.0
144116,0.0,1.0
144117,0.0,1.0
144127,0.0,1.0
144129,0.0,1.0
144136,0.0,1.0
144141,0.0,1.0
144152,0.0,1.0
144160,0.0,1.0
144161,0.0,1.0
144168,0.0,1.0
144171,1.0,0.0
144176,0.0,1.0
144179,0.0,1.0
144185,0.0,1.0
144190,0.0,1.0
144191,0.0,1.0
144197,0.0,1.0
144198,0.0,1.0
144199,1.0,0.0
144202,0.0,1.0
144214,0.0,1.0
144220,0.0,1.0
144227,1.0,0.0
144233,0.0,1.0
144237,0.0,1.0
144245,1.0,0.0
144258,0.0,1.0
144265,0.0,1.0
144267,0.0,1.0
144273,0.0,1.0
144275,0.0,1.0
144277,1.0,0.0
144281,0.0,1.0
144286,0.0,1.0
144288,0.0,1.0
144291,0.0,1.0
144296,0.0,1.0
144297,0.0,1.0
144301,0.0,1.0
144308,0.0,1.0
144329,0.0,1.0
144334,1.0,0.0
144356,1.0,0.0
144358,0.0,1.0
144369,0.0,1.0
144375,0.0,1.0
144388,0.0,1.0
144394,0.0,1.0
144401,0.0,1.0
144411,0.0,1.0
144412,0.0,1.0
144419,0.0,1.0
144421,0.0,1.0
144439,0.0,1.0
144459,0.0,1.0
144478,0.0,1.0
144479,1.0,0.0
144485,0.0,1.0
144488,0.0,1.0
144489,0.0,1.0
144501,0.0,1.0
144504,0.0,1.0
144506,1.0,0.0
144538,1.0,0.0
144540,0.0,1.0
144544,0.0,1.0
144551,0.0,1.0
144557,1.0,0.0
144563,0.0,1.0
144573,0.0,1.0
144574,0.0,1.0
144591,0.0,1.0
144596,0.0,1.0
144599,0.0,1.0
144601,0.0,1.0
144612,1.0,0.0
144618,0.0,1.0
144631,1.0,0.0
144634,0.0,1.0
144635,1.0,0.0
144642,0.0,1.0
144645,0.0,1.0
144659,1.0,0.0
144676,0.0,1.0
144685,0.0,1.0
144691,0.0,1.0
144693,0.0,1.0
144702,0.0,1.0
144703,0.0,1.0
144707,0.0,1.0
144711,0.0,1.0
144731,0.0,1.0
144743,0.0,1.0
144747,1.0,0.0
144748,1.0,0.0
144760,0.0,1.0
144765,1.0,0.0
144771,1.0,0.0
144777,1.0,0.0
144784,0.0,1.0
144811,0.0,1.0
144813,0.0,1.0
144818,0.0,1.0
144822,0.0,1.0
144824,0.0,1.0
144830,0.0,1.0
144833,0.0,1.0
144840,0.0,1.0
144842,1.0,0.0
144845,0.0,1.0
144851,0.0,1.0
144854,1.0,0.0
144859,0.0,1.0
144872,0.0,1.0
144885,0.0,1.0
144889,0.0,1.0
144894,0.0,1.0
144897,1.0,0.0
144904,0.0,1.0
144913,0.0,1.0
144920,0.0,1.0
144926,0.0,1.0
144931,0.0,1.0
144946,0.0,1.0
144948,0.0,1.0
144957,0.0,1.0
144959,0.0,1.0
144960,0.0,1.0
144976,0.0,1.0
144984,1.0,0.0
144989,0.0,1.0
145000,0.0,1.0
145010,0.0,1.0
145014,1.0,0.0
145018,0.0,1.0
145023,1.0,0.0
145030,0.0,1.0
145031,1.0,0.0
145034,0.0,1.0
145041,0.0,1.0
145048,0.0,1.0
145050,0.0,1.0
145067,1.0,0.0
145068,1.0,0.0
145076,0.0,1.0
145089,1.0,0.0
145091,0.0,1.0
145092,1.0,0.0
145100,0.0,1.0
145113,0.0,1.0
145117,0.0,1.0
145118,0.0,1.0
145124,0.0,1.0
145128,0.0,1.0
145129,0.0,1.0
145135,0.0,1.0
145142,0.0,1.0
145146,0.0,1.0
145148,0.0,1.0
145164,1.0,0.0
145177,0.0,1.0
145179,1.0,0.0
145217,0.0,1.0
145218,0.0,1.0
145224,0.0,1.0
145235,0.0,1.0
145245,0.0,1.0
145249,1.0,0.0
145250,0.0,1.0
145251,1.0,0.0
145255,0.0,1.0
145257,1.0,0.0
145259,0.0,1.0
145278,0.0,1.0
145281,0.0,1.0
145288,0.0,1.0
145296,0.0,1.0
145299,1.0,0.0
145300,0.0,1.0
145302,0.0,1.0
145308,1.0,0.0
145312,0.0,1.0
145318,0.0,1.0
145320,0.0,1.0
145325,0.0,1.0
145328,0.0,1.0
145331,0.0,1.0
145335,0.0,1.0
145345,0.0,1.0
145347,1.0,0.0
145356,0.0,1.0
145359,0.0,1.0
145363,0.0,1.0
145372,1.0,0.0
145390,0.0,1.0
145400,0.0,1.0
145401,0.0,1.0
145404,0.0,1.0
145409,0.0,1.0
145413,1.0,0.0
145421,0.0,1.0
145442,1.0,0.0
145444,0.0,1.0
145452,0.0,1.0
145454,1.0,0.0
145470,0.0,1.0
145471,0.0,1.0
145473,0.0,1.0
145474,0.0,1.0
145476,0.0,1.0
145484,0.0,1.0
145488,0.0,1.0
145493,0.0,1.0
145494,0.0,1.0
145498,0.0,1.0
145499,0.0,1.0
145501,0.0,1.0
145511,1.0,0.0
145515,0.0,1.0
145547,0.0,1.0
145565,1.0,0.0
145571,0.0,1.0
145584,0.0,1.0
145603,0.0,1.0
145606,0.0,1.0
145607,0.0,1.0
145611,1.0,0.0
145612,0.0,1.0
145617,0.0,1.0
145619,0.0,1.0
145624,0.0,1.0
145626,0.0,1.0
145629,0.0,1.0
145631,0.0,1.0
145638,0.0,1.0
145650,0.0,1.0
145668,0.0,1.0
145672,0.0,1.0
145673,1.0,0.0
145675,0.0,1.0
145683,0.0,1.0
145687,0.0,1.0
145690,0.0,1.0
145697,0.0,1.0
145702,0.0,1.0
145705,0.0,1.0
145707,0.0,1.0
145708,0.0,1.0
145720,0.0,1.0
145728,0.0,1.0
145730,0.0,1.0
145741,0.0,1.0
145753,0.0,1.0
145756,0.0,1.0
145776,1.0,0.0
145777,0.0,1.0
145780,0.0,1.0
145783,0.0,1.0
145792,0.0,1.0
145793,0.0,1.0
145795,0.0,1.0
145797,0.0,1.0
145803,0.0,1.0
145827,1.0,0.0
145841,1.0,0.0
145857,0.0,1.0
145860,0.0,1.0
145868,0.0,1.0
145873,0.0,1.0
145876,0.0,1.0
145887,0.0,1.0
145895,0.0,1.0
145898,0.0,1.0
145903,0.0,1.0
145905,0.0,1.0
145912,0.0,1.0
145929,0.0,1.0
145934,0.0,1.0
145958,0.0,1.0
145969,0.0,1.0
145972,0.0,1.0
145973,0.0,1.0
145979,0.0,1.0
145984,0.0,1.0
145985,0.0,1.0
145986,0.0,1.0
145987,0.0,1.0
145992,0.0,1.0
146003,0.0,1.0
146009,0.0,1.0
146019,1.0,0.0
146024,0.0,1.0
146029,0.0,1.0
146031,0.0,1.0
146033,0.0,1.0
146043,0.0,1.0
146052,0.0,1.0
146053,0.0,1.0
146054,1.0,0.0
146058,0.0,1.0
146061,0.0,1.0
146062,0.0,1.0
146063,0.0,1.0
146066,0.0,1.0
146067,0.0,1.0
146070,0.0,1.0
146082,0.0,1.0
146106,0.0,1.0
146112,0.0,1.0
146116,0.0,1.0
146118,0.0,1.0
146121,0.0,1.0
146134,0.0,1.0
146151,0.0,1.0
146158,0.0,1.0
146163,0.0,1.0
146178,0.0,1.0
146191,0.0,1.0
146197,0.0,1.0
146201,1.0,0.0
146211,0.0,1.0
146218,0.0,1.0
146225,0.0,1.0
146229,0.0,1.0
146236,0.0,1.0
146240,0.0,1.0
146255,0.0,1.0
146265,0.0,1.0
146266,0.0,1.0
146278,0.0,1.0
146284,0.0,1.0
146287,0.0,1.0
146290,0.0,1.0
146296,0.0,1.0
146300,0.0,1.0
146301,0.0,1.0
146309,1.0,0.0
146310,0.0,1.0
146320,1.0,0.0
146330,0.0,1.0
146332,0.0,1.0
146333,0.0,1.0
146344,0.0,1.0
146347,0.0,1.0
146361,0.0,1.0
146366,0.0,1.0
146381,0.0,1.0
146390,1.0,0.0
146391,1.0,0.0
146397,0.0,1.0
146404,0.0,1.0
146406,0.0,1.0
146412,0.0,1.0
146415,0.0,1.0
146423,0.0,1.0
146425,0.0,1.0
146446,1.0,0.0
146462,0.0,1.0
146467,0.0,1.0
146468,0.0,1.0
146472,0.0,1.0
146479,0.0,1.0
146482,0.0,1.0
146498,0.0,1.0
146502,1.0,0.0
146503,0.0,1.0
146504,1.0,0.0
146507,0.0,1.0
146523,0.0,1.0
146532,0.0,1.0
146536,1.0,0.0
146541,1.0,0.0
146542,0.0,1.0
146545,0.0,1.0
146550,0.0,1.0
146552,0.0,1.0
146553,0.0,1.0
146557,0.0,1.0
146564,0.0,1.0
146569,0.0,1.0
146571,1.0,0.0
146573,0.0,1.0
146575,0.0,1.0
146579,0.0,1.0
146591,0.0,1.0
146597,0.0,1.0
146598,1.0,0.0
146606,0.0,1.0
146620,0.0,1.0
146623,0.0,1.0
146628,0.0,1.0
146632,0.0,1.0
146634,0.0,1.0
146654,0.0,1.0
146655,0.0,1.0
146656,0.0,1.0
146657,0.0,1.0
146660,0.0,1.0
146667,0.0,1.0
146670,0.0,1.0
146676,1.0,0.0
146680,0.0,1.0
146681,0.0,1.0
146687,0.0,1.0
146704,0.0,1.0
146709,1.0,0.0
146710,0.0,1.0
146715,0.0,1.0
146719,0.0,1.0
146720,0.0,1.0
146721,1.0,0.0
146729,0.0,1.0
146732,0.0,1.0
146746,0.0,1.0
146747,0.0,1.0
146754,0.0,1.0
146755,0.0,1.0
146758,1.0,0.0
146759,0.0,1.0
146771,0.0,1.0
146787,0.0,1.0
146790,0.0,1.0
146799,0.0,1.0
146803,1.0,0.0
146804,0.0,1.0
146806,0.0,1.0
146809,0.0,1.0
146813,0.0,1.0
146814,0.0,1.0
146816,0.0,1.0
146817,0.0,1.0
146818,0.0,1.0
146819,0.0,1.0
146841,1.0,0.0
146844,0.0,1.0
146855,0.0,1.0
146858,1.0,0.0
146863,0.0,1.0
146865,1.0,0.0
146868,0.0,1.0
146880,0.0,1.0
146894,0.0,1.0
146904,1.0,0.0
146906,0.0,1.0
146907,0.0,1.0
146926,0.0,1.0
146939,0.0,1.0
146940,0.0,1.0
146942,0.0,1.0
146944,0.0,1.0
146951,0.0,1.0
146957,0.0,1.0
146962,0.0,1.0
146963,0.0,1.0
146978,0.0,1.0
146983,0.0,1.0
146994,0.0,1.0
147004,0.0,1.0
147006,1.0,0.0
147008,0.0,1.0
147012,0.0,1.0
147026,0.0,1.0
147034,1.0,0.0
147035,1.0,0.0
147037,0.0,1.0
147046,1.0,0.0
147052,0.0,1.0
147058,0.0,1.0
147067,0.0,1.0
147074,0.0,1.0
147080,0.0,1.0
147081,0.0,1.0
147085,0.0,1.0
147092,1.0,0.0
147116,0.0,1.0
147158,0.0,1.0
147161,0.0,1.0
147162,0.0,1.0
147168,1.0,0.0
147169,0.0,1.0
147171,0.0,1.0
147183,0.0,1.0
147186,0.0,1.0
147187,0.0,1.0
147189,0.0,1.0
147190,0.0,1.0
147195,0.0,1.0
147205,0.0,1.0
147213,0.0,1.0
147219,0.0,1.0
147220,0.0,1.0
147222,0.0,1.0
147224,0.0,1.0
147245,0.0,1.0
147256,1.0,0.0
147261,0.0,1.0
147271,0.0,1.0
147278,0.0,1.0
147279,0.0,1.0
147288,1.0,0.0
147290,0.0,1.0
147298,0.0,1.0
147304,1.0,0.0
147310,0.0,1.0
147337,0.0,1.0
147347,0.0,1.0
147360,0.0,1.0
147362,0.0,1.0
147364,1.0,0.0
147367,0.0,1.0
147378,0.0,1.0
147388,0.0,1.0
147403,0.0,1.0
147405,0.0,1.0
147413,0.0,1.0
147428,0.0,1.0
147434,0.0,1.0
147439,0.0,1.0
147440,0.0,1.0
147443,0.0,1.0
147445,0.0,1.0
147472,0.0,1.0
147475,1.0,0.0
147490,0.0,1.0
147501,0.0,1.0
147502,0.0,1.0
147504,1.0,0.0
147505,1.0,0.0
147510,0.0,1.0
147516,0.0,1.0
147519,0.0,1.0
147527,1.0,0.0
147529,0.0,1.0
147538,0.0,1.0
147542,0.0,1.0
147553,1.0,0.0
147554,1.0,0.0
147558,0.0,1.0
147563,0.0,1.0
147577,0.0,1.0
147581,0.0,1.0
147590,0.0,1.0
147596,1.0,0.0
147602,0.0,1.0
147612,1.0,0.0
147613,0.0,1.0
147649,0.0,1.0
147654,0.0,1.0
147665,0.0,1.0
147669,0.0,1.0
147674,0.0,1.0
147675,0.0,1.0
147685,0.0,1.0
147687,0.0,1.0
147691,0.0,1.0
147700,0.0,1.0
147704,0.0,1.0
147716,0.0,1.0
147719,0.0,1.0
147720,0.0,1.0
147721,0.0,1.0
147727,0.0,1.0
147730,0.0,1.0
147733,0.0,1.0
147734,1.0,0.0
147736,0.0,1.0
147744,0.0,1.0
147748,0.0,1.0
147756,0.0,1.0
147767,0.0,1.0
147768,0.0,1.0
147769,0.0,1.0
147773,0.0,1.0
147774,0.0,1.0
147775,0.0,1.0
147778,0.0,1.0
147780,0.0,1.0
147788,0.0,1.0
147797,0.0,1.0
147816,0.0,1.0
147826,0.0,1.0
147830,0.0,1.0
147839,0.0,1.0
147841,0.0,1.0
147846,0.0,1.0
147847,0.0,1.0
147848,0.0,1.0
147854,0.0,1.0
147860,0.0,1.0
147863,0.0,1.0
147878,0.0,1.0
147880,0.0,1.0
147884,0.0,1.0
147891,0.0,1.0
147892,0.0,1.0
147901,0.0,1.0
147905,0.0,1.0
147917,0.0,1.0
147919,0.0,1.0
147920,0.0,1.0
147931,0.0,1.0
147936,0.0,1.0
147941,0.0,1.0
147945,0.0,1.0
147954,0.0,1.0
147955,1.0,0.0
147961,0.0,1.0
147970,0.0,1.0
147971,0.0,1.0
147974,0.0,1.0
147980,1.0,0.0
147981,0.0,1.0
147985,1.0,0.0
148003,1.0,0.0
148005,0.0,1.0
148011,0.0,1.0
148020,0.0,1.0
148030,0.0,1.0
148031,1.0,0.0
148051,0.0,1.0
148073,0.0,1.0
148082,0.0,1.0
148085,1.0,0.0
148097,0.0,1.0
148103,0.0,1.0
148114,0.0,1.0
148119,0.0,1.0
148121,0.0,1.0
148131,0.0,1.0
148136,0.0,1.0
148137,1.0,0.0
148146,0.0,1.0
148152,0.0,1.0
148159,0.0,1.0
148166,0.0,1.0
148169,0.0,1.0
148173,0.0,1.0
148176,1.0,0.0
148187,0.0,1.0
148217,0.0,1.0
148220,0.0,1.0
148249,1.0,0.0
148258,1.0,0.0
148259,0.0,1.0
148262,0.0,1.0
148267,1.0,0.0
148275,0.0,1.0
148276,0.0,1.0
148280,0.0,1.0
148298,1.0,0.0
148306,0.0,1.0
148311,1.0,0.0
148325,0.0,1.0
148326,0.0,1.0
148334,0.0,1.0
148342,0.0,1.0
148345,0.0,1.0
148353,0.0,1.0
148354,1.0,0.0
148364,0.0,1.0
148371,0.0,1.0
148373,0.0,1.0
148377,1.0,0.0
148379,0.0,1.0
148383,0.0,1.0
148388,0.0,1.0
148391,0.0,1.0
148393,0.0,1.0
148396,0.0,1.0
148405,0.0,1.0
148406,0.0,1.0
148408,0.0,1.0
148417,0.0,1.0
148423,0.0,1.0
148431,0.0,1.0
148439,0.0,1.0
148447,0.0,1.0
148453,1.0,0.0
148454,0.0,1.0
148455,0.0,1.0
148462,0.0,1.0
148473,0.0,1.0
148480,0.0,1.0
148481,0.0,1.0
148482,0.0,1.0
148491,0.0,1.0
148496,0.0,1.0
148507,0.0,1.0
148516,0.0,1.0
148517,1.0,0.0
148522,0.0,1.0
148525,0.0,1.0
148532,0.0,1.0
148537,0.0,1.0
148539,0.0,1.0
148567,0.0,1.0
148574,0.0,1.0
148577,0.0,1.0
148579,0.0,1.0
148582,0.0,1.0
148597,0.0,1.0
148609,1.0,0.0
148610,0.0,1.0
148635,1.0,0.0
148638,0.0,1.0
148654,0.0,1.0
148655,0.0,1.0
148668,0.0,1.0
148681,0.0,1.0
148692,0.0,1.0
148693,0.0,1.0
148707,0.0,1.0
148718,0.0,1.0
148720,0.0,1.0
148726,0.0,1.0
148727,0.0,1.0
148751,0.0,1.0
148756,0.0,1.0
148758,0.0,1.0
148766,0.0,1.0
148768,0.0,1.0
148775,0.0,1.0
148779,0.0,1.0
148783,1.0,0.0
148785,1.0,0.0
148788,0.0,1.0
148798,0.0,1.0
148811,0.0,1.0
148815,0.0,1.0
148816,0.0,1.0
148820,0.0,1.0
148822,1.0,0.0
148825,0.0,1.0
148826,1.0,0.0
148827,0.0,1.0
148843,0.0,1.0
148856,0.0,1.0
148857,0.0,1.0
148871,0.0,1.0
148872,1.0,0.0
148881,0.0,1.0
148887,0.0,1.0
148892,0.0,1.0
148903,1.0,0.0
148907,0.0,1.0
148909,0.0,1.0
148921,0.0,1.0
148924,0.0,1.0
148933,0.0,1.0
148949,0.0,1.0
148953,1.0,0.0
148958,0.0,1.0
148960,0.0,1.0
148964,0.0,1.0
148970,0.0,1.0
148971,0.0,1.0
148982,0.0,1.0
148988,1.0,0.0
148998,0.0,1.0
149004,0.0,1.0
149011,0.0,1.0
149014,0.0,1.0
149017,1.0,0.0
149019,1.0,0.0
149026,0.0,1.0
149032,0.0,1.0
149036,0.0,1.0
149040,0.0,1.0
149044,0.0,1.0
149060,0.0,1.0
149064,0.0,1.0
149066,1.0,0.0
149068,1.0,0.0
149069,1.0,0.0
149086,0.0,1.0
149087,0.0,1.0
149088,0.0,1.0
149090,0.0,1.0
149105,0.0,1.0
149106,1.0,0.0
149107,0.0,1.0
149123,0.0,1.0
149125,0.0,1.0
149141,1.0,0.0
149144,0.0,1.0
149145,0.0,1.0
149181,1.0,0.0
149187,0.0,1.0
149197,0.0,1.0
149201,0.0,1.0
149207,0.0,1.0
149214,0.0,1.0
149216,0.0,1.0
149220,0.0,1.0
149221,0.0,1.0
149224,0.0,1.0
149232,0.0,1.0
149238,0.0,1.0
149240,0.0,1.0
149246,0.0,1.0
149248,0.0,1.0
149260,0.0,1.0
149261,0.0,1.0
149266,0.0,1.0
149271,0.0,1.0
149280,0.0,1.0
149285,0.0,1.0
149292,0.0,1.0
149297,0.0,1.0
149308,0.0,1.0
149309,0.0,1.0
149313,0.0,1.0
149334,0.0,1.0
149375,0.0,1.0
149381,0.0,1.0
149382,0.0,1.0
149392,0.0,1.0
149395,0.0,1.0
149408,0.0,1.0
149425,0.0,1.0
149436,0.0,1.0
149437,1.0,0.0
149451,0.0,1.0
149456,1.0,0.0
149463,0.0,1.0
149467,0.0,1.0
149472,0.0,1.0
149479,1.0,0.0
149485,0.0,1.0
149486,1.0,0.0
149502,0.0,1.0
149508,0.0,1.0
149511,0.0,1.0
149512,0.0,1.0
149526,0.0,1.0
149528,0.0,1.0
149536,1.0,0.0
149542,0.0,1.0
149545,1.0,0.0
149563,0.0,1.0
149565,0.0,1.0
149571,0.0,1.0
149577,0.0,1.0
149579,0.0,1.0
149594,0.0,1.0
149612,0.0,1.0
149631,0.0,1.0
149638,0.0,1.0
149639,0.0,1.0
149645,0.0,1.0
149648,0.0,1.0
149653,0.0,1.0
149656,1.0,0.0
149666,0.0,1.0
149678,0.0,1.0
149684,0.0,1.0
149691,0.0,1.0
149695,0.0,1.0
149697,0.0,1.0
149706,0.0,1.0
149709,0.0,1.0
149714,1.0,0.0
149718,0.0,1.0
149719,0.0,1.0
149723,0.0,1.0
149730,1.0,0.0
149731,0.0,1.0
149736,0.0,1.0
149748,0.0,1.0
149753,1.0,0.0
149767,0.0,1.0
149771,0.0,1.0
149775,0.0,1.0
149778,0.0,1.0
149782,0.0,1.0
149794,1.0,0.0
149807,0.0,1.0
149810,0.0,1.0
149814,0.0,1.0
149830,0.0,1.0
149840,0.0,1.0
149848,0.0,1.0
149851,0.0,1.0
149854,1.0,0.0
149886,0.0,1.0
149893,0.0,1.0
149894,0.0,1.0
149896,0.0,1.0
149912,0.0,1.0
149926,0.0,1.0
149928,1.0,0.0
149935,0.0,1.0
149944,0.0,1.0
149947,0.0,1.0
149952,1.0,0.0
149955,0.0,1.0
149966,0.0,1.0
149968,0.0,1.0
149974,0.0,1.0
149976,0.0,1.0
149977,0.0,1.0
149981,1.0,0.0
149991,0.0,1.0
150003,0.0,1.0
150007,0.0,1.0
150018,0.0,1.0
150028,0.0,1.0
150035,0.0,1.0
150058,0.0,1.0
150059,0.0,1.0
150074,1.0,0.0
150076,0.0,1.0
150087,0.0,1.0
150093,0.0,1.0
150097,0.0,1.0
150098,0.0,1.0
150108,0.0,1.0
150117,1.0,0.0
150128,0.0,1.0
150134,0.0,1.0
150136,0.0,1.0
150137,0.0,1.0
150138,0.0,1.0
150173,0.0,1.0
150175,0.0,1.0
150183,0.0,1.0
150185,0.0,1.0
150193,0.0,1.0
150196,0.0,1.0
150209,0.0,1.0
150210,0.0,1.0
150247,0.0,1.0
150249,1.0,0.0
150251,0.0,1.0
150263,0.0,1.0
150280,0.0,1.0
150281,0.0,1.0
150287,0.0,1.0
150290,0.0,1.0
150292,0.0,1.0
150301,0.0,1.0
150305,0.0,1.0
150307,0.0,1.0
150321,0.0,1.0
150322,0.0,1.0
150324,1.0,0.0
150325,0.0,1.0
150348,0.0,1.0
150350,0.0,1.0
150352,0.0,1.0
150358,1.0,0.0
150369,0.0,1.0
150374,1.0,0.0
150380,0.0,1.0
150381,0.0,1.0
150388,1.0,0.0
150396,0.0,1.0
150397,0.0,1.0
150408,0.0,1.0
150414,0.0,1.0
150416,0.0,1.0
150419,0.0,1.0
150430,0.0,1.0
150435,0.0,1.0
150443,0.0,1.0
150453,0.0,1.0
150466,0.0,1.0
150470,1.0,0.0
150492,0.0,1.0
150496,0.0,1.0
150498,0.0,1.0
150516,0.0,1.0
150517,0.0,1.0
150528,0.0,1.0
150538,1.0,0.0
150541,0.0,1.0
150542,0.0,1.0
150547,0.0,1.0
150556,0.0,1.0
150557,0.0,1.0
150563,0.0,1.0
150579,0.0,1.0
150588,0.0,1.0
150596,0.0,1.0
150598,0.0,1.0
150603,0.0,1.0
150604,1.0,0.0
150608,0.0,1.0
150627,0.0,1.0
150628,0.0,1.0
150633,0.0,1.0
150634,1.0,0.0
150658,0.0,1.0
150660,0.0,1.0
150676,0.0,1.0
150684,0.0,1.0
150686,0.0,1.0
150696,1.0,0.0
150709,0.0,1.0
150712,0.0,1.0
150717,0.0,1.0
150737,0.0,1.0
150741,0.0,1.0
150742,0.0,1.0
150745,1.0,0.0
150748,0.0,1.0
150754,0.0,1.0
150755,0.0,1.0
150759,0.0,1.0
150772,0.0,1.0
150776,0.0,1.0
150780,0.0,1.0
150782,1.0,0.0
150785,0.0,1.0
150786,0.0,1.0
150790,0.0,1.0
150792,0.0,1.0
150795,0.0,1.0
150800,0.0,1.0
150802,0.0,1.0
150834,0.0,1.0
150835,0.0,1.0
150837,0.0,1.0
150847,0.0,1.0
150848,0.0,1.0
150858,0.0,1.0
150870,0.0,1.0
150887,0.0,1.0
150892,0.0,1.0
150894,0.0,1.0
150910,0.0,1.0
150914,0.0,1.0
150917,0.0,1.0
150925,0.0,1.0
150927,1.0,0.0
150932,0.0,1.0
150947,0.0,1.0
150960,0.0,1.0
150965,0.0,1.0
150974,0.0,1.0
150976,0.0,1.0
150984,0.0,1.0
150985,0.0,1.0
150987,0.0,1.0
150989,0.0,1.0
151000,0.0,1.0
151001,0.0,1.0
151005,0.0,1.0
151006,0.0,1.0
151007,0.0,1.0
151020,0.0,1.0
151021,0.0,1.0
151025,0.0,1.0
151027,0.0,1.0
151029,0.0,1.0
151030,0.0,1.0
151033,0.0,1.0
151034,0.0,1.0
151041,0.0,1.0
151044,0.0,1.0
151059,0.0,1.0
151060,0.0,1.0
151068,0.0,1.0
151084,0.0,1.0
151086,0.0,1.0
151088,0.0,1.0
151092,0.0,1.0
151095,0.0,1.0
151104,0.0,1.0
151109,1.0,0.0
151124,0.0,1.0
151125,0.0,1.0
151126,0.0,1.0
151138,0.0,1.0
151148,0.0,1.0
151162,1.0,0.0
151165,0.0,1.0
151166,0.0,1.0
151171,0.0,1.0
151172,0.0,1.0
151174,0.0,1.0
151177,0.0,1.0
151184,0.0,1.0
151189,0.0,1.0
151200,0.0,1.0
151205,1.0,0.0
151212,0.0,1.0
151215,1.0,0.0
151217,0.0,1.0
151218,0.0,1.0
151247,0.0,1.0
151248,0.0,1.0
151274,0.0,1.0
151281,0.0,1.0
151294,0.0,1.0
151322,0.0,1.0
151327,0.0,1.0
151330,0.0,1.0
151343,0.0,1.0
151344,0.0,1.0
151373,0.0,1.0
151379,0.0,1.0
151381,0.0,1.0
151395,1.0,0.0
151401,0.0,1.0
151407,0.0,1.0
151421,0.0,1.0
151425,0.0,1.0
151426,1.0,0.0
151433,0.0,1.0
151446,0.0,1.0
151450,0.0,1.0
151458,0.0,1.0
151460,0.0,1.0
151466,0.0,1.0
151490,0.0,1.0
151494,0.0,1.0
151497,0.0,1.0
151502,0.0,1.0
151511,0.0,1.0
151513,0.0,1.0
151516,0.0,1.0
151517,0.0,1.0
151519,0.0,1.0
151520,0.0,1.0
151523,0.0,1.0
151525,0.0,1.0
151527,0.0,1.0
151531,0.0,1.0
151544,0.0,1.0
151549,0.0,1.0
151556,0.0,1.0
151562,0.0,1.0
151563,0.0,1.0
151567,1.0,0.0
151575,1.0,0.0
151578,0.0,1.0
151581,0.0,1.0
151583,0.0,1.0
151584,0.0,1.0
151587,1.0,0.0
151604,1.0,0.0
151607,0.0,1.0
151611,1.0,0.0
151615,0.0,1.0
151629,0.0,1.0
151634,0.0,1.0
151644,0.0,1.0
151653,0.0,1.0
151660,0.0,1.0
151663,0.0,1.0
151664,0.0,1.0
151669,0.0,1.0
151679,0.0,1.0
151690,0.0,1.0
151695,0.0,1.0
151699,0.0,1.0
151701,0.0,1.0
151705,0.0,1.0
151707,1.0,0.0
151712,0.0,1.0
151716,0.0,1.0
151717,0.0,1.0
151730,0.0,1.0
151734,0.0,1.0
151736,0.0,1.0
151744,0.0,1.0
151759,0.0,1.0
151766,1.0,0.0
151772,0.0,1.0
151775,0.0,1.0
151778,0.0,1.0
151781,0.0,1.0
151790,0.0,1.0
151791,0.0,1.0
151795,1.0,0.0
151799,0.0,1.0
151802,0.0,1.0
151808,0.0,1.0
151810,0.0,1.0
151817,0.0,1.0
151823,0.0,1.0
151842,0.0,1.0
151844,0.0,1.0
151845,0.0,1.0
151846,0.0,1.0
151852,0.0,1.0
151853,0.0,1.0
151859,0.0,1.0
151861,0.0,1.0
151867,0.0,1.0
151871,0.0,1.0
151882,0.0,1.0
151883,0.0,1.0
151890,0.0,1.0
151897,0.0,1.0
151898,0.0,1.0
151908,0.0,1.0
151911,1.0,0.0
151915,1.0,0.0
151930,0.0,1.0
151951,0.0,1.0
151959,1.0,0.0
151975,0.0,1.0
151980,0.0,1.0
151987,0.0,1.0
151991,0.0,1.0
151993,0.0,1.0
152000,0.0,1.0
152010,0.0,1.0
152012,0.0,1.0
152021,1.0,0.0
152024,0.0,1.0
152033,0.0,1.0
152037,0.0,1.0
152048,1.0,0.0
152056,1.0,0.0
152067,0.0,1.0
152082,0.0,1.0
152095,0.0,1.0
152096,1.0,0.0
152097,0.0,1.0
152099,0.0,1.0
152105,0.0,1.0
152107,0.0,1.0
152125,1.0,0.0
152135,0.0,1.0
152150,0.0,1.0
152151,0.0,1.0
152152,0.0,1.0
152162,1.0,0.0
152180,0.0,1.0
152181,0.0,1.0
152186,0.0,1.0
152194,0.0,1.0
152196,0.0,1.0
152200,0.0,1.0
152205,0.0,1.0
152207,1.0,0.0
152209,0.0,1.0
152215,0.0,1.0
152219,0.0,1.0
152220,0.0,1.0
152221,0.0,1.0
152236,0.0,1.0
152248,0.0,1.0
152257,0.0,1.0
152263,1.0,0.0
152265,0.0,1.0
152266,1.0,0.0
152268,0.0,1.0
152269,0.0,1.0
152298,0.0,1.0
152310,0.0,1.0
152313,0.0,1.0
152322,0.0,1.0
152342,0.0,1.0
152343,0.0,1.0
152348,1.0,0.0
152351,0.0,1.0
152360,1.0,0.0
152363,0.0,1.0
152375,0.0,1.0
152380,0.0,1.0
152390,1.0,0.0
152394,0.0,1.0
152403,0.0,1.0
152406,1.0,0.0
152409,0.0,1.0
152411,0.0,1.0
152417,0.0,1.0
152421,1.0,0.0
152426,0.0,1.0
152436,1.0,0.0
152446,0.0,1.0
152454,1.0,0.0
152457,1.0,0.0
152458,0.0,1.0
152466,0.0,1.0
152469,1.0,0.0
152470,0.0,1.0
152472,1.0,0.0
152479,0.0,1.0
152481,0.0,1.0
152482,0.0,1.0
152483,0.0,1.0
152486,0.0,1.0
152489,1.0,0.0
152490,0.0,1.0
152501,0.0,1.0
152516,0.0,1.0
152519,0.0,1.0
152520,1.0,0.0
152529,0.0,1.0
152532,0.0,1.0
152533,0.0,1.0
152535,1.0,0.0
152554,0.0,1.0
152584,0.0,1.0
152586,0.0,1.0
152588,0.0,1.0
152599,0.0,1.0
152601,0.0,1.0
152604,0.0,1.0
152606,0.0,1.0
152623,0.0,1.0
152628,0.0,1.0
152629,1.0,0.0
152635,0.0,1.0
152647,0.0,1.0
152654,0.0,1.0
152672,1.0,0.0
152676,0.0,1.0
152683,0.0,1.0
152695,0.0,1.0
152698,0.0,1.0
152715,0.0,1.0
152718,0.0,1.0
152725,0.0,1.0
152727,0.0,1.0
152746,0.0,1.0
152749,0.0,1.0
152755,1.0,0.0
152756,1.0,0.0
152763,0.0,1.0
152772,0.0,1.0
152780,0.0,1.0
152784,0.0,1.0
152785,0.0,1.0
152786,0.0,1.0
152790,0.0,1.0
152818,0.0,1.0
152824,0.0,1.0
152837,0.0,1.0
152838,0.0,1.0
152840,0.0,1.0
152842,0.0,1.0
152848,0.0,1.0
152857,0.0,1.0
152863,0.0,1.0
152866,0.0,1.0
152871,0.0,1.0
152878,0.0,1.0
152885,0.0,1.0
152925,0.0,1.0
152927,0.0,1.0
152946,1.0,0.0
152948,0.0,1.0
152949,0.0,1.0
152952,0.0,1.0
152958,1.0,0.0
152961,0.0,1.0
152964,0.0,1.0
152970,0.0,1.0
152971,1.0,0.0
152976,0.0,1.0
152983,0.0,1.0
153003,0.0,1.0
153010,0.0,1.0
153011,0.0,1.0
153014,0.0,1.0
153019,0.0,1.0
153025,0.0,1.0
153030,0.0,1.0
153037,0.0,1.0
153047,0.0,1.0
153052,0.0,1.0
153057,0.0,1.0
153060,0.0,1.0
153069,0.0,1.0
153075,0.0,1.0
153078,0.0,1.0
153094,0.0,1.0
153098,0.0,1.0
153099,0.0,1.0
153102,1.0,0.0
153103,0.0,1.0
153104,0.0,1.0
153105,0.0,1.0
153117,0.0,1.0
153119,0.0,1.0
153122,0.0,1.0
153125,0.0,1.0
153136,0.0,1.0
153139,0.0,1.0
153157,0.0,1.0
153166,0.0,1.0
153167,0.0,1.0
153173,0.0,1.0
153178,0.0,1.0
153185,0.0,1.0
153188,0.0,1.0
153197,0.0,1.0
153212,0.0,1.0
153220,0.0,1.0
153227,0.0,1.0
153241,1.0,0.0
153245,0.0,1.0
153261,0.0,1.0
153270,0.0,1.0
153271,0.0,1.0
153284,0.0,1.0
153285,0.0,1.0
153291,0.0,1.0
153301,1.0,0.0
153303,0.0,1.0
153310,0.0,1.0
153341,0.0,1.0
153342,0.0,1.0
153345,0.0,1.0
153349,0.0,1.0
153353,0.0,1.0
153366,0.0,1.0
153368,0.0,1.0
153374,0.0,1.0
153378,0.0,1.0
153380,0.0,1.0
153387,1.0,0.0
153396,0.0,1.0
153408,0.0,1.0
153423,0.0,1.0
153428,0.0,1.0
153432,0.0,1.0
153434,0.0,1.0
153451,0.0,1.0
153462,0.0,1.0
153477,0.0,1.0
153480,1.0,0.0
153481,0.0,1.0
153493,0.0,1.0
153507,0.0,1.0
153514,0.0,1.0
153533,1.0,0.0
153544,1.0,0.0
153547,0.0,1.0
153552,0.0,1.0
153556,0.0,1.0
153566,0.0,1.0
153567,0.0,1.0
153571,0.0,1.0
153576,0.0,1.0
153579,0.0,1.0
153582,0.0,1.0
153590,0.0,1.0
153591,0.0,1.0
153601,0.0,1.0
153619,0.0,1.0
153623,0.0,1.0
153647,0.0,1.0
153654,0.0,1.0
153659,0.0,1.0
153660,0.0,1.0
153665,0.0,1.0
153666,0.0,1.0
153671,0.0,1.0
153675,0.0,1.0
153676,0.0,1.0
153677,0.0,1.0
153678,1.0,0.0
153679,0.0,1.0
153681,0.0,1.0
153686,0.0,1.0
153712,0.0,1.0
153725,0.0,1.0
153743,0.0,1.0
153750,0.0,1.0
153754,1.0,0.0
153759,1.0,0.0
153784,0.0,1.0
153786,0.0,1.0
153804,0.0,1.0
153806,0.0,1.0
153807,0.0,1.0
153809,0.0,1.0
153818,0.0,1.0
153826,0.0,1.0
153842,0.0,1.0
153843,0.0,1.0
153851,0.0,1.0
153855,0.0,1.0
153856,0.0,1.0
153869,0.0,1.0
153872,0.0,1.0
153888,1.0,0.0
153889,1.0,0.0
153903,0.0,1.0
153909,0.0,1.0
153915,0.0,1.0
153927,0.0,1.0
153946,0.0,1.0
153972,0.0,1.0
153974,0.0,1.0
154006,0.0,1.0
154016,0.0,1.0
154018,0.0,1.0
154025,1.0,0.0
154029,0.0,1.0
154033,0.0,1.0
154038,0.0,1.0
154058,0.0,1.0
154068,0.0,1.0
154076,0.0,1.0
154101,0.0,1.0
154103,0.0,1.0
154116,1.0,0.0
154127,0.0,1.0
154128,0.0,1.0
154138,0.0,1.0
154139,0.0,1.0
154140,0.0,1.0
154146,0.0,1.0
154147,0.0,1.0
154151,1.0,0.0
154153,0.0,1.0
154155,0.0,1.0
154160,0.0,1.0
154169,0.0,1.0
154177,1.0,0.0
154198,0.0,1.0
154217,0.0,1.0
154219,1.0,0.0
154239,0.0,1.0
154255,0.0,1.0
154265,1.0,0.0
154271,0.0,1.0
154274,1.0,0.0
154280,1.0,0.0
154282,1.0,0.0
154292,0.0,1.0
154302,0.0,1.0
154303,0.0,1.0
154313,0.0,1.0
154315,0.0,1.0
154321,0.0,1.0
154323,0.0,1.0
154338,0.0,1.0
154344,0.0,1.0
154352,0.0,1.0
154380,0.0,1.0
154400,0.0,1.0
154401,0.0,1.0
154413,0.0,1.0
154414,0.0,1.0
154416,0.0,1.0
154422,1.0,0.0
154423,0.0,1.0
154429,0.0,1.0
154444,1.0,0.0
154450,0.0,1.0
154451,0.0,1.0
154455,0.0,1.0
154461,0.0,1.0
154468,0.0,1.0
154469,0.0,1.0
154472,0.0,1.0
154475,0.0,1.0
154480,0.0,1.0
154490,0.0,1.0
154497,0.0,1.0
154500,0.0,1.0
154522,0.0,1.0
154525,0.0,1.0
154545,0.0,1.0
154552,0.0,1.0
154575,0.0,1.0
154587,0.0,1.0
154596,0.0,1.0
154600,0.0,1.0
154606,0.0,1.0
154609,0.0,1.0
154610,0.0,1.0
154629,0.0,1.0
154640,0.0,1.0
154643,0.0,1.0
154644,0.0,1.0
154646,0.0,1.0
154656,0.0,1.0
154661,0.0,1.0
154662,0.0,1.0
154669,0.0,1.0
154673,1.0,0.0
154677,0.0,1.0
154690,1.0,0.0
154699,0.0,1.0
154702,0.0,1.0
154718,0.0,1.0
154719,0.0,1.0
154730,1.0,0.0
154738,0.0,1.0
154749,0.0,1.0
154751,1.0,0.0
154752,1.0,0.0
154775,0.0,1.0
154781,1.0,0.0
154784,1.0,0.0
154794,0.0,1.0
154804,0.0,1.0
154809,0.0,1.0
154813,0.0,1.0
154839,0.0,1.0
154840,0.0,1.0
154842,1.0,0.0
154849,1.0,0.0
154857,0.0,1.0
154867,0.0,1.0
154868,0.0,1.0
154872,0.0,1.0
154873,0.0,1.0
154874,0.0,1.0
154878,0.0,1.0
154882,0.0,1.0
154897,0.0,1.0
154900,0.0,1.0
154919,0.0,1.0
154927,1.0,0.0
154942,0.0,1.0
154946,0.0,1.0
154947,0.0,1.0
154948,0.0,1.0
154959,0.0,1.0
154960,0.0,1.0
154962,0.0,1.0
154964,0.0,1.0
154967,0.0,1.0
154972,0.0,1.0
154975,0.0,1.0
154987,0.0,1.0
154988,0.0,1.0
154990,0.0,1.0
154991,1.0,0.0
154992,1.0,0.0
154996,0.0,1.0
154997,0.0,1.0
154999,0.0,1.0
155003,0.0,1.0
155014,1.0,0.0
155019,0.0,1.0
155025,0.0,1.0
155031,1.0,0.0
155034,0.0,1.0
155042,0.0,1.0
155044,0.0,1.0
155048,0.0,1.0
155050,0.0,1.0
155062,0.0,1.0
155065,0.0,1.0
155067,0.0,1.0
155070,0.0,1.0
155073,0.0,1.0
155074,0.0,1.0
155080,0.0,1.0
155113,0.0,1.0
155114,0.0,1.0
155115,0.0,1.0
155123,1.0,0.0
155128,0.0,1.0
155135,0.0,1.0
155136,0.0,1.0
155149,0.0,1.0
155153,1.0,0.0
155154,0.0,1.0
155156,0.0,1.0
155158,0.0,1.0
155165,0.0,1.0
155175,0.0,1.0
155198,0.0,1.0
155217,0.0,1.0
155224,0.0,1.0
155225,1.0,0.0
155234,0.0,1.0
155236,0.0,1.0
155237,0.0,1.0
155246,0.0,1.0
155250,0.0,1.0
155252,1.0,0.0
155255,0.0,1.0
155256,0.0,1.0
155263,0.0,1.0
155268,0.0,1.0
155286,1.0,0.0
155288,0.0,1.0
155310,0.0,1.0
155312,0.0,1.0
155321,0.0,1.0
155325,0.0,1.0
155338,1.0,0.0
155341,1.0,0.0
155342,0.0,1.0
155343,0.0,1.0
155347,0.0,1.0
155352,1.0,0.0
155353,0.0,1.0
155361,0.0,1.0
155373,0.0,1.0
155382,0.0,1.0
155389,0.0,1.0
155392,0.0,1.0
155398,0.0,1.0
155407,0.0,1.0
155412,0.0,1.0
155419,0.0,1.0
155426,0.0,1.0
155427,1.0,0.0
155430,0.0,1.0
155439,0.0,1.0
155448,0.0,1.0
155466,1.0,0.0
155472,0.0,1.0
155473,0.0,1.0
155476,1.0,0.0
155477,1.0,0.0
155483,0.0,1.0
155490,0.0,1.0
155497,0.0,1.0
155500,0.0,1.0
155503,0.0,1.0
155508,0.0,1.0
155510,0.0,1.0
155511,0.0,1.0
155521,0.0,1.0
155539,0.0,1.0
155545,0.0,1.0
155558,0.0,1.0
155563,0.0,1.0
155564,0.0,1.0
155570,0.0,1.0
155574,0.0,1.0
155579,0.0,1.0
155580,0.0,1.0
155588,0.0,1.0
155591,0.0,1.0
155602,0.0,1.0
155604,0.0,1.0
155607,0.0,1.0
155613,0.0,1.0
155616,0.0,1.0
155629,0.0,1.0
155639,0.0,1.0
155640,1.0,0.0
155644,0.0,1.0
155653,0.0,1.0
155665,0.0,1.0
155674,0.0,1.0
155684,0.0,1.0
155685,1.0,0.0
155689,1.0,0.0
155691,0.0,1.0
155695,0.0,1.0
155723,0.0,1.0
155725,0.0,1.0
155727,0.0,1.0
155728,0.0,1.0
155732,0.0,1.0
155735,1.0,0.0
155747,0.0,1.0
155749,0.0,1.0
155752,0.0,1.0
155767,0.0,1.0
155783,0.0,1.0
155785,0.0,1.0
155799,0.0,1.0
155800,0.0,1.0
155804,0.0,1.0
155805,0.0,1.0
155825,0.0,1.0
155826,1.0,0.0
155831,0.0,1.0
155833,0.0,1.0
155837,1.0,0.0
155838,0.0,1.0
155841,0.0,1.0
155862,0.0,1.0
155864,0.0,1.0
155870,0.0,1.0
155872,0.0,1.0
155876,0.0,1.0
155884,0.0,1.0
155888,0.0,1.0
155889,0.0,1.0
155894,0.0,1.0
155911,0.0,1.0
155918,0.0,1.0
155926,1.0,0.0
155928,0.0,1.0
155962,0.0,1.0
155963,1.0,0.0
155967,0.0,1.0
155989,0.0,1.0
155993,0.0,1.0
156003,0.0,1.0
156006,0.0,1.0
156009,0.0,1.0
156010,0.0,1.0
156020,0.0,1.0
156022,0.0,1.0
156043,0.0,1.0
156048,0.0,1.0
156075,0.0,1.0
156091,0.0,1.0
156098,0.0,1.0
156109,0.0,1.0
156110,0.0,1.0
156118,0.0,1.0
156134,0.0,1.0
156164,0.0,1.0
156165,0.0,1.0
156175,0.0,1.0
156180,0.0,1.0
156182,0.0,1.0
156186,0.0,1.0
156192,0.0,1.0
156204,0.0,1.0
156206,0.0,1.0
156215,0.0,1.0
156222,0.0,1.0
156223,0.0,1.0
156239,0.0,1.0
156244,1.0,0.0
156245,0.0,1.0
156248,0.0,1.0
156261,0.0,1.0
156262,0.0,1.0
156274,0.0,1.0
156297,0.0,1.0
156298,0.0,1.0
156321,0.0,1.0
156336,0.0,1.0
156344,0.0,1.0
156359,1.0,0.0
156372,0.0,1.0
156375,1.0,0.0
156378,0.0,1.0
156387,0.0,1.0
156390,0.0,1.0
156411,0.0,1.0
156418,0.0,1.0
156428,0.0,1.0
156431,0.0,1.0
156448,0.0,1.0
156451,0.0,1.0
156461,0.0,1.0
156470,1.0,0.0
156471,0.0,1.0
156472,0.0,1.0
156482,0.0,1.0
156493,0.0,1.0
156502,0.0,1.0
156503,1.0,0.0
156512,0.0,1.0
156521,0.0,1.0
156522,0.0,1.0
156529,0.0,1.0
156530,0.0,1.0
156543,0.0,1.0
156544,0.0,1.0
156549,0.0,1.0
156551,0.0,1.0
156557,0.0,1.0
156560,0.0,1.0
156563,0.0,1.0
156566,0.0,1.0
156575,1.0,0.0
156576,0.0,1.0
156582,0.0,1.0
156584,0.0,1.0
156587,0.0,1.0
156594,0.0,1.0
156600,0.0,1.0
156610,0.0,1.0
156613,0.0,1.0
156617,0.0,1.0
156621,0.0,1.0
156628,0.0,1.0
156642,0.0,1.0
156653,0.0,1.0
156659,0.0,1.0
156668,0.0,1.0
156671,0.0,1.0
156693,0.0,1.0
156700,0.0,1.0
156702,0.0,1.0
156716,0.0,1.0
156721,0.0,1.0
156731,0.0,1.0
156740,0.0,1.0
156741,0.0,1.0
156747,0.0,1.0
156751,0.0,1.0
156755,0.0,1.0
156770,1.0,0.0
156771,0.0,1.0
156773,0.0,1.0
156775,0.0,1.0
156779,0.0,1.0
156784,0.0,1.0
156785,0.0,1.0
156787,0.0,1.0
156789,0.0,1.0
156793,0.0,1.0
156796,0.0,1.0
156798,1.0,0.0
156805,0.0,1.0
156810,0.0,1.0
156823,1.0,0.0
156837,0.0,1.0
156852,0.0,1.0
156860,1.0,0.0
156862,1.0,0.0
156870,0.0,1.0
156871,0.0,1.0
156879,0.0,1.0
156881,0.0,1.0
156882,1.0,0.0
156888,0.0,1.0
156898,1.0,0.0
156927,0.0,1.0
156932,0.0,1.0
156938,0.0,1.0
156946,0.0,1.0
156947,0.0,1.0
156956,0.0,1.0
156965,0.0,1.0
156968,0.0,1.0
156971,0.0,1.0
156978,0.0,1.0
156980,0.0,1.0
156989,0.0,1.0
156990,0.0,1.0
156991,0.0,1.0
157007,1.0,0.0
157008,0.0,1.0
157013,0.0,1.0
157016,0.0,1.0
157019,0.0,1.0
157020,0.0,1.0
157025,0.0,1.0
157039,1.0,0.0
157052,0.0,1.0
157059,0.0,1.0
157063,1.0,0.0
157066,0.0,1.0
157072,0.0,1.0
157073,0.0,1.0
157087,0.0,1.0
157108,0.0,1.0
157124,0.0,1.0
157132,0.0,1.0
157134,1.0,0.0
157136,0.0,1.0
157138,0.0,1.0
157141,0.0,1.0
157145,0.0,1.0
157156,1.0,0.0
157159,1.0,0.0
157160,0.0,1.0
157174,0.0,1.0
157177,1.0,0.0
157179,0.0,1.0
157186,0.0,1.0
157191,0.0,1.0
157192,0.0,1.0
157196,0.0,1.0
157198,0.0,1.0
157200,0.0,1.0
157203,0.0,1.0
157205,0.0,1.0
157207,0.0,1.0
157212,0.0,1.0
157229,0.0,1.0
157231,0.0,1.0
157232,0.0,1.0
157233,0.0,1.0
157254,0.0,1.0
157255,0.0,1.0
157259,0.0,1.0
157264,0.0,1.0
157268,1.0,0.0
157278,0.0,1.0
157281,0.0,1.0
157286,0.0,1.0
157293,0.0,1.0
157297,0.0,1.0
157300,0.0,1.0
157307,0.0,1.0
157318,0.0,1.0
157319,0.0,1.0
157320,1.0,0.0
157333,0.0,1.0
157356,0.0,1.0
157371,0.0,1.0
157374,0.0,1.0
157383,1.0,0.0
157384,0.0,1.0
157385,0.0,1.0
157397,0.0,1.0
157401,0.0,1.0
157407,0.0,1.0
157411,0.0,1.0
157420,0.0,1.0
157431,1.0,0.0
157437,1.0,0.0
157442,0.0,1.0
157446,0.0,1.0
157447,0.0,1.0
157449,0.0,1.0
157470,0.0,1.0
157478,0.0,1.0
157480,0.0,1.0
157495,0.0,1.0
157501,1.0,0.0
157519,0.0,1.0
157523,0.0,1.0
157525,0.0,1.0
157557,0.0,1.0
157559,0.0,1.0
157570,0.0,1.0
157577,0.0,1.0
157581,0.0,1.0
157583,0.0,1.0
157585,0.0,1.0
157587,0.0,1.0
157594,0.0,1.0
157603,0.0,1.0
157608,0.0,1.0
157613,0.0,1.0
157631,0.0,1.0
157632,0.0,1.0
157643,0.0,1.0
157653,0.0,1.0
157673,0.0,1.0
157679,0.0,1.0
157680,0.0,1.0
157682,0.0,1.0
157685,0.0,1.0
157696,0.0,1.0
157703,1.0,0.0
157706,0.0,1.0
157720,1.0,0.0
157722,0.0,1.0
157724,0.0,1.0
157727,1.0,0.0
157731,0.0,1.0
157743,0.0,1.0
157754,0.0,1.0
157756,0.0,1.0
157760,1.0,0.0
157774,0.0,1.0
157777,0.0,1.0
157779,0.0,1.0
157790,0.0,1.0
157803,0.0,1.0
157804,0.0,1.0
157810,0.0,1.0
157811,0.0,1.0
157814,0.0,1.0
157826,0.0,1.0
157828,0.0,1.0
157846,0.0,1.0
157849,0.0,1.0
157858,0.0,1.0
157863,0.0,1.0
157881,0.0,1.0
157883,0.0,1.0
157890,0.0,1.0
157900,1.0,0.0
157901,0.0,1.0
157909,0.0,1.0
157928,0.0,1.0
157935,0.0,1.0
157945,1.0,0.0
157948,0.0,1.0
157955,0.0,1.0
157959,0.0,1.0
157963,0.0,1.0
157964,0.0,1.0
157971,0.0,1.0
157988,0.0,1.0
157993,0.0,1.0
157994,0.0,1.0
158006,0.0,1.0
158020,0.0,1.0
158024,1.0,0.0
158026,0.0,1.0
158028,0.0,1.0
158029,0.0,1.0
158030,0.0,1.0
158033,1.0,0.0
158037,1.0,0.0
158049,0.0,1.0
158053,1.0,0.0
158059,0.0,1.0
158070,0.0,1.0
158077,0.0,1.0
158090,0.0,1.0
158092,0.0,1.0
158098,0.0,1.0
158099,1.0,0.0
158102,0.0,1.0
158109,0.0,1.0
158113,0.0,1.0
158117,0.0,1.0
158123,0.0,1.0
158130,0.0,1.0
158135,0.0,1.0
158136,0.0,1.0
158137,0.0,1.0
158147,0.0,1.0
158148,0.0,1.0
158155,0.0,1.0
158170,0.0,1.0
158173,1.0,0.0
158180,1.0,0.0
158181,0.0,1.0
158191,0.0,1.0
158196,0.0,1.0
158197,1.0,0.0
158199,1.0,0.0
158206,0.0,1.0
158214,0.0,1.0
158222,0.0,1.0
158232,0.0,1.0
158256,1.0,0.0
158258,0.0,1.0
158273,1.0,0.0
158285,0.0,1.0
158286,0.0,1.0
158297,0.0,1.0
158303,0.0,1.0
158304,0.0,1.0
158308,0.0,1.0
158312,0.0,1.0
158335,0.0,1.0
158340,0.0,1.0
158343,0.0,1.0
158349,0.0,1.0
158355,1.0,0.0
158362,0.0,1.0
158385,0.0,1.0
158392,0.0,1.0
158393,0.0,1.0
158396,0.0,1.0
158398,0.0,1.0
158400,0.0,1.0
158406,0.0,1.0
158417,0.0,1.0
158419,0.0,1.0
158424,0.0,1.0
158428,0.0,1.0
158429,0.0,1.0
158432,0.0,1.0
158452,1.0,0.0
158458,0.0,1.0
158472,0.0,1.0
158474,0.0,1.0
158480,0.0,1.0
158482,0.0,1.0
158485,0.0,1.0
158486,0.0,1.0
158492,0.0,1.0
158503,0.0,1.0
158522,0.0,1.0
158530,0.0,1.0
158531,0.0,1.0
158545,0.0,1.0
158550,0.0,1.0
158556,0.0,1.0
158563,0.0,1.0
158564,0.0,1.0
158575,1.0,0.0
158603,0.0,1.0
158609,0.0,1.0
158614,0.0,1.0
158615,0.0,1.0
158617,1.0,0.0
158656,0.0,1.0
158668,0.0,1.0
158677,0.0,1.0
158684,0.0,1.0
158691,0.0,1.0
158703,1.0,0.0
158704,0.0,1.0
158722,0.0,1.0
158724,0.0,1.0
158725,0.0,1.0
158727,0.0,1.0
158732,0.0,1.0
158738,0.0,1.0
158754,0.0,1.0
158759,0.0,1.0
158766,0.0,1.0
158777,0.0,1.0
158782,1.0,0.0
158791,0.0,1.0
158803,0.0,1.0
158807,0.0,1.0
158812,0.0,1.0
158816,0.0,1.0
158821,0.0,1.0
158832,0.0,1.0
158836,0.0,1.0
158843,0.0,1.0
158849,0.0,1.0
158861,0.0,1.0
158865,0.0,1.0
158876,1.0,0.0
158884,0.0,1.0
158895,0.0,1.0
158899,1.0,0.0
158901,0.0,1.0
158906,0.0,1.0
158907,0.0,1.0
158909,0.0,1.0
158914,1.0,0.0
158916,0.0,1.0
158919,0.0,1.0
158922,0.0,1.0
158923,1.0,0.0
158928,0.0,1.0
158933,0.0,1.0
158946,0.0,1.0
158968,0.0,1.0
158969,0.0,1.0
158975,0.0,1.0
158976,0.0,1.0
158980,0.0,1.0
159000,0.0,1.0
159003,1.0,0.0
159005,0.0,1.0
159007,0.0,1.0
159012,0.0,1.0
159013,0.0,1.0
159034,1.0,0.0
159035,0.0,1.0
159037,0.0,1.0
159048,0.0,1.0
159050,0.0,1.0
159059,0.0,1.0
159061,0.0,1.0
159066,1.0,0.0
159068,0.0,1.0
159073,0.0,1.0
159074,0.0,1.0
159089,0.0,1.0
159113,0.0,1.0
159115,0.0,1.0
159116,0.0,1.0
159151,1.0,0.0
159163,0.0,1.0
159166,0.0,1.0
159186,0.0,1.0
159191,0.0,1.0
159204,0.0,1.0
159206,0.0,1.0
159225,0.0,1.0
159236,1.0,0.0
159239,0.0,1.0
159251,0.0,1.0
159255,0.0,1.0
159256,0.0,1.0
159258,0.0,1.0
159267,0.0,1.0
159274,0.0,1.0
159276,0.0,1.0
159278,0.0,1.0
159279,0.0,1.0
159284,0.0,1.0
159310,0.0,1.0
159322,1.0,0.0
159328,0.0,1.0
159336,0.0,1.0
159339,0.0,1.0
159348,0.0,1.0
159356,0.0,1.0
159363,1.0,0.0
159365,0.0,1.0
159368,0.0,1.0
159372,0.0,1.0
159373,0.0,1.0
159379,0.0,1.0
159380,0.0,1.0
159383,0.0,1.0
159384,0.0,1.0
159387,1.0,0.0
159396,0.0,1.0
159400,0.0,1.0
159411,0.0,1.0
159416,0.0,1.0
159424,0.0,1.0
159425,0.0,1.0
159426,0.0,1.0
159433,0.0,1.0
159439,0.0,1.0
159443,0.0,1.0
159471,0.0,1.0
159474,1.0,0.0
159481,0.0,1.0
159482,0.0,1.0
159498,0.0,1.0
159502,0.0,1.0
159506,0.0,1.0
159508,0.0,1.0
159516,0.0,1.0
159518,0.0,1.0
159524,0.0,1.0
159534,0.0,1.0
159537,1.0,0.0
159542,0.0,1.0
159547,0.0,1.0
159551,0.0,1.0
159554,0.0,1.0
159565,0.0,1.0
159586,0.0,1.0
159591,0.0,1.0
159601,0.0,1.0
159609,0.0,1.0
159611,0.0,1.0
159622,1.0,0.0
159634,1.0,0.0
159635,0.0,1.0
159641,0.0,1.0
159650,0.0,1.0
159657,0.0,1.0
159664,1.0,0.0
159665,0.0,1.0
159669,0.0,1.0
159689,1.0,0.0
159697,1.0,0.0
159703,0.0,1.0
159707,0.0,1.0
159711,0.0,1.0
159717,1.0,0.0
159718,0.0,1.0
159722,1.0,0.0
159729,0.0,1.0
159730,0.0,1.0
159753,0.0,1.0
159754,0.0,1.0
159755,0.0,1.0
159773,0.0,1.0
159774,0.0,1.0
159788,0.0,1.0
159794,0.0,1.0
159803,0.0,1.0
159810,0.0,1.0
159825,0.0,1.0
159828,0.0,1.0
159831,1.0,0.0
159845,0.0,1.0
159846,0.0,1.0
159855,0.0,1.0
159860,0.0,1.0
159865,1.0,0.0
159866,0.0,1.0
159882,0.0,1.0
159892,0.0,1.0
159910,0.0,1.0
159913,1.0,0.0
159919,0.0,1.0
159921,0.0,1.0
159930,0.0,1.0
159933,0.0,1.0
159939,1.0,0.0
159957,0.0,1.0
159961,0.0,1.0
159977,0.0,1.0
159979,1.0,0.0
159990,1.0,0.0
159991,0.0,1.0
159994,0.0,1.0
160012,0.0,1.0
160015,0.0,1.0
160018,0.0,1.0
160022,1.0,0.0
160033,0.0,1.0
160034,0.0,1.0
160041,0.0,1.0
160044,0.0,1.0
160045,0.0,1.0
160046,0.0,1.0
160051,0.0,1.0
160064,0.0,1.0
160082,1.0,0.0
160086,1.0,0.0
160097,0.0,1.0
160116,0.0,1.0
160126,0.0,1.0
160140,0.0,1.0
160146,1.0,0.0
160161,0.0,1.0
160165,0.0,1.0
160168,0.0,1.0
160170,0.0,1.0
160176,0.0,1.0
160177,0.0,1.0
160178,0.0,1.0
160181,0.0,1.0
160189,0.0,1.0
160190,0.0,1.0
160191,1.0,0.0
160205,0.0,1.0
160206,0.0,1.0
160208,0.0,1.0
160211,0.0,1.0
160213,1.0,0.0
160219,0.0,1.0
160234,0.0,1.0
160237,1.0,0.0
160238,0.0,1.0
160254,0.0,1.0
160258,0.0,1.0
160270,0.0,1.0
160271,1.0,0.0
160280,0.0,1.0
160292,0.0,1.0
160301,0.0,1.0
160327,0.0,1.0
160329,0.0,1.0
160332,0.0,1.0
160344,0.0,1.0
160354,0.0,1.0
160374,0.0,1.0
160380,0.0,1.0
160381,0.0,1.0
160383,0.0,1.0
160390,0.0,1.0
160403,0.0,1.0
160412,0.0,1.0
160413,0.0,1.0
160417,1.0,0.0
160423,0.0,1.0
160427,1.0,0.0
160441,1.0,0.0
160446,0.0,1.0
160447,0.0,1.0
160466,0.0,1.0
160473,0.0,1.0
160485,1.0,0.0
160486,0.0,1.0
160500,0.0,1.0
160509,0.0,1.0
160524,0.0,1.0
160541,0.0,1.0
160561,0.0,1.0
160565,0.0,1.0
160568,0.0,1.0
160580,0.0,1.0
160581,1.0,0.0
160585,0.0,1.0
160598,0.0,1.0
160599,0.0,1.0
160601,0.0,1.0
160607,0.0,1.0
160608,0.0,1.0
160611,0.0,1.0
160621,0.0,1.0
160624,0.0,1.0
160626,0.0,1.0
160627,0.0,1.0
160645,1.0,0.0
160649,0.0,1.0
160657,0.0,1.0
160670,0.0,1.0
160675,0.0,1.0
160686,0.0,1.0
160706,0.0,1.0
160712,0.0,1.0
160713,0.0,1.0
160744,0.0,1.0
160748,0.0,1.0
160757,0.0,1.0
160766,0.0,1.0
160767,0.0,1.0
160772,0.0,1.0
160779,0.0,1.0
160785,0.0,1.0
160801,0.0,1.0
160807,1.0,0.0
160823,0.0,1.0
160837,0.0,1.0
160839,0.0,1.0
160849,0.0,1.0
160852,0.0,1.0
160857,0.0,1.0
160858,0.0,1.0
160868,0.0,1.0
160873,0.0,1.0
160874,0.0,1.0
160877,0.0,1.0
160878,0.0,1.0
160884,0.0,1.0
160888,0.0,1.0
160891,0.0,1.0
160892,0.0,1.0
160894,1.0,0.0
160912,0.0,1.0
160921,0.0,1.0
160922,0.0,1.0
160925,0.0,1.0
160927,0.0,1.0
160941,0.0,1.0
160943,0.0,1.0
160957,1.0,0.0
160960,1.0,0.0
160966,0.0,1.0
160990,0.0,1.0
160997,0.0,1.0
161001,1.0,0.0
161005,0.0,1.0
161006,0.0,1.0
161007,0.0,1.0
161009,0.0,1.0
161024,0.0,1.0
161025,0.0,1.0
161029,0.0,1.0
161032,0.0,1.0
161033,0.0,1.0
161036,0.0,1.0
161052,0.0,1.0
161053,1.0,0.0
161055,1.0,0.0
161062,0.0,1.0
161078,0.0,1.0
161086,0.0,1.0
161102,0.0,1.0
161103,0.0,1.0
161116,0.0,1.0
161121,1.0,0.0
161123,1.0,0.0
161128,0.0,1.0
161140,0.0,1.0
161141,0.0,1.0
161143,0.0,1.0
161147,0.0,1.0
161150,0.0,1.0
161157,0.0,1.0
161159,1.0,0.0
161161,0.0,1.0
161167,0.0,1.0
161173,0.0,1.0
161175,0.0,1.0
161176,1.0,0.0
161181,0.0,1.0
161182,1.0,0.0
161188,0.0,1.0
161192,0.0,1.0
161198,1.0,0.0
161205,0.0,1.0
161212,0.0,1.0
161215,0.0,1.0
161218,0.0,1.0
161235,0.0,1.0
161236,0.0,1.0
161249,0.0,1.0
161252,0.0,1.0
161257,1.0,0.0
161262,0.0,1.0
161295,0.0,1.0
161297,0.0,1.0
161301,0.0,1.0
161305,0.0,1.0
161310,0.0,1.0
161311,0.0,1.0
161329,0.0,1.0
161340,1.0,0.0
161345,0.0,1.0
161352,0.0,1.0
161365,0.0,1.0
161370,1.0,0.0
161373,0.0,1.0
161380,0.0,1.0
161388,0.0,1.0
161389,0.0,1.0
161392,0.0,1.0
161396,0.0,1.0
161418,1.0,0.0
161419,0.0,1.0
161428,0.0,1.0
161429,0.0,1.0
161436,0.0,1.0
161441,0.0,1.0
161444,0.0,1.0
161465,0.0,1.0
161479,0.0,1.0
161481,0.0,1.0
161483,0.0,1.0
161484,0.0,1.0
161493,0.0,1.0
161497,1.0,0.0
161504,0.0,1.0
161512,0.0,1.0
161513,0.0,1.0
161514,0.0,1.0
161531,0.0,1.0
161549,1.0,0.0
161550,0.0,1.0
161563,0.0,1.0
161564,0.0,1.0
161567,0.0,1.0
161592,0.0,1.0
161601,0.0,1.0
161608,0.0,1.0
161626,0.0,1.0
161633,0.0,1.0
161634,0.0,1.0
161636,1.0,0.0
161650,0.0,1.0
161656,0.0,1.0
161663,0.0,1.0
161681,0.0,1.0
161682,1.0,0.0
161690,0.0,1.0
161698,0.0,1.0
161701,1.0,0.0
161702,0.0,1.0
161716,1.0,0.0
161727,0.0,1.0
161734,0.0,1.0
161738,0.0,1.0
161749,0.0,1.0
161776,0.0,1.0
161791,0.0,1.0
161800,0.0,1.0
161811,0.0,1.0
161817,0.0,1.0
161831,0.0,1.0
161832,0.0,1.0
161837,0.0,1.0
161841,0.0,1.0
161846,1.0,0.0
161849,0.0,1.0
161854,0.0,1.0
161858,0.0,1.0
161859,0.0,1.0
161867,1.0,0.0
161876,0.0,1.0
161888,1.0,0.0
161911,0.0,1.0
161917,0.0,1.0
161918,1.0,0.0
161923,0.0,1.0
161924,0.0,1.0
161925,0.0,1.0
161929,0.0,1.0
161931,1.0,0.0
161942,0.0,1.0
161952,1.0,0.0
161961,0.0,1.0
161974,0.0,1.0
161988,0.0,1.0
162005,0.0,1.0
162009,0.0,1.0
162036,1.0,0.0
162039,0.0,1.0
162040,0.0,1.0
162041,0.0,1.0
162044,0.0,1.0
162046,0.0,1.0
162054,0.0,1.0
162064,1.0,0.0
162066,0.0,1.0
162068,0.0,1.0
162075,0.0,1.0
162080,0.0,1.0
162094,0.0,1.0
162095,0.0,1.0
162099,1.0,0.0
162101,0.0,1.0
162105,0.0,1.0
162106,0.0,1.0
162116,0.0,1.0
162120,0.0,1.0
162124,0.0,1.0
162126,0.0,1.0
162133,0.0,1.0
162147,0.0,1.0
162161,0.0,1.0
162169,0.0,1.0
162175,0.0,1.0
162176,0.0,1.0
162181,0.0,1.0
162184,0.0,1.0
162200,0.0,1.0
162201,1.0,0.0
162204,0.0,1.0
162208,0.0,1.0
162222,0.0,1.0
162224,0.0,1.0
162232,0.0,1.0
162240,0.0,1.0
162241,0.0,1.0
162255,0.0,1.0
162257,1.0,0.0
162261,0.0,1.0
162268,0.0,1.0
162274,0.0,1.0
162279,0.0,1.0
162285,0.0,1.0
162296,0.0,1.0
162297,0.0,1.0
162298,0.0,1.0
162308,0.0,1.0
162314,0.0,1.0
162318,0.0,1.0
162325,0.0,1.0
162331,0.0,1.0
162343,0.0,1.0
162348,0.0,1.0
162350,0.0,1.0
162354,0.0,1.0
162355,0.0,1.0
162356,1.0,0.0
162359,1.0,0.0
162360,0.0,1.0
162362,0.0,1.0
162374,0.0,1.0
162376,0.0,1.0
162377,0.0,1.0
162379,0.0,1.0
162380,0.0,1.0
162387,0.0,1.0
162391,0.0,1.0
162392,0.0,1.0
162397,0.0,1.0
162399,0.0,1.0
162409,1.0,0.0
162412,1.0,0.0
162413,0.0,1.0
162414,0.0,1.0
162415,0.0,1.0
162421,1.0,0.0
162428,0.0,1.0
162436,0.0,1.0
162439,0.0,1.0
162442,1.0,0.0
162461,0.0,1.0
162466,0.0,1.0
162473,0.0,1.0
162474,0.0,1.0
162480,0.0,1.0
162487,0.0,1.0
162489,0.0,1.0
162502,0.0,1.0
162503,0.0,1.0
162504,1.0,0.0
162512,0.0,1.0
162516,0.0,1.0
162522,1.0,0.0
162545,0.0,1.0
162547,0.0,1.0
162551,0.0,1.0
162558,0.0,1.0
162564,0.0,1.0
162572,0.0,1.0
162593,0.0,1.0
162598,0.0,1.0
162607,1.0,0.0
162609,0.0,1.0
162610,0.0,1.0
162621,0.0,1.0
162626,0.0,1.0
162629,0.0,1.0
162635,0.0,1.0
162640,0.0,1.0
162644,0.0,1.0
162650,0.0,1.0
162653,0.0,1.0
162660,0.0,1.0
162665,0.0,1.0
162667,0.0,1.0
162679,1.0,0.0
162690,0.0,1.0
162694,0.0,1.0
162713,0.0,1.0
162714,0.0,1.0
162718,0.0,1.0
162720,0.0,1.0
162732,0.0,1.0
162736,0.0,1.0
162738,0.0,1.0
162745,0.0,1.0
162749,0.0,1.0
162753,0.0,1.0
162755,0.0,1.0
162767,0.0,1.0
162771,1.0,0.0
162776,1.0,0.0
162777,0.0,1.0
162778,0.0,1.0
162787,0.0,1.0
162788,0.0,1.0
162795,0.0,1.0
162800,0.0,1.0
162805,0.0,1.0
162834,0.0,1.0
162847,0.0,1.0
162848,0.0,1.0
162857,0.0,1.0
162861,0.0,1.0
162867,1.0,0.0
162873,0.0,1.0
162875,0.0,1.0
162883,0.0,1.0
162884,0.0,1.0
162886,0.0,1.0
162889,0.0,1.0
162897,0.0,1.0
162911,0.0,1.0
162934,0.0,1.0
162939,0.0,1.0
162945,0.0,1.0
162949,0.0,1.0
162956,1.0,0.0
162963,0.0,1.0
162971,0.0,1.0
162981,0.0,1.0
162982,0.0,1.0
163003,0.0,1.0
163010,0.0,1.0
163011,0.0,1.0
163012,0.0,1.0
163022,0.0,1.0
163029,0.0,1.0
163031,0.0,1.0
163032,0.0,1.0
163049,0.0,1.0
163052,0.0,1.0
163058,1.0,0.0
163062,0.0,1.0
163063,0.0,1.0
163066,0.0,1.0
163073,0.0,1.0
163075,0.0,1.0
163082,0.0,1.0
163091,0.0,1.0
163092,1.0,0.0
163093,1.0,0.0
163103,0.0,1.0
163104,0.0,1.0
163111,0.0,1.0
163115,0.0,1.0
163122,0.0,1.0
163137,0.0,1.0
163139,0.0,1.0
163144,1.0,0.0
163147,1.0,0.0
163148,0.0,1.0
163150,1.0,0.0
163162,0.0,1.0
163163,0.0,1.0
163174,0.0,1.0
163180,1.0,0.0
163183,0.0,1.0
163188,0.0,1.0
163189,0.0,1.0
163206,0.0,1.0
163217,0.0,1.0
163218,0.0,1.0
163225,0.0,1.0
163228,1.0,0.0
163230,1.0,0.0
163238,0.0,1.0
163242,0.0,1.0
163244,0.0,1.0
163266,0.0,1.0
163282,0.0,1.0
163289,0.0,1.0
163291,0.0,1.0
163293,0.0,1.0
163295,0.0,1.0
163301,0.0,1.0
163308,0.0,1.0
163315,0.0,1.0
163319,0.0,1.0
163325,0.0,1.0
163328,0.0,1.0
163345,0.0,1.0
163368,0.0,1.0
163371,0.0,1.0
163376,0.0,1.0
163382,0.0,1.0
163385,0.0,1.0
163389,0.0,1.0
163391,0.0,1.0
163393,0.0,1.0
163399,0.0,1.0
163402,0.0,1.0
163416,1.0,0.0
163417,0.0,1.0
163419,0.0,1.0
163437,1.0,0.0
163442,0.0,1.0
163448,0.0,1.0
163450,0.0,1.0
163451,0.0,1.0
163454,0.0,1.0
163455,0.0,1.0
163457,0.0,1.0
163467,0.0,1.0
163471,0.0,1.0
163483,0.0,1.0
163496,0.0,1.0
163520,0.0,1.0
163539,0.0,1.0
163541,1.0,0.0
163562,0.0,1.0
163573,0.0,1.0
163576,0.0,1.0
163591,0.0,1.0
163595,0.0,1.0
163596,0.0,1.0
163620,0.0,1.0
163637,0.0,1.0
163639,0.0,1.0
163640,0.0,1.0
163643,0.0,1.0
163645,1.0,0.0
163647,0.0,1.0
163650,0.0,1.0
163651,1.0,0.0
163652,0.0,1.0
163658,0.0,1.0
163659,0.0,1.0
163663,0.0,1.0
163665,0.0,1.0
163666,0.0,1.0
163672,0.0,1.0
163674,0.0,1.0
163675,0.0,1.0
163683,0.0,1.0
163684,1.0,0.0
163694,0.0,1.0
163697,1.0,0.0
163698,0.0,1.0
163702,0.0,1.0
163715,0.0,1.0
163716,0.0,1.0
163717,1.0,0.0
163732,0.0,1.0
163733,1.0,0.0
163735,1.0,0.0
163736,1.0,0.0
163739,0.0,1.0
163750,1.0,0.0
163758,0.0,1.0
163759,1.0,0.0
163761,0.0,1.0
163770,0.0,1.0
163772,0.0,1.0
163777,1.0,0.0
163779,0.0,1.0
163791,0.0,1.0
163793,0.0,1.0
163795,0.0,1.0
163799,0.0,1.0
163804,0.0,1.0
163807,0.0,1.0
163814,1.0,0.0
163822,0.0,1.0
163823,1.0,0.0
163826,0.0,1.0
163830,1.0,0.0
163834,1.0,0.0
163837,0.0,1.0
163838,0.0,1.0
163844,1.0,0.0
163855,0.0,1.0
163856,0.0,1.0
163868,0.0,1.0
163880,1.0,0.0
163881,0.0,1.0
163884,0.0,1.0
163887,0.0,1.0
163888,0.0,1.0
163889,0.0,1.0
163897,1.0,0.0
163898,1.0,0.0
163907,0.0,1.0
163908,0.0,1.0
163910,0.0,1.0
163931,1.0,0.0
163942,0.0,1.0
163943,0.0,1.0
163951,0.0,1.0
163955,1.0,0.0
163969,0.0,1.0
163984,1.0,0.0
163986,0.0,1.0
163989,1.0,0.0
164004,0.0,1.0
164005,1.0,0.0
164006,0.0,1.0
164011,0.0,1.0
164015,0.0,1.0
164016,0.0,1.0
164025,0.0,1.0
164032,1.0,0.0
164037,0.0,1.0
164039,0.0,1.0
164040,0.0,1.0
164042,0.0,1.0
164043,0.0,1.0
164052,0.0,1.0
164064,0.0,1.0
164069,0.0,1.0
164075,0.0,1.0
164084,0.0,1.0
164087,0.0,1.0
164090,0.0,1.0
164099,0.0,1.0
164104,0.0,1.0
164127,0.0,1.0
164131,1.0,0.0
164135,1.0,0.0
164152,0.0,1.0
164153,0.0,1.0
164154,0.0,1.0
164155,0.0,1.0
164163,0.0,1.0
164166,0.0,1.0
164173,0.0,1.0
164180,0.0,1.0
164189,0.0,1.0
164195,0.0,1.0
164196,1.0,0.0
164199,0.0,1.0
164215,0.0,1.0
164226,0.0,1.0
164230,0.0,1.0
164265,0.0,1.0
164273,0.0,1.0
164275,0.0,1.0
164280,0.0,1.0
164285,0.0,1.0
164300,0.0,1.0
164301,0.0,1.0
164302,1.0,0.0
164320,0.0,1.0
164328,0.0,1.0
164334,0.0,1.0
164337,0.0,1.0
164340,1.0,0.0
164342,0.0,1.0
164368,0.0,1.0
164369,0.0,1.0
164386,1.0,0.0
164387,0.0,1.0
164394,0.0,1.0
164410,0.0,1.0
164415,0.0,1.0
164422,0.0,1.0
164423,0.0,1.0
164448,0.0,1.0
164459,0.0,1.0
164475,1.0,0.0
164476,0.0,1.0
164485,0.0,1.0
164491,1.0,0.0
164501,0.0,1.0
164502,0.0,1.0
164503,0.0,1.0
164509,0.0,1.0
164521,1.0,0.0
164530,0.0,1.0
164534,0.0,1.0
164538,1.0,0.0
164540,0.0,1.0
164554,0.0,1.0
164557,1.0,0.0
164559,0.0,1.0
164562,0.0,1.0
164566,0.0,1.0
164594,0.0,1.0
164599,0.0,1.0
164601,1.0,0.0
164617,0.0,1.0
164619,1.0,0.0
164628,0.0,1.0
164633,1.0,0.0
164643,0.0,1.0
164646,0.0,1.0
164651,1.0,0.0
164653,1.0,0.0
164659,0.0,1.0
164683,0.0,1.0
164687,1.0,0.0
164690,0.0,1.0
164693,0.0,1.0
164696,0.0,1.0
164699,0.0,1.0
164701,1.0,0.0
164704,0.0,1.0
164710,0.0,1.0
164718,0.0,1.0
164722,1.0,0.0
164730,0.0,1.0
164732,0.0,1.0
164736,1.0,0.0
164743,0.0,1.0
164761,0.0,1.0
164783,0.0,1.0
164787,0.0,1.0
164811,0.0,1.0
164818,0.0,1.0
164827,0.0,1.0
164829,0.0,1.0
164832,0.0,1.0
164855,0.0,1.0
164860,0.0,1.0
164863,0.0,1.0
164871,0.0,1.0
164878,0.0,1.0
164883,1.0,0.0
164891,1.0,0.0
164908,0.0,1.0
164910,0.0,1.0
164914,0.0,1.0
164920,0.0,1.0
164921,0.0,1.0
164928,0.0,1.0
164931,0.0,1.0
164950,0.0,1.0
164952,0.0,1.0
164955,0.0,1.0
164959,0.0,1.0
164961,0.0,1.0
164975,0.0,1.0
164978,0.0,1.0
164994,1.0,0.0
165003,0.0,1.0
165005,0.0,1.0
165016,0.0,1.0
165030,0.0,1.0
165039,0.0,1.0
165040,0.0,1.0
165041,0.0,1.0
165042,1.0,0.0
165047,0.0,1.0
165051,0.0,1.0
165059,0.0,1.0
165066,0.0,1.0
165077,0.0,1.0
165082,0.0,1.0
165088,0.0,1.0
165089,0.0,1.0
165100,0.0,1.0
165101,0.0,1.0
165103,0.0,1.0
165112,1.0,0.0
165127,0.0,1.0
165128,1.0,0.0
165130,0.0,1.0
165146,0.0,1.0
165150,0.0,1.0
165156,0.0,1.0
165159,0.0,1.0
165160,0.0,1.0
165180,0.0,1.0
165184,1.0,0.0
165186,0.0,1.0
165190,1.0,0.0
165197,0.0,1.0
165202,1.0,0.0
165210,1.0,0.0
165221,0.0,1.0
165231,0.0,1.0
165232,0.0,1.0
165246,0.0,1.0
165249,0.0,1.0
165253,0.0,1.0
165259,0.0,1.0
165261,0.0,1.0
165266,0.0,1.0
165285,0.0,1.0
165313,0.0,1.0
165316,0.0,1.0
165327,0.0,1.0
165332,0.0,1.0
165362,0.0,1.0
165366,0.0,1.0
165367,0.0,1.0
165370,0.0,1.0
165388,1.0,0.0
165392,0.0,1.0
165395,0.0,1.0
165398,1.0,0.0
165404,0.0,1.0
165429,1.0,0.0
165447,1.0,0.0
165454,0.0,1.0
165457,0.0,1.0
165467,0.0,1.0
165469,0.0,1.0
165471,0.0,1.0
165480,0.0,1.0
165487,0.0,1.0
165489,0.0,1.0
165496,0.0,1.0
165503,0.0,1.0
165506,0.0,1.0
165511,0.0,1.0
165517,0.0,1.0
165518,0.0,1.0
165528,1.0,0.0
165536,0.0,1.0
165540,1.0,0.0
165542,0.0,1.0
165551,0.0,1.0
165553,0.0,1.0
165554,0.0,1.0
165563,0.0,1.0
165566,0.0,1.0
165583,0.0,1.0
165591,0.0,1.0
165594,0.0,1.0
165597,0.0,1.0
165599,0.0,1.0
165609,0.0,1.0
165612,1.0,0.0
165615,0.0,1.0
165619,0.0,1.0
165620,0.0,1.0
165622,1.0,0.0
165634,1.0,0.0
165636,0.0,1.0
165639,0.0,1.0
165649,0.0,1.0
165655,0.0,1.0
165661,0.0,1.0
165663,0.0,1.0
165667,0.0,1.0
165671,0.0,1.0
165691,1.0,0.0
165699,0.0,1.0
165703,0.0,1.0
165711,1.0,0.0
165716,1.0,0.0
165724,1.0,0.0
165740,0.0,1.0
165751,0.0,1.0
165752,1.0,0.0
165753,1.0,0.0
165758,1.0,0.0
165761,0.0,1.0
165765,0.0,1.0
165768,0.0,1.0
165777,0.0,1.0
165785,0.0,1.0
165786,0.0,1.0
165788,0.0,1.0
165791,1.0,0.0
165792,0.0,1.0
165800,1.0,0.0
165801,0.0,1.0
165803,0.0,1.0
165816,0.0,1.0
165817,0.0,1.0
165835,0.0,1.0
165844,0.0,1.0
165848,0.0,1.0
165858,0.0,1.0
165859,1.0,0.0
165863,0.0,1.0
165864,0.0,1.0
165876,0.0,1.0
165888,0.0,1.0
165916,0.0,1.0
165919,0.0,1.0
165920,0.0,1.0
165929,0.0,1.0
165935,1.0,0.0
165936,0.0,1.0
165938,0.0,1.0
165942,0.0,1.0
165944,0.0,1.0
165945,0.0,1.0
165947,1.0,0.0
165956,0.0,1.0
165984,0.0,1.0
166008,0.0,1.0
166011,0.0,1.0
166019,0.0,1.0
166023,0.0,1.0
166027,0.0,1.0
166032,0.0,1.0
166033,0.0,1.0
166044,0.0,1.0
166052,0.0,1.0
166055,0.0,1.0
166059,1.0,0.0
166062,0.0,1.0
166071,0.0,1.0
166072,1.0,0.0
166083,0.0,1.0
166089,1.0,0.0
166099,0.0,1.0
166112,1.0,0.0
166113,0.0,1.0
166128,0.0,1.0
166134,0.0,1.0
166139,1.0,0.0
166142,1.0,0.0
166144,0.0,1.0
166146,1.0,0.0
166147,0.0,1.0
166157,0.0,1.0
166166,0.0,1.0
166179,0.0,1.0
166180,1.0,0.0
166201,0.0,1.0
166205,0.0,1.0
166209,0.0,1.0
166211,0.0,1.0
166224,1.0,0.0
166225,1.0,0.0
166227,0.0,1.0
166239,0.0,1.0
166245,1.0,0.0
166247,0.0,1.0
166261,0.0,1.0
166262,0.0,1.0
166274,1.0,0.0
166280,1.0,0.0
166283,0.0,1.0
166284,0.0,1.0
166286,0.0,1.0
166289,1.0,0.0
166292,0.0,1.0
166309,0.0,1.0
166323,0.0,1.0
166327,0.0,1.0
166339,0.0,1.0
166350,0.0,1.0
166353,0.0,1.0
166354,0.0,1.0
166356,0.0,1.0
166358,0.0,1.0
166361,0.0,1.0
166364,0.0,1.0
166375,0.0,1.0
166391,1.0,0.0
166392,0.0,1.0
166393,0.0,1.0
166398,1.0,0.0
166400,0.0,1.0
166401,0.0,1.0
166404,0.0,1.0
166418,0.0,1.0
166424,0.0,1.0
166439,0.0,1.0
166440,0.0,1.0
166446,1.0,0.0
166449,0.0,1.0
166460,0.0,1.0
166461,0.0,1.0
166468,0.0,1.0
166471,0.0,1.0
166472,0.0,1.0
166473,0.0,1.0
166478,1.0,0.0
166479,1.0,0.0
166480,0.0,1.0
166481,0.0,1.0
166483,1.0,0.0
166484,0.0,1.0
166501,1.0,0.0
166523,0.0,1.0
166536,0.0,1.0
166537,1.0,0.0
166556,0.0,1.0
166557,1.0,0.0
166563,0.0,1.0
166566,1.0,0.0
166568,0.0,1.0
166579,0.0,1.0
166584,0.0,1.0
166587,1.0,0.0
166590,0.0,1.0
166602,0.0,1.0
166609,0.0,1.0
166610,0.0,1.0
166619,1.0,0.0
166629,0.0,1.0
166631,0.0,1.0
166634,0.0,1.0
166635,0.0,1.0
166645,0.0,1.0
166656,1.0,0.0
166658,0.0,1.0
166669,1.0,0.0
166680,0.0,1.0
166683,0.0,1.0
166685,0.0,1.0
166689,1.0,0.0
166693,0.0,1.0
166695,0.0,1.0
166697,1.0,0.0
166699,1.0,0.0
166702,0.0,1.0
166717,0.0,1.0
166718,0.0,1.0
166724,0.0,1.0
166729,0.0,1.0
166748,0.0,1.0
166756,1.0,0.0
166762,0.0,1.0
166763,0.0,1.0
166771,0.0,1.0
166792,0.0,1.0
166806,0.0,1.0
166813,1.0,0.0
166843,0.0,1.0
166848,1.0,0.0
166859,0.0,1.0
166861,0.0,1.0
166862,0.0,1.0
166863,1.0,0.0
166872,0.0,1.0
166886,0.0,1.0
166889,0.0,1.0
166890,0.0,1.0
166891,0.0,1.0
166892,0.0,1.0
166902,0.0,1.0
166909,1.0,0.0
166919,0.0,1.0
166921,0.0,1.0
166922,0.0,1.0
166924,0.0,1.0
166933,0.0,1.0
166942,1.0,0.0
166954,0.0,1.0
166963,0.0,1.0
166975,0.0,1.0
166981,0.0,1.0
166983,0.0,1.0
166987,0.0,1.0
166994,0.0,1.0
167002,0.0,1.0
167005,0.0,1.0
167008,0.0,1.0
167012,0.0,1.0
167013,1.0,0.0
167015,0.0,1.0
167022,0.0,1.0
167025,0.0,1.0
167052,0.0,1.0
167070,1.0,0.0
167071,0.0,1.0
167072,0.0,1.0
167082,0.0,1.0
167090,0.0,1.0
167104,0.0,1.0
167130,0.0,1.0
167153,0.0,1.0
167157,1.0,0.0
167168,0.0,1.0
167169,0.0,1.0
167179,0.0,1.0
167181,0.0,1.0
167187,1.0,0.0
167192,0.0,1.0
167195,0.0,1.0
167204,0.0,1.0
167206,0.0,1.0
167216,0.0,1.0
167220,0.0,1.0
167229,0.0,1.0
167231,0.0,1.0
167233,0.0,1.0
167236,1.0,0.0
167243,0.0,1.0
167249,0.0,1.0
167250,0.0,1.0
167253,0.0,1.0
167254,0.0,1.0
167264,0.0,1.0
167272,0.0,1.0
167280,0.0,1.0
167283,1.0,0.0
167296,0.0,1.0
167303,1.0,0.0
167308,0.0,1.0
167312,1.0,0.0
167313,0.0,1.0
167314,0.0,1.0
167317,0.0,1.0
167342,0.0,1.0
167349,0.0,1.0
167353,0.0,1.0
167361,1.0,0.0
167376,0.0,1.0
167379,0.0,1.0
167385,0.0,1.0
167397,0.0,1.0
167400,0.0,1.0
167408,1.0,0.0
167412,0.0,1.0
167415,0.0,1.0
167416,1.0,0.0
167418,0.0,1.0
167419,0.0,1.0
167422,0.0,1.0
167435,1.0,0.0
167458,0.0,1.0
167461,0.0,1.0
167462,0.0,1.0
167475,0.0,1.0
167480,0.0,1.0
167486,0.0,1.0
167488,0.0,1.0
167495,1.0,0.0
167496,0.0,1.0
167500,0.0,1.0
167506,0.0,1.0
167522,0.0,1.0
167536,0.0,1.0
167537,0.0,1.0
167547,0.0,1.0
167554,1.0,0.0
167559,0.0,1.0
167579,0.0,1.0
167588,0.0,1.0
167600,0.0,1.0
167603,0.0,1.0
167605,0.0,1.0
167606,0.0,1.0
167622,0.0,1.0
167623,0.0,1.0
167626,0.0,1.0
167630,0.0,1.0
167631,0.0,1.0
167633,0.0,1.0
167639,0.0,1.0
167647,0.0,1.0
167675,1.0,0.0
167681,0.0,1.0
167684,0.0,1.0
167685,0.0,1.0
167708,0.0,1.0
167712,1.0,0.0
167716,0.0,1.0
167720,0.0,1.0
167725,0.0,1.0
167726,0.0,1.0
167727,0.0,1.0
167741,0.0,1.0
167748,0.0,1.0
167751,0.0,1.0
167753,0.0,1.0
167754,0.0,1.0
167761,0.0,1.0
167772,0.0,1.0
167776,0.0,1.0
167778,0.0,1.0
167783,0.0,1.0
167791,0.0,1.0
167798,0.0,1.0
167816,1.0,0.0
167818,0.0,1.0
167819,0.0,1.0
167822,0.0,1.0
167831,0.0,1.0
167834,0.0,1.0
167839,0.0,1.0
167845,0.0,1.0
167851,0.0,1.0
167865,0.0,1.0
167867,0.0,1.0
167873,0.0,1.0
167875,0.0,1.0
167890,0.0,1.0
167891,0.0,1.0
167892,1.0,0.0
167900,0.0,1.0
167917,1.0,0.0
167919,0.0,1.0
167930,0.0,1.0
167935,0.0,1.0
167938,0.0,1.0
167940,0.0,1.0
167948,0.0,1.0
167949,0.0,1.0
167962,0.0,1.0
167976,0.0,1.0
167981,0.0,1.0
167982,0.0,1.0
167984,0.0,1.0
167988,0.0,1.0
167992,0.0,1.0
167999,0.0,1.0
168007,0.0,1.0
168015,0.0,1.0
168033,1.0,0.0
168041,0.0,1.0
168042,0.0,1.0
168043,1.0,0.0
168045,0.0,1.0
168056,1.0,0.0
168058,0.0,1.0
168062,0.0,1.0
168090,0.0,1.0
168096,0.0,1.0
168097,0.0,1.0
168109,0.0,1.0
168119,0.0,1.0
168121,0.0,1.0
168127,0.0,1.0
168128,0.0,1.0
168147,0.0,1.0
168148,0.0,1.0
168150,0.0,1.0
168152,1.0,0.0
168161,0.0,1.0
168162,0.0,1.0
168167,0.0,1.0
168169,1.0,0.0
168175,1.0,0.0
168180,1.0,0.0
168182,0.0,1.0
168199,0.0,1.0
168205,0.0,1.0
168224,1.0,0.0
168234,0.0,1.0
168236,0.0,1.0
168242,0.0,1.0
168244,0.0,1.0
168247,0.0,1.0
168248,0.0,1.0
168250,0.0,1.0
168252,0.0,1.0
168256,0.0,1.0
168261,0.0,1.0
168266,0.0,1.0
168274,0.0,1.0
168283,1.0,0.0
168289,1.0,0.0
168292,1.0,0.0
168293,0.0,1.0
168295,0.0,1.0
168303,0.0,1.0
168309,0.0,1.0
168313,1.0,0.0
168319,0.0,1.0
168321,0.0,1.0
168325,0.0,1.0
168326,0.0,1.0
168329,0.0,1.0
168338,0.0,1.0
168339,0.0,1.0
168343,0.0,1.0
168346,0.0,1.0
168352,0.0,1.0
168374,0.0,1.0
168379,0.0,1.0
168391,0.0,1.0
168397,0.0,1.0
168402,0.0,1.0
168404,0.0,1.0
168407,0.0,1.0
168408,0.0,1.0
168413,0.0,1.0
168416,0.0,1.0
168420,0.0,1.0
168424,0.0,1.0
168425,0.0,1.0
168427,0.0,1.0
168429,0.0,1.0
168440,0.0,1.0
168446,0.0,1.0
168448,0.0,1.0
168456,0.0,1.0
168464,1.0,0.0
168468,0.0,1.0
168474,0.0,1.0
168475,0.0,1.0
168481,0.0,1.0
168487,0.0,1.0
168508,0.0,1.0
168511,0.0,1.0
168519,0.0,1.0
168522,1.0,0.0
168527,0.0,1.0
168529,0.0,1.0
168530,0.0,1.0
168547,0.0,1.0
168555,0.0,1.0
168562,0.0,1.0
168565,1.0,0.0
168572,1.0,0.0
168578,0.0,1.0
168582,0.0,1.0
168584,0.0,1.0
168626,1.0,0.0
168633,0.0,1.0
168636,1.0,0.0
168639,1.0,0.0
168643,0.0,1.0
168649,0.0,1.0
168655,0.0,1.0
168662,0.0,1.0
168679,0.0,1.0
168681,0.0,1.0
168682,0.0,1.0
168699,0.0,1.0
168700,0.0,1.0
168701,0.0,1.0
168704,1.0,0.0
168745,0.0,1.0
168749,0.0,1.0
168752,0.0,1.0
168759,1.0,0.0
168771,0.0,1.0
168772,0.0,1.0
168773,0.0,1.0
168775,0.0,1.0
168786,0.0,1.0
168790,0.0,1.0
168804,0.0,1.0
168808,0.0,1.0
168814,0.0,1.0
168816,0.0,1.0
168819,0.0,1.0
168833,0.0,1.0
168863,0.0,1.0
168869,0.0,1.0
168871,0.0,1.0
168872,0.0,1.0
168877,0.0,1.0
168887,0.0,1.0
168914,0.0,1.0
168921,0.0,1.0
168928,0.0,1.0
168935,0.0,1.0
168945,0.0,1.0
168967,0.0,1.0
168971,0.0,1.0
168979,1.0,0.0
168981,1.0,0.0
168994,0.0,1.0
169007,0.0,1.0
169026,0.0,1.0
169028,1.0,0.0
169030,0.0,1.0
169035,0.0,1.0
169038,0.0,1.0
169041,0.0,1.0
169050,1.0,0.0
169054,0.0,1.0
169056,0.0,1.0
169074,0.0,1.0
169076,0.0,1.0
169079,1.0,0.0
169080,0.0,1.0
169083,0.0,1.0
169085,0.0,1.0
169091,0.0,1.0
169105,0.0,1.0
169112,0.0,1.0
169138,0.0,1.0
169141,0.0,1.0
169157,0.0,1.0
169158,0.0,1.0
169160,0.0,1.0
169167,1.0,0.0
169170,0.0,1.0
169186,0.0,1.0
169188,0.0,1.0
169193,0.0,1.0
169198,1.0,0.0
169211,0.0,1.0
169217,0.0,1.0
169218,1.0,0.0
169221,0.0,1.0
169225,0.0,1.0
169227,0.0,1.0
169229,0.0,1.0
169236,0.0,1.0
169238,0.0,1.0
169239,0.0,1.0
169250,1.0,0.0
169252,0.0,1.0
169258,0.0,1.0
169261,0.0,1.0
169264,1.0,0.0
169271,0.0,1.0
169275,0.0,1.0
169278,0.0,1.0
169281,0.0,1.0
169282,0.0,1.0
169285,0.0,1.0
169312,0.0,1.0
169319,0.0,1.0
169335,1.0,0.0
169341,0.0,1.0
169350,0.0,1.0
169351,0.0,1.0
169381,0.0,1.0
169398,0.0,1.0
169409,0.0,1.0
169419,0.0,1.0
169420,0.0,1.0
169427,0.0,1.0
169435,1.0,0.0
169436,0.0,1.0
169447,0.0,1.0
169448,0.0,1.0
169449,0.0,1.0
169452,0.0,1.0
169453,0.0,1.0
169456,0.0,1.0
169463,0.0,1.0
169466,0.0,1.0
169468,0.0,1.0
169490,0.0,1.0
169492,0.0,1.0
169502,0.0,1.0
169516,1.0,0.0
169519,0.0,1.0
169529,0.0,1.0
169543,0.0,1.0
169548,0.0,1.0
169562,0.0,1.0
169564,0.0,1.0
169570,0.0,1.0
169577,0.0,1.0
169585,0.0,1.0
169592,0.0,1.0
169593,0.0,1.0
169595,1.0,0.0
169597,0.0,1.0
169605,0.0,1.0
169606,0.0,1.0
169615,0.0,1.0
169627,0.0,1.0
169631,1.0,0.0
169638,0.0,1.0
169655,0.0,1.0
169657,0.0,1.0
169658,0.0,1.0
169665,0.0,1.0
169677,0.0,1.0
169679,0.0,1.0
169680,0.0,1.0
169686,0.0,1.0
169687,0.0,1.0
169688,0.0,1.0
169690,0.0,1.0
169700,0.0,1.0
169713,0.0,1.0
169714,1.0,0.0
169724,0.0,1.0
169754,0.0,1.0
169759,0.0,1.0
169762,1.0,0.0
169764,0.0,1.0
169766,1.0,0.0
169767,1.0,0.0
169772,0.0,1.0
169775,0.0,1.0
169780,0.0,1.0
169783,0.0,1.0
169793,0.0,1.0
169803,0.0,1.0
169811,0.0,1.0
169817,1.0,0.0
169821,0.0,1.0
169840,0.0,1.0
169850,0.0,1.0
169857,0.0,1.0
169882,0.0,1.0
169887,1.0,0.0
169906,0.0,1.0
169908,0.0,1.0
169918,0.0,1.0
169923,0.0,1.0
169925,0.0,1.0
169938,0.0,1.0
169947,0.0,1.0
169951,0.0,1.0
169952,0.0,1.0
169954,1.0,0.0
169960,0.0,1.0
169966,0.0,1.0
169967,1.0,0.0
169981,0.0,1.0
169987,0.0,1.0
169992,0.0,1.0
169996,0.0,1.0
170000,0.0,1.0
170009,1.0,0.0
170024,0.0,1.0
170025,0.0,1.0
170027,0.0,1.0
170029,0.0,1.0
170034,0.0,1.0
170044,0.0,1.0
170054,1.0,0.0
170055,0.0,1.0
170056,0.0,1.0
170070,0.0,1.0
170071,0.0,1.0
170072,0.0,1.0
170075,1.0,0.0
170085,0.0,1.0
170086,0.0,1.0
170095,0.0,1.0
170096,0.0,1.0
170098,0.0,1.0
170104,0.0,1.0
170108,0.0,1.0
170109,0.0,1.0
170116,0.0,1.0
170119,0.0,1.0
170123,0.0,1.0
170131,1.0,0.0
170132,0.0,1.0
170134,0.0,1.0
170145,0.0,1.0
170150,1.0,0.0
170159,0.0,1.0
170161,0.0,1.0
170163,0.0,1.0
170166,1.0,0.0
170171,0.0,1.0
170193,1.0,0.0
170194,1.0,0.0
170200,0.0,1.0
170203,0.0,1.0
170208,0.0,1.0
170219,0.0,1.0
170226,0.0,1.0
170235,0.0,1.0
170238,0.0,1.0
170253,1.0,0.0
170260,0.0,1.0
170309,1.0,0.0
170311,0.0,1.0
170316,1.0,0.0
170317,0.0,1.0
170320,0.0,1.0
170327,0.0,1.0
170330,0.0,1.0
170340,0.0,1.0
170347,0.0,1.0
170348,0.0,1.0
170355,0.0,1.0
170358,0.0,1.0
170360,0.0,1.0
170361,0.0,1.0
170388,0.0,1.0
170397,1.0,0.0
170405,0.0,1.0
170411,0.0,1.0
170421,0.0,1.0
170422,0.0,1.0
170424,0.0,1.0
170432,0.0,1.0
170433,0.0,1.0
170435,0.0,1.0
170443,0.0,1.0
170444,0.0,1.0
170445,0.0,1.0
170448,0.0,1.0
170451,0.0,1.0
170458,0.0,1.0
170461,0.0,1.0
170463,0.0,1.0
170465,0.0,1.0
170468,0.0,1.0
170472,0.0,1.0
170478,0.0,1.0
170496,0.0,1.0
170503,0.0,1.0
170507,1.0,0.0
170547,0.0,1.0
170550,0.0,1.0
170556,0.0,1.0
170557,0.0,1.0
170563,1.0,0.0
170566,0.0,1.0
170578,0.0,1.0
170584,0.0,1.0
170589,0.0,1.0
170590,0.0,1.0
170596,0.0,1.0
170602,0.0,1.0
170604,0.0,1.0
170613,1.0,0.0
170622,0.0,1.0
170630,0.0,1.0
170633,0.0,1.0
170637,1.0,0.0
170638,0.0,1.0
170642,0.0,1.0
170644,0.0,1.0
170648,0.0,1.0
170649,0.0,1.0
170650,0.0,1.0
170666,1.0,0.0
170670,0.0,1.0
170678,0.0,1.0
170680,0.0,1.0
170681,0.0,1.0
170700,0.0,1.0
170702,0.0,1.0
170706,0.0,1.0
170711,0.0,1.0
170717,1.0,0.0
170718,0.0,1.0
170724,0.0,1.0
170725,0.0,1.0
170730,0.0,1.0
170731,0.0,1.0
170732,0.0,1.0
170737,0.0,1.0
170746,1.0,0.0
170748,0.0,1.0
170763,1.0,0.0
170766,0.0,1.0
170784,0.0,1.0
170791,0.0,1.0
170801,0.0,1.0
170804,0.0,1.0
170807,0.0,1.0
170810,0.0,1.0
170812,0.0,1.0
170813,0.0,1.0
170814,1.0,0.0
170827,0.0,1.0
170833,0.0,1.0
170840,1.0,0.0
170845,0.0,1.0
170850,0.0,1.0
170856,0.0,1.0
170864,0.0,1.0
170868,0.0,1.0
170869,0.0,1.0
170882,1.0,0.0
170908,0.0,1.0
170914,1.0,0.0
170925,0.0,1.0
170929,0.0,1.0
170935,0.0,1.0
170939,0.0,1.0
170943,0.0,1.0
170946,0.0,1.0
170948,1.0,0.0
170957,1.0,0.0
170968,1.0,0.0
170972,0.0,1.0
170977,0.0,1.0
170978,0.0,1.0
170983,0.0,1.0
170984,0.0,1.0
170985,1.0,0.0
170988,0.0,1.0
170989,1.0,0.0
171000,0.0,1.0
171008,0.0,1.0
171016,0.0,1.0
171017,0.0,1.0
171019,1.0,0.0
171022,0.0,1.0
171029,0.0,1.0
171032,0.0,1.0
171034,1.0,0.0
171035,0.0,1.0
171036,0.0,1.0
171039,0.0,1.0
171048,0.0,1.0
171049,0.0,1.0
171064,0.0,1.0
171070,0.0,1.0
171076,1.0,0.0
171084,0.0,1.0
171085,0.0,1.0
171102,0.0,1.0
171115,0.0,1.0
171116,0.0,1.0
171131,0.0,1.0
171149,0.0,1.0
171151,0.0,1.0
171153,1.0,0.0
171158,1.0,0.0
171168,0.0,1.0
171175,0.0,1.0
171177,0.0,1.0
171180,0.0,1.0
171182,0.0,1.0
171189,0.0,1.0
171209,0.0,1.0
171214,0.0,1.0
171216,0.0,1.0
171217,0.0,1.0
171224,0.0,1.0
171234,0.0,1.0
171253,0.0,1.0
171280,0.0,1.0
171291,0.0,1.0
171299,0.0,1.0
171304,0.0,1.0
171308,0.0,1.0
171314,0.0,1.0
171316,0.0,1.0
171319,0.0,1.0
171329,0.0,1.0
171334,0.0,1.0
171347,0.0,1.0
171348,0.0,1.0
171350,0.0,1.0
171354,0.0,1.0
171359,0.0,1.0
171373,1.0,0.0
171374,0.0,1.0
171375,0.0,1.0
171377,0.0,1.0
171378,0.0,1.0
171379,0.0,1.0
171380,0.0,1.0
171395,0.0,1.0
171402,0.0,1.0
171406,0.0,1.0
171412,0.0,1.0
171421,0.0,1.0
171422,0.0,1.0
171427,1.0,0.0
171428,0.0,1.0
171431,0.0,1.0
171435,0.0,1.0
171438,0.0,1.0
171454,0.0,1.0
171464,1.0,0.0
171472,0.0,1.0
171477,0.0,1.0
171479,0.0,1.0
171486,0.0,1.0
171492,0.0,1.0
171494,0.0,1.0
171505,0.0,1.0
171519,0.0,1.0
171526,0.0,1.0
171529,0.0,1.0
171536,0.0,1.0
171551,0.0,1.0
171552,0.0,1.0
171553,0.0,1.0
171556,0.0,1.0
171565,0.0,1.0
171594,1.0,0.0
171595,0.0,1.0
171602,0.0,1.0
171604,0.0,1.0
171605,0.0,1.0
171607,0.0,1.0
171615,0.0,1.0
171618,1.0,0.0
171620,0.0,1.0
171627,0.0,1.0
171629,0.0,1.0
171636,1.0,0.0
171640,0.0,1.0
171644,0.0,1.0
171647,0.0,1.0
171660,0.0,1.0
171663,0.0,1.0
171666,0.0,1.0
171679,0.0,1.0
171684,0.0,1.0
171685,0.0,1.0
171688,0.0,1.0
171689,0.0,1.0
171701,0.0,1.0
171713,0.0,1.0
171717,0.0,1.0
171722,0.0,1.0
171733,0.0,1.0
171735,0.0,1.0
171746,0.0,1.0
171758,0.0,1.0
171762,1.0,0.0
171768,0.0,1.0
171788,0.0,1.0
171790,1.0,0.0
171792,0.0,1.0
171799,0.0,1.0
171804,0.0,1.0
171805,1.0,0.0
171806,0.0,1.0
171808,0.0,1.0
171817,0.0,1.0
171819,1.0,0.0
171825,0.0,1.0
171835,0.0,1.0
171841,0.0,1.0
171846,1.0,0.0
171849,1.0,0.0
171858,0.0,1.0
171860,0.0,1.0
171862,1.0,0.0
171865,0.0,1.0
171880,0.0,1.0
171896,1.0,0.0
171901,0.0,1.0
171902,1.0,0.0
171905,0.0,1.0
171913,1.0,0.0
171916,0.0,1.0
171918,0.0,1.0
171919,1.0,0.0
171921,0.0,1.0
171927,0.0,1.0
171929,1.0,0.0
171932,0.0,1.0
171936,0.0,1.0
171941,0.0,1.0
171943,0.0,1.0
171948,1.0,0.0
171958,0.0,1.0
171964,0.0,1.0
171975,0.0,1.0
171977,0.0,1.0
171981,0.0,1.0
171982,0.0,1.0
171985,0.0,1.0
171997,0.0,1.0
171999,0.0,1.0
172000,0.0,1.0
172004,0.0,1.0
172005,0.0,1.0
172006,0.0,1.0
172013,0.0,1.0
172028,0.0,1.0
172033,0.0,1.0
172055,1.0,0.0
172057,0.0,1.0
172078,0.0,1.0
172084,0.0,1.0
172085,0.0,1.0
172086,0.0,1.0
172089,0.0,1.0
172090,0.0,1.0
172100,0.0,1.0
172109,0.0,1.0
172113,0.0,1.0
172120,1.0,0.0
172122,0.0,1.0
172134,0.0,1.0
172137,0.0,1.0
172138,1.0,0.0
172140,0.0,1.0
172145,1.0,0.0
172150,1.0,0.0
172160,0.0,1.0
172161,0.0,1.0
172162,0.0,1.0
172173,0.0,1.0
172176,0.0,1.0
172180,0.0,1.0
172181,1.0,0.0
172183,0.0,1.0
172184,0.0,1.0
172191,0.0,1.0
172194,0.0,1.0
172198,0.0,1.0
172202,0.0,1.0
172224,1.0,0.0
172225,0.0,1.0
172238,1.0,0.0
172240,0.0,1.0
172241,0.0,1.0
172252,0.0,1.0
172262,0.0,1.0
172265,0.0,1.0
172272,0.0,1.0
172273,0.0,1.0
172275,0.0,1.0
172276,1.0,0.0
172289,0.0,1.0
172293,1.0,0.0
172294,0.0,1.0
172312,0.0,1.0
172331,0.0,1.0
172344,0.0,1.0
172346,0.0,1.0
172352,0.0,1.0
172353,0.0,1.0
172359,0.0,1.0
172362,0.0,1.0
172376,0.0,1.0
172387,1.0,0.0
172389,0.0,1.0
172390,0.0,1.0
172399,0.0,1.0
172406,0.0,1.0
172410,0.0,1.0
172415,0.0,1.0
172418,0.0,1.0
172423,0.0,1.0
172425,0.0,1.0
172426,1.0,0.0
172429,0.0,1.0
172442,0.0,1.0
172446,0.0,1.0
172461,0.0,1.0
172463,0.0,1.0
172465,1.0,0.0
172467,0.0,1.0
172474,1.0,0.0
172477,0.0,1.0
172491,0.0,1.0
172502,0.0,1.0
172503,1.0,0.0
172522,0.0,1.0
172526,0.0,1.0
172529,0.0,1.0
172530,0.0,1.0
172534,0.0,1.0
172557,0.0,1.0
172558,0.0,1.0
172559,0.0,1.0
172560,0.0,1.0
172563,0.0,1.0
172564,0.0,1.0
172577,0.0,1.0
172578,0.0,1.0
172596,0.0,1.0
172598,0.0,1.0
172600,0.0,1.0
172604,0.0,1.0
172607,0.0,1.0
172618,0.0,1.0
172621,0.0,1.0
172629,1.0,0.0
172630,0.0,1.0
172636,1.0,0.0
172639,0.0,1.0
172643,0.0,1.0
172648,0.0,1.0
172656,1.0,0.0
172658,0.0,1.0
172661,0.0,1.0
172684,0.0,1.0
172687,0.0,1.0
172691,1.0,0.0
172702,0.0,1.0
172713,1.0,0.0
172723,0.0,1.0
172729,1.0,0.0
172730,1.0,0.0
172749,0.0,1.0
172752,0.0,1.0
172753,0.0,1.0
172755,0.0,1.0
172761,0.0,1.0
172766,0.0,1.0
172780,0.0,1.0
172786,0.0,1.0
172788,0.0,1.0
172800,0.0,1.0
172815,0.0,1.0
172816,0.0,1.0
172819,0.0,1.0
172826,1.0,0.0
172827,0.0,1.0
172831,0.0,1.0
172868,0.0,1.0
172871,0.0,1.0
172878,0.0,1.0
172906,0.0,1.0
172932,0.0,1.0
172953,0.0,1.0
172957,0.0,1.0
172961,0.0,1.0
172963,0.0,1.0
172977,0.0,1.0
172981,0.0,1.0
172998,0.0,1.0
173000,0.0,1.0
173003,0.0,1.0
173009,0.0,1.0
173010,0.0,1.0
173016,0.0,1.0
173025,1.0,0.0
173027,0.0,1.0
173028,0.0,1.0
173030,0.0,1.0
173033,0.0,1.0
173044,0.0,1.0
173045,0.0,1.0
173048,0.0,1.0
173051,0.0,1.0
173067,1.0,0.0
173070,0.0,1.0
173074,0.0,1.0
173085,0.0,1.0
173104,0.0,1.0
173105,0.0,1.0
173117,0.0,1.0
173153,0.0,1.0
173157,1.0,0.0
173158,0.0,1.0
173160,0.0,1.0
173193,0.0,1.0
173195,0.0,1.0
173200,0.0,1.0
173202,0.0,1.0
173204,0.0,1.0
173208,0.0,1.0
173219,1.0,0.0
173220,0.0,1.0
173233,0.0,1.0
173239,1.0,0.0
173240,0.0,1.0
173250,0.0,1.0
173260,0.0,1.0
173264,0.0,1.0
173272,0.0,1.0
173273,0.0,1.0
173278,0.0,1.0
173284,0.0,1.0
173287,0.0,1.0
173291,0.0,1.0
173308,0.0,1.0
173309,0.0,1.0
173311,0.0,1.0
173313,0.0,1.0
173316,0.0,1.0
173317,0.0,1.0
173323,1.0,0.0
173337,0.0,1.0
173338,0.0,1.0
173343,0.0,1.0
173349,0.0,1.0
173350,0.0,1.0
173355,0.0,1.0
173359,0.0,1.0
173366,0.0,1.0
173369,0.0,1.0
173383,0.0,1.0
173387,0.0,1.0
173398,1.0,0.0
173402,0.0,1.0
173409,0.0,1.0
173420,1.0,0.0
173426,0.0,1.0
173435,0.0,1.0
173438,0.0,1.0
173443,0.0,1.0
173450,0.0,1.0
173454,0.0,1.0
173474,0.0,1.0
173478,0.0,1.0
173494,1.0,0.0
173503,0.0,1.0
173506,0.0,1.0
173507,1.0,0.0
173508,0.0,1.0
173513,0.0,1.0
173517,0.0,1.0
173523,0.0,1.0
173527,0.0,1.0
173545,1.0,0.0
173547,0.0,1.0
173550,0.0,1.0
173554,0.0,1.0
173572,0.0,1.0
173577,0.0,1.0
173582,0.0,1.0
173588,0.0,1.0
173592,0.0,1.0
173595,0.0,1.0
173597,0.0,1.0
173602,0.0,1.0
173615,0.0,1.0
173618,0.0,1.0
173619,0.0,1.0
173629,0.0,1.0
173638,0.0,1.0
173641,0.0,1.0
173649,0.0,1.0
173652,0.0,1.0
173654,0.0,1.0
173657,1.0,0.0
173663,0.0,1.0
173668,0.0,1.0
173678,0.0,1.0
173681,0.0,1.0
173684,0.0,1.0
173695,0.0,1.0
173696,0.0,1.0
173709,0.0,1.0
173724,0.0,1.0
173727,0.0,1.0
173740,0.0,1.0
173749,0.0,1.0
173773,0.0,1.0
173781,0.0,1.0
173796,0.0,1.0
173807,1.0,0.0
173809,0.0,1.0
173814,0.0,1.0
173817,0.0,1.0
173819,0.0,1.0
173834,0.0,1.0
173860,1.0,0.0
173861,0.0,1.0
173868,0.0,1.0
173880,0.0,1.0
173883,0.0,1.0
173893,0.0,1.0
173911,0.0,1.0
173913,0.0,1.0
173915,0.0,1.0
173927,0.0,1.0
173932,0.0,1.0
173941,0.0,1.0
173942,0.0,1.0
173948,0.0,1.0
173950,1.0,0.0
173970,0.0,1.0
173975,1.0,0.0
173980,0.0,1.0
173985,0.0,1.0
173990,0.0,1.0
174006,0.0,1.0
174009,0.0,1.0
174027,0.0,1.0
174034,0.0,1.0
174041,0.0,1.0
174043,0.0,1.0
174062,0.0,1.0
174075,0.0,1.0
174079,0.0,1.0
174083,0.0,1.0
174099,0.0,1.0
174101,0.0,1.0
174114,0.0,1.0
174120,0.0,1.0
174129,0.0,1.0
174132,0.0,1.0
174133,0.0,1.0
174135,0.0,1.0
174143,0.0,1.0
174150,0.0,1.0
174151,0.0,1.0
174152,0.0,1.0
174155,0.0,1.0
174161,1.0,0.0
174165,0.0,1.0
174166,0.0,1.0
174168,0.0,1.0
174169,0.0,1.0
174176,1.0,0.0
174177,0.0,1.0
174182,0.0,1.0
174193,0.0,1.0
174195,0.0,1.0
174199,0.0,1.0
174212,1.0,0.0
174218,0.0,1.0
174230,0.0,1.0
174234,0.0,1.0
174238,0.0,1.0
174244,0.0,1.0
174245,0.0,1.0
174253,0.0,1.0
174254,1.0,0.0
174259,0.0,1.0
174261,0.0,1.0
174270,0.0,1.0
174273,0.0,1.0
174274,0.0,1.0
174282,0.0,1.0
174291,1.0,0.0
174292,0.0,1.0
174297,0.0,1.0
174301,0.0,1.0
174312,0.0,1.0
174313,0.0,1.0
174328,0.0,1.0
174330,0.0,1.0
174332,0.0,1.0
174336,0.0,1.0
174342,0.0,1.0
174347,0.0,1.0
174350,1.0,0.0
174354,0.0,1.0
174355,0.0,1.0
174367,0.0,1.0
174372,0.0,1.0
174382,0.0,1.0
174384,0.0,1.0
174388,0.0,1.0
174397,0.0,1.0
174409,0.0,1.0
174410,0.0,1.0
174426,0.0,1.0
174431,0.0,1.0
174435,0.0,1.0
174442,0.0,1.0
174444,0.0,1.0
174452,0.0,1.0
174460,0.0,1.0
174471,0.0,1.0
174474,0.0,1.0
174477,0.0,1.0
174481,0.0,1.0
174483,0.0,1.0
174485,0.0,1.0
174488,0.0,1.0
174490,1.0,0.0
174495,1.0,0.0
174497,0.0,1.0
174500,0.0,1.0
174507,0.0,1.0
174518,0.0,1.0
174527,0.0,1.0
174554,0.0,1.0
174555,0.0,1.0
174565,0.0,1.0
174582,0.0,1.0
174594,0.0,1.0
174598,0.0,1.0
174602,0.0,1.0
174608,0.0,1.0
174614,0.0,1.0
174619,0.0,1.0
174624,0.0,1.0
174627,0.0,1.0
174638,0.0,1.0
174640,0.0,1.0
174644,1.0,0.0
174664,0.0,1.0
174673,0.0,1.0
174676,0.0,1.0
174679,0.0,1.0
174680,0.0,1.0
174689,1.0,0.0
174691,0.0,1.0
174693,1.0,0.0
174712,0.0,1.0
174717,0.0,1.0
174729,0.0,1.0
174730,0.0,1.0
174738,0.0,1.0
174741,0.0,1.0
174743,0.0,1.0
174745,0.0,1.0
174750,0.0,1.0
174754,0.0,1.0
174758,0.0,1.0
174761,0.0,1.0
174763,0.0,1.0
174765,0.0,1.0
174777,0.0,1.0
174787,0.0,1.0
174802,0.0,1.0
174804,0.0,1.0
174806,0.0,1.0
174815,0.0,1.0
174817,0.0,1.0
174826,0.0,1.0
174835,0.0,1.0
174839,0.0,1.0
174846,0.0,1.0
174852,0.0,1.0
174853,1.0,0.0
174860,0.0,1.0
174863,0.0,1.0
174869,1.0,0.0
174870,0.0,1.0
174875,0.0,1.0
174876,1.0,0.0
174883,0.0,1.0
174902,0.0,1.0
174904,0.0,1.0
174914,0.0,1.0
174930,0.0,1.0
174948,0.0,1.0
174951,0.0,1.0
174955,0.0,1.0
174971,0.0,1.0
174972,0.0,1.0
174974,0.0,1.0
174977,0.0,1.0
174983,0.0,1.0
174991,0.0,1.0
175001,0.0,1.0
175007,0.0,1.0
175010,0.0,1.0
175011,0.0,1.0
175028,0.0,1.0
175034,0.0,1.0
175038,0.0,1.0
175040,0.0,1.0
175042,0.0,1.0
175043,0.0,1.0
175046,0.0,1.0
175048,1.0,0.0
175049,1.0,0.0
175053,0.0,1.0
175055,1.0,0.0
175057,0.0,1.0
175067,0.0,1.0
175068,0.0,1.0
175074,0.0,1.0
175095,0.0,1.0
175108,0.0,1.0
175114,0.0,1.0
175115,0.0,1.0
175117,0.0,1.0
175119,0.0,1.0
175124,0.0,1.0
175128,0.0,1.0
175136,0.0,1.0
175137,0.0,1.0
175138,0.0,1.0
175142,0.0,1.0
175152,0.0,1.0
175155,0.0,1.0
175156,0.0,1.0
175168,0.0,1.0
175186,1.0,0.0
175190,0.0,1.0
175194,0.0,1.0
175197,1.0,0.0
175204,0.0,1.0
175206,0.0,1.0
175211,0.0,1.0
175212,1.0,0.0
175214,0.0,1.0
175232,1.0,0.0
175240,0.0,1.0
175243,0.0,1.0
175251,0.0,1.0
175256,0.0,1.0
175263,0.0,1.0
175266,0.0,1.0
175272,0.0,1.0
175275,0.0,1.0
175277,0.0,1.0
175285,0.0,1.0
175290,0.0,1.0
175302,0.0,1.0
175308,0.0,1.0
175310,0.0,1.0
175311,0.0,1.0
175317,0.0,1.0
175330,0.0,1.0
175331,0.0,1.0
175337,0.0,1.0
175340,0.0,1.0
175343,0.0,1.0
175369,0.0,1.0
175372,1.0,0.0
175388,0.0,1.0
175393,1.0,0.0
175398,0.0,1.0
175401,0.0,1.0
175405,0.0,1.0
175406,0.0,1.0
175407,0.0,1.0
175411,0.0,1.0
175412,1.0,0.0
175429,0.0,1.0
175437,0.0,1.0
175442,0.0,1.0
175455,0.0,1.0
175457,0.0,1.0
175462,0.0,1.0
175463,0.0,1.0
175470,0.0,1.0
175473,0.0,1.0
175475,0.0,1.0
175487,0.0,1.0
175489,0.0,1.0
175491,0.0,1.0
175508,0.0,1.0
175509,1.0,0.0
175525,0.0,1.0
175528,0.0,1.0
175532,0.0,1.0
175545,0.0,1.0
175562,0.0,1.0
175567,1.0,0.0
175570,1.0,0.0
175573,0.0,1.0
175578,0.0,1.0
175593,0.0,1.0
175600,1.0,0.0
175601,1.0,0.0
175603,0.0,1.0
175611,0.0,1.0
175612,0.0,1.0
175627,1.0,0.0
175635,0.0,1.0
175648,0.0,1.0
175653,0.0,1.0
175657,0.0,1.0
175658,0.0,1.0
175668,0.0,1.0
175706,0.0,1.0
175718,0.0,1.0
175722,0.0,1.0
175723,0.0,1.0
175724,0.0,1.0
175730,0.0,1.0
175734,0.0,1.0
175738,0.0,1.0
175743,0.0,1.0
175744,1.0,0.0
175745,0.0,1.0
175746,0.0,1.0
175767,1.0,0.0
175769,0.0,1.0
175777,0.0,1.0
175785,0.0,1.0
175800,1.0,0.0
175808,0.0,1.0
175813,0.0,1.0
175819,1.0,0.0
175821,0.0,1.0
175823,0.0,1.0
175824,0.0,1.0
175825,1.0,0.0
175828,0.0,1.0
175833,0.0,1.0
175835,0.0,1.0
175837,0.0,1.0
175839,0.0,1.0
175842,0.0,1.0
175848,0.0,1.0
175853,0.0,1.0
175861,0.0,1.0
175872,0.0,1.0
175877,0.0,1.0
175880,0.0,1.0
175881,0.0,1.0
175883,0.0,1.0
175884,1.0,0.0
175892,0.0,1.0
175893,0.0,1.0
175896,0.0,1.0
175897,0.0,1.0
175900,0.0,1.0
175922,0.0,1.0
175923,0.0,1.0
175926,1.0,0.0
175928,0.0,1.0
175930,0.0,1.0
175935,1.0,0.0
175936,0.0,1.0
175950,0.0,1.0
175958,0.0,1.0
175962,0.0,1.0
175965,0.0,1.0
175967,0.0,1.0
175970,1.0,0.0
175990,0.0,1.0
175991,0.0,1.0
175994,0.0,1.0
175996,0.0,1.0
176001,0.0,1.0
176008,0.0,1.0
176009,0.0,1.0
176010,0.0,1.0
176012,1.0,0.0
176019,0.0,1.0
176033,0.0,1.0
176039,0.0,1.0
176042,0.0,1.0
176047,1.0,0.0
176053,0.0,1.0
176056,0.0,1.0
176058,1.0,0.0
176062,0.0,1.0
176069,1.0,0.0
176074,0.0,1.0
176099,0.0,1.0
176104,0.0,1.0
176107,0.0,1.0
176110,0.0,1.0
176117,0.0,1.0
176122,1.0,0.0
176125,0.0,1.0
176133,0.0,1.0
176139,0.0,1.0
176141,0.0,1.0
176151,0.0,1.0
176160,0.0,1.0
176171,0.0,1.0
176176,0.0,1.0
176188,0.0,1.0
176189,0.0,1.0
176197,1.0,0.0
176211,0.0,1.0
176212,0.0,1.0
176214,0.0,1.0
176243,0.0,1.0
176250,0.0,1.0
176253,0.0,1.0
176258,0.0,1.0
176275,0.0,1.0
176280,0.0,1.0
176288,0.0,1.0
176298,0.0,1.0
176304,0.0,1.0
176307,0.0,1.0
176313,1.0,0.0
176320,1.0,0.0
176321,0.0,1.0
176323,0.0,1.0
176324,0.0,1.0
176329,0.0,1.0
176330,0.0,1.0
176335,0.0,1.0
176336,0.0,1.0
176337,1.0,0.0
176338,0.0,1.0
176348,0.0,1.0
176353,1.0,0.0
176354,0.0,1.0
176358,0.0,1.0
176369,0.0,1.0
176382,0.0,1.0
176389,0.0,1.0
176390,0.0,1.0
176392,0.0,1.0
176394,0.0,1.0
176396,1.0,0.0
176425,0.0,1.0
176429,1.0,0.0
176457,1.0,0.0
176468,0.0,1.0
176476,0.0,1.0
176482,0.0,1.0
176497,0.0,1.0
176500,0.0,1.0
176501,0.0,1.0
176502,0.0,1.0
176506,0.0,1.0
176514,0.0,1.0
176517,0.0,1.0
176523,0.0,1.0
176526,0.0,1.0
176531,0.0,1.0
176536,0.0,1.0
176539,0.0,1.0
176580,1.0,0.0
176585,1.0,0.0
176590,0.0,1.0
176603,0.0,1.0
176613,0.0,1.0
176623,0.0,1.0
176634,1.0,0.0
176638,0.0,1.0
176640,0.0,1.0
176641,0.0,1.0
176650,0.0,1.0
176654,0.0,1.0
176663,0.0,1.0
176670,0.0,1.0
176671,0.0,1.0
176686,0.0,1.0
176691,0.0,1.0
176698,0.0,1.0
176709,0.0,1.0
176710,0.0,1.0
176719,0.0,1.0
176731,0.0,1.0
176737,0.0,1.0
176738,0.0,1.0
176747,1.0,0.0
176748,0.0,1.0
176754,0.0,1.0
176765,1.0,0.0
176773,0.0,1.0
176777,0.0,1.0
176781,0.0,1.0
176787,0.0,1.0
176789,0.0,1.0
176792,0.0,1.0
176797,1.0,0.0
176805,0.0,1.0
176807,0.0,1.0
176816,0.0,1.0
176819,0.0,1.0
176820,0.0,1.0
176832,0.0,1.0
176834,0.0,1.0
176835,0.0,1.0
176839,0.0,1.0
176846,0.0,1.0
176848,0.0,1.0
176877,1.0,0.0
176891,0.0,1.0
176894,1.0,0.0
176912,0.0,1.0
176917,0.0,1.0
176928,1.0,0.0
176929,0.0,1.0
176937,0.0,1.0
176939,0.0,1.0
176945,0.0,1.0
176950,0.0,1.0
176954,0.0,1.0
176955,0.0,1.0
176959,0.0,1.0
176972,0.0,1.0
176973,0.0,1.0
176978,0.0,1.0
176984,0.0,1.0
176998,0.0,1.0
177002,0.0,1.0
177005,0.0,1.0
177010,0.0,1.0
177011,0.0,1.0
177015,0.0,1.0
177016,1.0,0.0
177024,1.0,0.0
177030,0.0,1.0
177031,0.0,1.0
177032,0.0,1.0
177035,0.0,1.0
177044,1.0,0.0
177052,0.0,1.0
177072,0.0,1.0
177084,1.0,0.0
177092,0.0,1.0
177103,0.0,1.0
177105,0.0,1.0
177107,1.0,0.0
177108,0.0,1.0
177113,1.0,0.0
177122,1.0,0.0
177123,0.0,1.0
177131,0.0,1.0
177133,0.0,1.0
177136,0.0,1.0
177138,0.0,1.0
177140,0.0,1.0
177146,0.0,1.0
177153,0.0,1.0
177156,0.0,1.0
177170,1.0,0.0
177174,0.0,1.0
177179,0.0,1.0
177195,0.0,1.0
177198,0.0,1.0
177205,0.0,1.0
177208,0.0,1.0
177210,0.0,1.0
177218,0.0,1.0
177223,0.0,1.0
177226,0.0,1.0
177227,0.0,1.0
177231,0.0,1.0
177245,0.0,1.0
177253,0.0,1.0
177262,0.0,1.0
177269,0.0,1.0
177270,0.0,1.0
177271,0.0,1.0
177272,0.0,1.0
177275,0.0,1.0
177276,0.0,1.0
177280,0.0,1.0
177293,0.0,1.0
177301,0.0,1.0
177315,0.0,1.0
177325,0.0,1.0
177328,0.0,1.0
177331,1.0,0.0
177346,0.0,1.0
177348,0.0,1.0
177351,0.0,1.0
177362,0.0,1.0
177370,0.0,1.0
177372,0.0,1.0
177376,0.0,1.0
177389,0.0,1.0
177391,0.0,1.0
177393,0.0,1.0
177406,0.0,1.0
177409,0.0,1.0
177410,0.0,1.0
177411,0.0,1.0
177418,0.0,1.0
177427,0.0,1.0
177428,1.0,0.0
177432,0.0,1.0
177433,0.0,1.0
177439,0.0,1.0
177441,1.0,0.0
177447,0.0,1.0
177451,0.0,1.0
177452,0.0,1.0
177456,0.0,1.0
177458,1.0,0.0
177459,1.0,0.0
177465,0.0,1.0
177473,0.0,1.0
177474,0.0,1.0
177481,0.0,1.0
177482,0.0,1.0
177485,0.0,1.0
177499,0.0,1.0
177509,0.0,1.0
177518,0.0,1.0
177519,0.0,1.0
177526,1.0,0.0
177530,0.0,1.0
177532,0.0,1.0
177535,0.0,1.0
177539,0.0,1.0
177542,0.0,1.0
177545,0.0,1.0
177550,1.0,0.0
177563,0.0,1.0
177564,0.0,1.0
177567,1.0,0.0
177575,0.0,1.0
177579,0.0,1.0
177625,0.0,1.0
177627,0.0,1.0
177632,0.0,1.0
177635,0.0,1.0
177636,0.0,1.0
177637,1.0,0.0
177639,0.0,1.0
177641,0.0,1.0
177643,0.0,1.0
177646,1.0,0.0
177660,0.0,1.0
177663,0.0,1.0
177664,0.0,1.0
177666,0.0,1.0
177673,0.0,1.0
177675,1.0,0.0
177676,0.0,1.0
177704,0.0,1.0
177714,1.0,0.0
177730,0.0,1.0
177734,0.0,1.0
177740,0.0,1.0
177745,0.0,1.0
177755,0.0,1.0
177760,0.0,1.0
177761,0.0,1.0
177763,0.0,1.0
177767,0.0,1.0
177773,0.0,1.0
177779,0.0,1.0
177801,1.0,0.0
177802,0.0,1.0
177820,0.0,1.0
177822,0.0,1.0
177826,0.0,1.0
177829,0.0,1.0
177835,1.0,0.0
177838,0.0,1.0
177842,0.0,1.0
177843,0.0,1.0
177845,0.0,1.0
177853,0.0,1.0
177856,0.0,1.0
177859,0.0,1.0
177871,0.0,1.0
177877,0.0,1.0
177886,0.0,1.0
177888,0.0,1.0
177889,0.0,1.0
177892,0.0,1.0
177896,0.0,1.0
177898,0.0,1.0
177901,0.0,1.0
177902,0.0,1.0
177909,0.0,1.0
177913,0.0,1.0
177933,0.0,1.0
177934,0.0,1.0
177944,0.0,1.0
177946,0.0,1.0
177955,0.0,1.0
177966,0.0,1.0
177985,0.0,1.0
177991,0.0,1.0
178002,1.0,0.0
178014,0.0,1.0
178020,0.0,1.0
178022,0.0,1.0
178023,0.0,1.0
178024,0.0,1.0
178027,0.0,1.0
178035,0.0,1.0
178056,0.0,1.0
178058,0.0,1.0
178063,0.0,1.0
178066,0.0,1.0
178068,0.0,1.0
178086,0.0,1.0
178088,0.0,1.0
178097,0.0,1.0
178099,0.0,1.0
178110,0.0,1.0
178111,0.0,1.0
178119,0.0,1.0
178123,0.0,1.0
178127,0.0,1.0
178129,0.0,1.0
178131,0.0,1.0
178138,0.0,1.0
178139,0.0,1.0
178142,0.0,1.0
178143,0.0,1.0
178153,0.0,1.0
178174,1.0,0.0
178180,0.0,1.0
178185,0.0,1.0
178196,0.0,1.0
178204,0.0,1.0
178205,0.0,1.0
178211,0.0,1.0
178221,0.0,1.0
178236,0.0,1.0
178241,0.0,1.0
178243,0.0,1.0
178253,0.0,1.0
178258,0.0,1.0
178260,0.0,1.0
178266,0.0,1.0
178295,0.0,1.0
178296,1.0,0.0
178302,0.0,1.0
178303,0.0,1.0
178305,0.0,1.0
178307,0.0,1.0
178310,0.0,1.0
178320,0.0,1.0
178322,1.0,0.0
178323,0.0,1.0
178332,0.0,1.0
178333,0.0,1.0
178338,0.0,1.0
178354,0.0,1.0
178359,0.0,1.0
178360,0.0,1.0
178367,0.0,1.0
178372,0.0,1.0
178375,0.0,1.0
178376,1.0,0.0
178382,0.0,1.0
178383,1.0,0.0
178385,0.0,1.0
178390,1.0,0.0
178403,0.0,1.0
178407,1.0,0.0
178415,0.0,1.0
178427,0.0,1.0
178428,1.0,0.0
178429,0.0,1.0
178433,0.0,1.0
178437,0.0,1.0
178451,0.0,1.0
178456,0.0,1.0
178461,0.0,1.0
178463,1.0,0.0
178465,0.0,1.0
178472,0.0,1.0
178473,1.0,0.0
178476,1.0,0.0
178481,0.0,1.0
178487,0.0,1.0
178491,0.0,1.0
178501,0.0,1.0
178506,0.0,1.0
178514,0.0,1.0
178524,0.0,1.0
178526,0.0,1.0
178538,0.0,1.0
178554,0.0,1.0
178581,1.0,0.0
178584,0.0,1.0
178587,0.0,1.0
178607,0.0,1.0
178611,0.0,1.0
178616,0.0,1.0
178629,0.0,1.0
178637,0.0,1.0
178642,0.0,1.0
178647,0.0,1.0
178649,0.0,1.0
178655,0.0,1.0
178669,0.0,1.0
178671,0.0,1.0
178672,0.0,1.0
178677,0.0,1.0
178678,1.0,0.0
178680,0.0,1.0
178686,1.0,0.0
178696,0.0,1.0
178699,0.0,1.0
178700,0.0,1.0
178714,0.0,1.0
178721,0.0,1.0
178723,0.0,1.0
178727,0.0,1.0
178743,0.0,1.0
178744,0.0,1.0
178750,0.0,1.0
178752,0.0,1.0
178755,0.0,1.0
178756,0.0,1.0
178761,0.0,1.0
178774,0.0,1.0
178781,0.0,1.0
178782,0.0,1.0
178784,0.0,1.0
178786,1.0,0.0
178790,0.0,1.0
178794,0.0,1.0
178797,0.0,1.0
178804,0.0,1.0
178805,0.0,1.0
178807,1.0,0.0
178815,0.0,1.0
178818,0.0,1.0
178822,0.0,1.0
178826,0.0,1.0
178829,0.0,1.0
178833,0.0,1.0
178835,0.0,1.0
178838,0.0,1.0
178839,0.0,1.0
178841,0.0,1.0
178845,0.0,1.0
178847,0.0,1.0
178856,0.0,1.0
178860,0.0,1.0
178864,0.0,1.0
178865,0.0,1.0
178879,0.0,1.0
178881,0.0,1.0
178891,0.0,1.0
178902,0.0,1.0
178904,0.0,1.0
178905,0.0,1.0
178906,1.0,0.0
178907,0.0,1.0
178909,0.0,1.0
178912,0.0,1.0
178938,0.0,1.0
178960,0.0,1.0
178967,0.0,1.0
178968,1.0,0.0
178980,0.0,1.0
178986,0.0,1.0
178988,0.0,1.0
178991,0.0,1.0
178996,0.0,1.0
178997,0.0,1.0
178998,1.0,0.0
179008,0.0,1.0
179017,0.0,1.0
179019,0.0,1.0
179028,0.0,1.0
179029,1.0,0.0
179043,0.0,1.0
179054,0.0,1.0
179062,0.0,1.0
179066,0.0,1.0
179072,1.0,0.0
179074,0.0,1.0
179085,0.0,1.0
179086,0.0,1.0
179087,1.0,0.0
179092,0.0,1.0
179100,0.0,1.0
179103,1.0,0.0
179105,0.0,1.0
179114,0.0,1.0
179116,1.0,0.0
179130,0.0,1.0
179131,0.0,1.0
179143,1.0,0.0
179144,0.0,1.0
179147,0.0,1.0
179172,0.0,1.0
179177,0.0,1.0
179186,0.0,1.0
179188,0.0,1.0
179206,0.0,1.0
179220,0.0,1.0
179221,0.0,1.0
179228,1.0,0.0
179229,1.0,0.0
179248,1.0,0.0
179249,0.0,1.0
179257,0.0,1.0
179260,0.0,1.0
179267,0.0,1.0
179271,1.0,0.0
179275,0.0,1.0
179280,0.0,1.0
179281,0.0,1.0
179290,0.0,1.0
179294,0.0,1.0
179296,0.0,1.0
179299,0.0,1.0
179302,0.0,1.0
179305,0.0,1.0
179309,0.0,1.0
179328,0.0,1.0
179333,0.0,1.0
179336,0.0,1.0
179355,0.0,1.0
179356,0.0,1.0
179365,0.0,1.0
179372,0.0,1.0
179374,0.0,1.0
179381,0.0,1.0
179383,0.0,1.0
179384,0.0,1.0
179388,0.0,1.0
179402,0.0,1.0
179413,0.0,1.0
179430,0.0,1.0
179436,0.0,1.0
179449,0.0,1.0
179453,0.0,1.0
179454,0.0,1.0
179458,0.0,1.0
179462,0.0,1.0
179465,0.0,1.0
179479,0.0,1.0
179491,1.0,0.0
179521,0.0,1.0
179535,0.0,1.0
179544,0.0,1.0
179546,0.0,1.0
179547,1.0,0.0
179560,0.0,1.0
179564,1.0,0.0
179572,0.0,1.0
179576,0.0,1.0
179578,0.0,1.0
179588,0.0,1.0
179589,0.0,1.0
179597,0.0,1.0
179602,0.0,1.0
179607,0.0,1.0
179610,0.0,1.0
179611,0.0,1.0
179624,0.0,1.0
179639,1.0,0.0
179643,0.0,1.0
179646,0.0,1.0
179657,0.0,1.0
179673,1.0,0.0
179676,0.0,1.0
179685,0.0,1.0
179696,0.0,1.0
179699,0.0,1.0
179702,0.0,1.0
179713,1.0,0.0
179718,0.0,1.0
179729,0.0,1.0
179731,0.0,1.0
179740,0.0,1.0
179742,0.0,1.0
179760,1.0,0.0
179766,0.0,1.0
179768,0.0,1.0
179772,0.0,1.0
179777,1.0,0.0
179780,0.0,1.0
179786,0.0,1.0
179799,0.0,1.0
179800,0.0,1.0
179807,0.0,1.0
179821,0.0,1.0
