Index,y_true,y_pred
32,0.0,1
44,0.0,1
51,0.0,1
55,0.0,1
160,0.0,1
171,1.0,0
176,1.0,0
190,1.0,0
214,0.0,1
234,0.0,1
253,1.0,0
256,0.0,1
326,0.0,1
334,1.0,0
439,0.0,1
442,1.0,0
445,1.0,0
449,0.0,1
524,0.0,1
527,1.0,0
546,0.0,1
561,1.0,0
563,1.0,0
600,0.0,1
629,0.0,1
636,0.0,1
649,1.0,0
652,1.0,0
661,1.0,0
692,1.0,0
704,0.0,1
720,0.0,1
751,1.0,0
797,1.0,0
800,0.0,1
806,1.0,0
816,1.0,0
854,0.0,1
857,0.0,1
861,0.0,1
863,1.0,0
889,0.0,1
985,0.0,1
994,1.0,0
998,1.0,0
1020,0.0,1
1026,1.0,0
1038,0.0,1
1039,0.0,1
1044,1.0,0
1060,1.0,0
1075,0.0,1
1082,0.0,1
1095,1.0,0
1102,1.0,0
1122,1.0,0
1127,0.0,1
1150,0.0,1
1177,1.0,0
1179,0.0,1
1193,0.0,1
1228,0.0,1
1250,0.0,1
1262,1.0,0
1263,1.0,0
1284,0.0,1
1291,0.0,1
1362,0.0,1
1369,1.0,0
1383,1.0,0
1386,1.0,0
1389,0.0,1
1398,0.0,1
1417,0.0,1
1420,0.0,1
1432,0.0,1
1433,0.0,1
1446,0.0,1
1461,0.0,1
1467,0.0,1
1469,1.0,0
1476,0.0,1
1481,0.0,1
1521,1.0,0
1538,0.0,1
1543,0.0,1
1567,0.0,1
1625,0.0,1
1635,0.0,1
1651,0.0,1
1654,1.0,0
1664,1.0,0
1681,0.0,1
1695,0.0,1
1739,0.0,1
1776,1.0,0
1777,0.0,1
1782,0.0,1
1804,1.0,0
1826,1.0,0
1877,1.0,0
1891,0.0,1
1903,0.0,1
1917,1.0,0
1924,1.0,0
1946,0.0,1
1949,1.0,0
1957,0.0,1
2031,1.0,0
2038,0.0,1
2054,0.0,1
2056,0.0,1
2064,0.0,1
2073,1.0,0
2114,1.0,0
2118,1.0,0
2133,0.0,1
2139,0.0,1
2145,1.0,0
2190,0.0,1
2203,0.0,1
2227,1.0,0
2235,0.0,1
2241,0.0,1
2252,0.0,1
2264,1.0,0
2281,0.0,1
2314,0.0,1
2339,0.0,1
2342,1.0,0
2353,0.0,1
2377,1.0,0
2385,0.0,1
2400,1.0,0
2415,0.0,1
2422,0.0,1
2441,0.0,1
2442,0.0,1
2447,0.0,1
2451,0.0,1
2455,0.0,1
2470,0.0,1
2489,0.0,1
2499,1.0,0
2533,1.0,0
2560,0.0,1
2561,1.0,0
2579,0.0,1
2580,0.0,1
2584,1.0,0
2592,1.0,0
2651,0.0,1
2657,1.0,0
2666,0.0,1
2668,1.0,0
2670,0.0,1
2682,0.0,1
2687,0.0,1
2698,0.0,1
2700,0.0,1
2706,1.0,0
2716,0.0,1
2741,0.0,1
2756,1.0,0
2760,1.0,0
2775,0.0,1
2802,0.0,1
2809,0.0,1
2826,0.0,1
2863,0.0,1
2905,0.0,1
2915,0.0,1
2921,1.0,0
2927,0.0,1
2964,0.0,1
2970,0.0,1
2984,0.0,1
3012,0.0,1
3082,1.0,0
3084,0.0,1
3091,0.0,1
3115,0.0,1
3134,0.0,1
3170,0.0,1
3182,1.0,0
3195,0.0,1
3202,0.0,1
3203,0.0,1
3251,0.0,1
3264,0.0,1
3287,1.0,0
3301,1.0,0
3305,0.0,1
3326,1.0,0
3331,0.0,1
3347,0.0,1
3368,0.0,1
3375,0.0,1
3380,0.0,1
3401,1.0,0
3433,0.0,1
3446,0.0,1
3452,0.0,1
3453,0.0,1
3468,0.0,1
3488,0.0,1
3498,1.0,0
3501,1.0,0
3503,1.0,0
3514,1.0,0
3520,0.0,1
3543,0.0,1
3546,1.0,0
3562,1.0,0
3563,0.0,1
3600,0.0,1
3626,0.0,1
3631,1.0,0
3681,1.0,0
3684,1.0,0
3689,1.0,0
3691,0.0,1
3703,0.0,1
3708,0.0,1
3728,1.0,0
3754,0.0,1
3765,0.0,1
3776,0.0,1
3791,0.0,1
3800,0.0,1
3807,0.0,1
3834,0.0,1
3846,1.0,0
3862,0.0,1
3898,1.0,0
3911,0.0,1
3925,0.0,1
3935,0.0,1
3954,1.0,0
3966,0.0,1
3972,0.0,1
3981,1.0,0
3987,1.0,0
3988,1.0,0
3996,0.0,1
4024,0.0,1
4042,0.0,1
4046,0.0,1
4073,1.0,0
4085,1.0,0
4095,0.0,1
4125,0.0,1
4163,0.0,1
4184,0.0,1
4258,0.0,1
4261,1.0,0
4304,1.0,0
4335,0.0,1
4366,0.0,1
4403,1.0,0
4437,0.0,1
4451,1.0,0
4454,0.0,1
4463,0.0,1
4467,1.0,0
4480,0.0,1
4523,0.0,1
4557,0.0,1
4568,0.0,1
4605,0.0,1
4608,0.0,1
4638,0.0,1
4641,1.0,0
4669,0.0,1
4702,1.0,0
4707,0.0,1
4721,1.0,0
4722,0.0,1
4741,1.0,0
4750,0.0,1
4764,1.0,0
4800,0.0,1
4817,0.0,1
4818,1.0,0
4885,0.0,1
4946,1.0,0
4977,1.0,0
4985,1.0,0
5021,1.0,0
5025,0.0,1
5031,1.0,0
5145,0.0,1
5151,1.0,0
5155,0.0,1
5174,0.0,1
5194,1.0,0
5195,0.0,1
5222,0.0,1
5224,0.0,1
5269,1.0,0
5296,1.0,0
5300,1.0,0
5332,0.0,1
5356,1.0,0
5360,0.0,1
5375,0.0,1
5394,0.0,1
5413,1.0,0
5430,0.0,1
5433,0.0,1
5442,0.0,1
5455,0.0,1
5491,0.0,1
5503,1.0,0
5514,0.0,1
5534,1.0,0
5541,1.0,0
5556,1.0,0
5560,0.0,1
5610,1.0,0
5614,0.0,1
5622,0.0,1
5646,1.0,0
5702,0.0,1
5716,0.0,1
5731,1.0,0
5766,1.0,0
5844,0.0,1
5853,0.0,1
5877,0.0,1
5882,1.0,0
5905,0.0,1
5926,1.0,0
5937,1.0,0
5938,0.0,1
5944,1.0,0
5950,0.0,1
5977,0.0,1
6012,0.0,1
6025,0.0,1
6054,0.0,1
6061,0.0,1
6085,0.0,1
6171,0.0,1
6211,0.0,1
6215,1.0,0
6228,0.0,1
6240,0.0,1
6241,1.0,0
6269,0.0,1
6293,0.0,1
6324,0.0,1
6396,1.0,0
6427,0.0,1
6440,0.0,1
6472,1.0,0
6474,0.0,1
6514,1.0,0
6550,1.0,0
6567,0.0,1
6579,0.0,1
6582,0.0,1
6590,1.0,0
6597,1.0,0
6599,0.0,1
6602,1.0,0
6681,0.0,1
6689,0.0,1
6705,0.0,1
6714,0.0,1
6729,1.0,0
6741,1.0,0
6777,0.0,1
6797,0.0,1
6801,0.0,1
6806,0.0,1
6868,1.0,0
6887,0.0,1
6892,1.0,0
6917,0.0,1
6933,0.0,1
6968,0.0,1
6971,0.0,1
6981,1.0,0
7080,1.0,0
7146,0.0,1
7161,0.0,1
7185,1.0,0
7223,1.0,0
7258,0.0,1
7269,0.0,1
7274,1.0,0
7310,0.0,1
7321,0.0,1
7335,1.0,0
7412,1.0,0
7417,0.0,1
7448,1.0,0
7478,0.0,1
7492,1.0,0
7570,1.0,0
7584,0.0,1
7598,0.0,1
7630,1.0,0
7651,0.0,1
7679,1.0,0
7682,0.0,1
7696,0.0,1
7711,0.0,1
7735,1.0,0
7755,0.0,1
7760,0.0,1
7781,1.0,0
7789,1.0,0
7804,1.0,0
7837,1.0,0
7844,0.0,1
7878,1.0,0
7897,0.0,1
7909,1.0,0
7957,0.0,1
7990,0.0,1
7996,1.0,0
8002,1.0,0
8016,0.0,1
8033,0.0,1
8108,1.0,0
8109,0.0,1
8111,0.0,1
8115,0.0,1
8128,0.0,1
8147,1.0,0
8158,0.0,1
8177,0.0,1
8231,0.0,1
8261,0.0,1
8266,0.0,1
8282,1.0,0
8284,0.0,1
8286,1.0,0
8314,0.0,1
8322,1.0,0
8331,1.0,0
8334,1.0,0
8336,1.0,0
8345,1.0,0
8357,1.0,0
8361,0.0,1
8371,0.0,1
8387,0.0,1
8401,1.0,0
8405,1.0,0
8407,1.0,0
8428,1.0,0
8456,1.0,0
8471,1.0,0
8477,1.0,0
8489,1.0,0
8506,1.0,0
8515,0.0,1
8542,1.0,0
8550,0.0,1
8593,1.0,0
8603,0.0,1
8622,0.0,1
8640,0.0,1
8661,0.0,1
8776,1.0,0
8779,0.0,1
8781,1.0,0
8808,1.0,0
8814,0.0,1
8833,0.0,1
8846,0.0,1
8863,0.0,1
8888,0.0,1
8915,1.0,0
8940,0.0,1
8948,0.0,1
8962,1.0,0
8991,0.0,1
8998,1.0,0
9011,1.0,0
9044,0.0,1
9046,0.0,1
9071,1.0,0
9073,1.0,0
9074,0.0,1
9123,0.0,1
9140,0.0,1
9147,0.0,1
9186,0.0,1
9214,1.0,0
9249,1.0,0
9273,0.0,1
9289,0.0,1
9290,0.0,1
9330,0.0,1
9337,1.0,0
9348,0.0,1
9352,0.0,1
9365,0.0,1
9369,1.0,0
9375,0.0,1
9405,0.0,1
9420,0.0,1
9429,0.0,1
9432,0.0,1
9434,0.0,1
9457,1.0,0
9469,1.0,0
9474,1.0,0
9549,0.0,1
9566,1.0,0
9587,1.0,0
9588,0.0,1
9610,1.0,0
9618,0.0,1
9624,1.0,0
9631,0.0,1
9633,1.0,0
9635,0.0,1
9636,1.0,0
9638,1.0,0
9642,0.0,1
9650,0.0,1
9666,1.0,0
9711,0.0,1
9717,0.0,1
9724,1.0,0
9737,1.0,0
9739,0.0,1
9762,0.0,1
9783,1.0,0
9784,0.0,1
9785,0.0,1
9798,0.0,1
9829,1.0,0
9832,0.0,1
9862,0.0,1
9869,0.0,1
9871,0.0,1
9881,0.0,1
9960,1.0,0
9969,1.0,0
9973,0.0,1
10004,1.0,0
10038,0.0,1
10043,0.0,1
10051,0.0,1
10057,1.0,0
10083,1.0,0
10093,0.0,1
10110,0.0,1
10145,0.0,1
10156,1.0,0
10158,0.0,1
10185,0.0,1
10219,0.0,1
10222,1.0,0
10252,0.0,1
10307,1.0,0
10333,0.0,1
10352,0.0,1
10363,1.0,0
10366,1.0,0
10370,1.0,0
10388,0.0,1
10415,0.0,1
10504,1.0,0
10558,0.0,1
10589,0.0,1
10593,0.0,1
10659,0.0,1
10660,0.0,1
10673,0.0,1
10747,1.0,0
10861,1.0,0
10900,0.0,1
10944,1.0,0
10956,0.0,1
10961,0.0,1
10996,0.0,1
11008,0.0,1
11023,0.0,1
11046,0.0,1
11096,1.0,0
11097,0.0,1
11129,0.0,1
11200,0.0,1
11201,0.0,1
11219,0.0,1
11262,0.0,1
11265,1.0,0
11277,0.0,1
11314,0.0,1
11331,0.0,1
11395,1.0,0
11402,1.0,0
11411,0.0,1
11424,0.0,1
11445,0.0,1
11452,0.0,1
11460,1.0,0
11487,0.0,1
11545,0.0,1
11559,1.0,0
11567,0.0,1
11578,1.0,0
11594,1.0,0
11606,0.0,1
11623,1.0,0
11649,1.0,0
11658,1.0,0
11671,1.0,0
11683,0.0,1
11750,0.0,1
11790,1.0,0
11794,1.0,0
11802,0.0,1
11834,1.0,0
11859,0.0,1
11871,0.0,1
11878,1.0,0
11885,1.0,0
11889,0.0,1
11908,0.0,1
11913,1.0,0
11918,1.0,0
11919,0.0,1
11987,1.0,0
11993,1.0,0
12001,0.0,1
12035,1.0,0
12044,1.0,0
12092,0.0,1
12109,1.0,0
12113,0.0,1
12163,1.0,0
12184,1.0,0
12197,1.0,0
12209,1.0,0
12227,1.0,0
12266,1.0,0
12286,0.0,1
12294,1.0,0
12307,0.0,1
12321,0.0,1
12380,0.0,1
12391,1.0,0
12394,1.0,0
12469,1.0,0
12475,1.0,0
12481,0.0,1
12511,1.0,0
12545,1.0,0
12548,1.0,0
12565,0.0,1
12569,0.0,1
12575,1.0,0
12576,1.0,0
12591,0.0,1
12616,0.0,1
12642,0.0,1
12678,1.0,0
12692,1.0,0
12748,0.0,1
12763,0.0,1
12775,0.0,1
12778,1.0,0
12823,0.0,1
12860,0.0,1
12862,0.0,1
12935,0.0,1
12938,0.0,1
12968,1.0,0
12997,1.0,0
13007,1.0,0
13017,0.0,1
13037,0.0,1
13055,0.0,1
13080,1.0,0
13096,0.0,1
13097,0.0,1
13121,0.0,1
13123,0.0,1
13150,0.0,1
13161,0.0,1
13197,0.0,1
13206,0.0,1
13213,0.0,1
13216,0.0,1
13224,1.0,0
13231,1.0,0
13249,0.0,1
13255,0.0,1
13273,0.0,1
13286,0.0,1
13302,0.0,1
13311,0.0,1
13327,0.0,1
13333,0.0,1
13361,0.0,1
13369,0.0,1
13386,0.0,1
13407,0.0,1
13453,1.0,0
13456,0.0,1
13473,0.0,1
13476,1.0,0
13487,0.0,1
13509,0.0,1
13539,0.0,1
13563,0.0,1
13616,0.0,1
13657,1.0,0
13684,1.0,0
13695,1.0,0
13736,0.0,1
13832,0.0,1
13866,0.0,1
13900,1.0,0
13920,1.0,0
13924,1.0,0
13941,0.0,1
13953,1.0,0
13971,0.0,1
13983,1.0,0
13995,1.0,0
14015,0.0,1
14035,0.0,1
14093,0.0,1
14111,1.0,0
14117,0.0,1
14130,1.0,0
14147,0.0,1
14180,1.0,0
14195,0.0,1
14217,1.0,0
14253,0.0,1
14259,1.0,0
14267,1.0,0
14383,0.0,1
14404,0.0,1
14422,1.0,0
14424,1.0,0
14449,0.0,1
14487,1.0,0
14507,1.0,0
14546,0.0,1
14572,1.0,0
14664,0.0,1
14679,1.0,0
14754,1.0,0
14766,0.0,1
14780,0.0,1
14782,0.0,1
14846,0.0,1
14875,0.0,1
14879,0.0,1
14885,1.0,0
14891,0.0,1
14926,0.0,1
14934,0.0,1
14947,1.0,0
14963,1.0,0
14966,0.0,1
14974,0.0,1
14975,0.0,1
14979,0.0,1
14984,0.0,1
14999,0.0,1
15007,0.0,1
15008,1.0,0
15025,1.0,0
15048,1.0,0
15063,0.0,1
15069,1.0,0
15076,0.0,1
15091,0.0,1
15099,0.0,1
15155,1.0,0
15218,0.0,1
15221,0.0,1
15243,0.0,1
15247,0.0,1
15308,0.0,1
15327,1.0,0
15359,0.0,1
15366,0.0,1
15382,0.0,1
15424,1.0,0
15427,0.0,1
15450,1.0,0
15467,0.0,1
15469,1.0,0
15515,1.0,0
15520,0.0,1
15533,0.0,1
15569,1.0,0
15578,0.0,1
15601,0.0,1
15606,1.0,0
15610,0.0,1
15611,1.0,0
15631,0.0,1
15647,1.0,0
15672,1.0,0
15674,0.0,1
15693,1.0,0
15724,1.0,0
15736,0.0,1
15780,1.0,0
15794,0.0,1
15815,0.0,1
15849,0.0,1
15855,0.0,1
15860,1.0,0
15893,1.0,0
15911,0.0,1
15913,0.0,1
15917,0.0,1
15938,1.0,0
16042,1.0,0
16085,0.0,1
16090,0.0,1
16093,0.0,1
16110,0.0,1
16122,0.0,1
16145,0.0,1
16152,0.0,1
16154,1.0,0
16162,0.0,1
16174,0.0,1
16200,1.0,0
16211,0.0,1
16217,1.0,0
16239,1.0,0
16250,0.0,1
16309,1.0,0
16342,0.0,1
16432,1.0,0
16450,0.0,1
16477,0.0,1
16480,0.0,1
16528,0.0,1
16529,0.0,1
16562,0.0,1
16586,0.0,1
16600,0.0,1
16604,0.0,1
16621,1.0,0
16634,1.0,0
16638,1.0,0
16681,0.0,1
16682,1.0,0
16704,1.0,0
16706,0.0,1
16708,1.0,0
16713,0.0,1
16729,0.0,1
16734,1.0,0
16829,1.0,0
16831,0.0,1
16849,1.0,0
16892,0.0,1
16910,0.0,1
16926,1.0,0
16957,0.0,1
16966,0.0,1
17006,0.0,1
17049,0.0,1
17053,0.0,1
17073,1.0,0
17083,1.0,0
17089,0.0,1
17106,1.0,0
17118,0.0,1
17132,0.0,1
17143,0.0,1
17192,0.0,1
17210,0.0,1
17249,1.0,0
17299,1.0,0
17300,1.0,0
17305,0.0,1
17339,1.0,0
17349,1.0,0
17355,0.0,1
17391,0.0,1
17432,0.0,1
17440,1.0,0
17483,0.0,1
17489,1.0,0
17500,1.0,0
17502,0.0,1
17521,1.0,0
17605,0.0,1
17612,0.0,1
17626,1.0,0
17706,0.0,1
17712,0.0,1
17725,1.0,0
17742,0.0,1
17761,0.0,1
17772,0.0,1
17816,1.0,0
17818,0.0,1
17821,1.0,0
17826,1.0,0
17830,0.0,1
17848,1.0,0
17863,1.0,0
17872,0.0,1
17895,0.0,1
17908,0.0,1
17920,1.0,0
17924,0.0,1
17930,0.0,1
17948,0.0,1
17980,1.0,0
17988,0.0,1
18006,1.0,0
18026,1.0,0
18061,1.0,0
18075,1.0,0
18098,1.0,0
18120,0.0,1
18122,1.0,0
18142,0.0,1
18149,1.0,0
18169,1.0,0
18178,0.0,1
18250,0.0,1
18297,0.0,1
18309,1.0,0
18349,0.0,1
18352,0.0,1
18362,1.0,0
18405,1.0,0
18465,0.0,1
18466,1.0,0
18469,0.0,1
18485,1.0,0
18495,0.0,1
18507,1.0,0
18553,1.0,0
18642,1.0,0
18705,0.0,1
18760,0.0,1
18793,1.0,0
18801,0.0,1
18831,1.0,0
18832,1.0,0
18843,1.0,0
18859,1.0,0
18887,0.0,1
18911,1.0,0
18913,0.0,1
18961,0.0,1
18968,1.0,0
18984,0.0,1
18993,1.0,0
18995,1.0,0
18997,0.0,1
19011,0.0,1
19015,1.0,0
19021,1.0,0
19062,0.0,1
19064,0.0,1
19102,0.0,1
19116,1.0,0
19132,1.0,0
19166,0.0,1
19169,1.0,0
19181,1.0,0
19286,0.0,1
19307,0.0,1
19324,1.0,0
19340,1.0,0
19348,1.0,0
19356,0.0,1
19373,0.0,1
19383,1.0,0
19483,0.0,1
19501,0.0,1
19550,0.0,1
19590,1.0,0
19598,1.0,0
19643,0.0,1
19659,0.0,1
19670,0.0,1
19680,1.0,0
19711,0.0,1
19716,1.0,0
19752,0.0,1
19756,0.0,1
19806,1.0,0
19808,1.0,0
19824,1.0,0
19852,1.0,0
19870,0.0,1
19873,0.0,1
19892,1.0,0
19924,1.0,0
19995,1.0,0
20000,0.0,1
20104,0.0,1
20139,0.0,1
20164,1.0,0
20167,0.0,1
20186,0.0,1
20212,0.0,1
20251,1.0,0
20255,0.0,1
20280,0.0,1
20378,0.0,1
20427,0.0,1
20437,0.0,1
20447,0.0,1
20467,1.0,0
20474,0.0,1
20498,1.0,0
20528,0.0,1
20550,0.0,1
20605,1.0,0
20663,1.0,0
20690,1.0,0
20710,0.0,1
20711,0.0,1
20712,0.0,1
20724,1.0,0
20748,1.0,0
20769,1.0,0
20772,1.0,0
20774,0.0,1
20819,0.0,1
20877,1.0,0
20907,0.0,1
20929,0.0,1
20944,0.0,1
20953,0.0,1
20963,1.0,0
21013,0.0,1
21021,0.0,1
21035,1.0,0
21051,0.0,1
21069,0.0,1
21089,0.0,1
21093,0.0,1
21105,1.0,0
21109,1.0,0
21113,1.0,0
21130,0.0,1
21138,1.0,0
21142,0.0,1
21160,0.0,1
21165,1.0,0
21166,0.0,1
21177,1.0,0
21219,0.0,1
21246,0.0,1
21249,0.0,1
21258,0.0,1
21278,1.0,0
21315,0.0,1
21361,1.0,0
21367,1.0,0
21405,1.0,0
21485,0.0,1
21498,0.0,1
21518,0.0,1
21531,1.0,0
21533,0.0,1
21562,0.0,1
21609,0.0,1
21619,1.0,0
21661,0.0,1
21715,1.0,0
21717,1.0,0
21751,1.0,0
21756,1.0,0
21760,0.0,1
21774,0.0,1
21786,1.0,0
21804,1.0,0
21824,0.0,1
21840,0.0,1
21843,0.0,1
21850,1.0,0
21851,1.0,0
21905,0.0,1
21975,1.0,0
21981,1.0,0
21982,1.0,0
21991,0.0,1
22000,0.0,1
22009,0.0,1
22018,0.0,1
22036,0.0,1
22046,1.0,0
22067,0.0,1
22078,0.0,1
22079,0.0,1
22086,0.0,1
22101,0.0,1
22102,0.0,1
22110,0.0,1
22125,0.0,1
22147,0.0,1
22161,0.0,1
22167,0.0,1
22169,0.0,1
22177,0.0,1
22193,0.0,1
22220,1.0,0
22234,0.0,1
22246,0.0,1
22247,0.0,1
22266,0.0,1
22268,0.0,1
22282,0.0,1
22293,0.0,1
22344,0.0,1
22353,0.0,1
22355,0.0,1
22384,1.0,0
22388,0.0,1
22403,0.0,1
22428,1.0,0
22458,1.0,0
22477,0.0,1
22516,1.0,0
22541,1.0,0
22571,0.0,1
22574,0.0,1
22578,1.0,0
22595,0.0,1
22605,1.0,0
22632,0.0,1
22635,0.0,1
22653,0.0,1
22694,0.0,1
22704,0.0,1
22732,0.0,1
22749,0.0,1
22753,0.0,1
22754,0.0,1
22759,0.0,1
22789,0.0,1
22866,0.0,1
22893,0.0,1
22942,0.0,1
22956,0.0,1
22966,0.0,1
23009,0.0,1
23011,0.0,1
23018,1.0,0
23088,0.0,1
23120,1.0,0
23123,1.0,0
23141,1.0,0
23198,1.0,0
23222,1.0,0
23226,0.0,1
23227,1.0,0
23263,1.0,0
23290,0.0,1
23294,1.0,0
23296,0.0,1
23297,1.0,0
23311,1.0,0
23345,0.0,1
23359,0.0,1
23379,1.0,0
23428,0.0,1
23528,0.0,1
23556,0.0,1
23561,0.0,1
23602,0.0,1
23626,0.0,1
23647,1.0,0
23655,1.0,0
23669,1.0,0
23670,0.0,1
23707,0.0,1
23736,0.0,1
23761,0.0,1
23774,1.0,0
23794,1.0,0
23812,0.0,1
23822,0.0,1
23840,0.0,1
23849,1.0,0
23853,0.0,1
23873,1.0,0
23883,0.0,1
23896,0.0,1
23919,0.0,1
23946,0.0,1
23952,1.0,0
23982,1.0,0
23998,1.0,0
24006,0.0,1
24019,0.0,1
24072,0.0,1
24099,1.0,0
24159,0.0,1
24184,0.0,1
24216,1.0,0
24238,1.0,0
24259,0.0,1
24264,0.0,1
24267,1.0,0
24321,1.0,0
24322,0.0,1
24332,1.0,0
24349,0.0,1
24398,0.0,1
24418,0.0,1
24426,0.0,1
24471,1.0,0
24490,1.0,0
24492,0.0,1
24494,0.0,1
24545,0.0,1
24565,0.0,1
24570,0.0,1
24574,1.0,0
24605,0.0,1
24628,0.0,1
24641,0.0,1
24653,0.0,1
24665,0.0,1
24671,0.0,1
24690,1.0,0
24706,0.0,1
24718,1.0,0
24739,1.0,0
24773,0.0,1
24782,0.0,1
24810,1.0,0
24858,0.0,1
24862,1.0,0
24871,0.0,1
24876,1.0,0
24878,0.0,1
24893,0.0,1
24918,0.0,1
24929,0.0,1
24941,0.0,1
24954,0.0,1
24955,1.0,0
24979,1.0,0
24994,1.0,0
25000,0.0,1
25072,1.0,0
25096,1.0,0
25121,0.0,1
25159,0.0,1
25189,1.0,0
25209,0.0,1
25210,1.0,0
25237,0.0,1
25278,0.0,1
25279,1.0,0
25292,1.0,0
25295,1.0,0
25308,0.0,1
25373,0.0,1
25412,0.0,1
25419,0.0,1
25423,1.0,0
25433,1.0,0
25451,1.0,0
25457,0.0,1
25506,1.0,0
25567,1.0,0
25575,0.0,1
25635,0.0,1
25651,0.0,1
25670,0.0,1
25691,0.0,1
25703,0.0,1
25802,1.0,0
25827,0.0,1
25860,1.0,0
25895,1.0,0
25923,0.0,1
25944,1.0,0
26012,0.0,1
26030,0.0,1
26071,1.0,0
26072,1.0,0
26089,1.0,0
26090,1.0,0
26183,0.0,1
26184,1.0,0
26220,0.0,1
26281,0.0,1
26283,0.0,1
26305,0.0,1
26313,0.0,1
26325,0.0,1
26347,0.0,1
26375,0.0,1
26376,1.0,0
26399,0.0,1
26401,1.0,0
26409,0.0,1
26445,1.0,0
26479,1.0,0
26487,0.0,1
26493,1.0,0
26497,1.0,0
26511,0.0,1
26521,1.0,0
26546,0.0,1
26551,1.0,0
26558,0.0,1
26587,0.0,1
26591,0.0,1
26599,0.0,1
26620,0.0,1
26657,0.0,1
26672,1.0,0
26697,1.0,0
26724,0.0,1
26729,0.0,1
26777,1.0,0
26787,1.0,0
26819,0.0,1
26821,0.0,1
26835,0.0,1
26859,0.0,1
26880,0.0,1
26892,0.0,1
26898,0.0,1
26905,1.0,0
26928,0.0,1
26951,0.0,1
27044,0.0,1
27056,0.0,1
27075,1.0,0
27127,0.0,1
27140,0.0,1
27163,1.0,0
27178,0.0,1
27199,0.0,1
27208,1.0,0
27222,1.0,0
27226,0.0,1
27251,0.0,1
27309,0.0,1
27327,0.0,1
27353,0.0,1
27363,1.0,0
27370,0.0,1
27371,1.0,0
27378,0.0,1
27406,0.0,1
27441,0.0,1
27566,1.0,0
27569,0.0,1
27597,1.0,0
27612,0.0,1
27644,1.0,0
27675,1.0,0
27688,0.0,1
27695,0.0,1
27707,0.0,1
27727,0.0,1
27739,1.0,0
27743,0.0,1
27771,0.0,1
27811,0.0,1
27832,0.0,1
27905,0.0,1
27920,0.0,1
27924,1.0,0
27969,0.0,1
27975,1.0,0
27990,0.0,1
27998,0.0,1
28014,1.0,0
28026,1.0,0
28041,0.0,1
28051,1.0,0
28053,1.0,0
28089,1.0,0
28095,0.0,1
28111,1.0,0
28116,1.0,0
28137,0.0,1
28140,0.0,1
28158,0.0,1
28169,1.0,0
28201,0.0,1
28207,0.0,1
28225,0.0,1
28241,0.0,1
28295,0.0,1
28300,0.0,1
28328,0.0,1
28350,0.0,1
28354,0.0,1
28356,0.0,1
28388,0.0,1
28406,1.0,0
28407,1.0,0
28417,0.0,1
28427,0.0,1
28443,0.0,1
28499,1.0,0
28513,0.0,1
28573,0.0,1
28577,0.0,1
28578,0.0,1
28582,0.0,1
28598,0.0,1
28633,0.0,1
28635,0.0,1
28647,0.0,1
28655,0.0,1
28658,0.0,1
28677,1.0,0
28707,1.0,0
28745,0.0,1
28756,0.0,1
28763,0.0,1
28805,1.0,0
28811,1.0,0
28823,1.0,0
28824,0.0,1
28838,0.0,1
28892,0.0,1
28893,0.0,1
28915,0.0,1
28977,0.0,1
28995,0.0,1
29008,0.0,1
29010,0.0,1
29036,1.0,0
29041,1.0,0
29045,0.0,1
29082,1.0,0
29104,1.0,0
29114,1.0,0
29123,1.0,0
29147,1.0,0
29152,0.0,1
29172,1.0,0
29181,0.0,1
29217,0.0,1
29226,0.0,1
29240,1.0,0
29250,1.0,0
29265,0.0,1
29271,0.0,1
29275,1.0,0
29277,1.0,0
29313,1.0,0
29314,1.0,0
29331,0.0,1
29355,0.0,1
29386,1.0,0
29401,1.0,0
29407,0.0,1
29539,0.0,1
29552,0.0,1
29604,1.0,0
29610,0.0,1
29612,0.0,1
29675,1.0,0
29705,1.0,0
29707,0.0,1
29747,0.0,1
29753,1.0,0
29794,0.0,1
29801,0.0,1
29806,1.0,0
29824,1.0,0
29829,0.0,1
29830,0.0,1
29852,1.0,0
29866,0.0,1
29899,1.0,0
29926,0.0,1
29932,0.0,1
29951,1.0,0
29962,0.0,1
29993,1.0,0
30007,0.0,1
30009,0.0,1
30012,1.0,0
30036,0.0,1
30049,0.0,1
30063,0.0,1
30074,1.0,0
30082,1.0,0
30123,0.0,1
30139,1.0,0
30144,0.0,1
30146,1.0,0
30165,1.0,0
30184,0.0,1
30229,1.0,0
30230,0.0,1
30231,0.0,1
30342,0.0,1
30344,1.0,0
30360,0.0,1
30415,0.0,1
30469,0.0,1
30493,0.0,1
30497,1.0,0
30550,1.0,0
30561,0.0,1
30654,0.0,1
30668,0.0,1
30695,0.0,1
30711,0.0,1
30769,0.0,1
30795,1.0,0
30806,0.0,1
30845,1.0,0
30848,1.0,0
30863,1.0,0
30925,1.0,0
30983,0.0,1
31005,0.0,1
31017,0.0,1
31019,0.0,1
31039,1.0,0
31040,1.0,0
31048,0.0,1
31052,0.0,1
31106,1.0,0
31116,0.0,1
31138,0.0,1
31150,0.0,1
31156,0.0,1
31161,0.0,1
31173,1.0,0
31205,0.0,1
31210,0.0,1
31259,0.0,1
31264,1.0,0
31282,0.0,1
31283,0.0,1
31294,0.0,1
31336,1.0,0
31346,0.0,1
31384,0.0,1
31396,0.0,1
31401,0.0,1
31447,0.0,1
31465,1.0,0
31480,0.0,1
31482,0.0,1
31483,0.0,1
31511,0.0,1
31537,1.0,0
31574,1.0,0
31603,0.0,1
31604,0.0,1
31607,1.0,0
31609,0.0,1
31614,1.0,0
31634,1.0,0
31668,0.0,1
31672,0.0,1
31690,0.0,1
31696,1.0,0
31731,0.0,1
31737,0.0,1
31757,0.0,1
31761,0.0,1
31797,1.0,0
31822,1.0,0
31843,0.0,1
31867,0.0,1
31899,1.0,0
31917,1.0,0
31920,1.0,0
31930,0.0,1
31936,0.0,1
31950,0.0,1
31974,0.0,1
31979,1.0,0
31982,0.0,1
32064,1.0,0
32079,0.0,1
32093,0.0,1
32098,1.0,0
32103,0.0,1
32174,1.0,0
32208,0.0,1
32221,1.0,0
32264,1.0,0
32294,1.0,0
32305,1.0,0
32321,0.0,1
32345,0.0,1
32425,1.0,0
32435,0.0,1
32444,1.0,0
32453,0.0,1
32540,1.0,0
32552,0.0,1
32556,0.0,1
32575,1.0,0
32593,1.0,0
32608,1.0,0
32628,1.0,0
32664,1.0,0
32680,0.0,1
32724,0.0,1
32737,0.0,1
32746,0.0,1
32768,1.0,0
32772,1.0,0
32779,1.0,0
32781,1.0,0
32856,0.0,1
32859,1.0,0
32880,0.0,1
32887,1.0,0
32924,0.0,1
32927,0.0,1
32929,1.0,0
32932,1.0,0
32962,0.0,1
32971,1.0,0
32973,0.0,1
32977,1.0,0
32981,0.0,1
33036,1.0,0
33039,0.0,1
33050,1.0,0
33066,1.0,0
33070,1.0,0
33088,0.0,1
33124,1.0,0
33139,0.0,1
33140,0.0,1
33144,0.0,1
33177,1.0,0
33205,1.0,0
33249,0.0,1
33271,0.0,1
33309,0.0,1
33328,0.0,1
33334,0.0,1
33341,1.0,0
33343,1.0,0
33366,0.0,1
33413,0.0,1
33425,1.0,0
33436,0.0,1
33538,0.0,1
33565,1.0,0
33567,0.0,1
33613,0.0,1
33633,1.0,0
33651,0.0,1
33652,0.0,1
33665,0.0,1
33686,0.0,1
33688,1.0,0
33791,1.0,0
33830,0.0,1
33884,1.0,0
33908,1.0,0
33958,1.0,0
33981,1.0,0
34000,1.0,0
34011,1.0,0
34075,0.0,1
34076,1.0,0
34105,1.0,0
34147,0.0,1
34150,0.0,1
34175,0.0,1
34219,0.0,1
34231,0.0,1
34246,1.0,0
34252,0.0,1
34282,0.0,1
34303,0.0,1
34314,0.0,1
34331,1.0,0
34374,0.0,1
34426,0.0,1
34433,0.0,1
34458,1.0,0
34517,1.0,0
34518,1.0,0
34534,1.0,0
34536,0.0,1
34551,1.0,0
34554,0.0,1
34557,0.0,1
34567,0.0,1
34575,1.0,0
34578,0.0,1
34656,1.0,0
34719,0.0,1
34741,0.0,1
34802,0.0,1
34813,0.0,1
34852,0.0,1
34866,1.0,0
34872,0.0,1
34901,1.0,0
34918,1.0,0
34924,0.0,1
34926,0.0,1
34928,0.0,1
34932,0.0,1
34933,1.0,0
34988,1.0,0
34997,0.0,1
35024,1.0,0
35034,1.0,0
35089,0.0,1
35097,0.0,1
35133,0.0,1
35153,0.0,1
35169,1.0,0
35181,0.0,1
35185,0.0,1
35255,1.0,0
35281,0.0,1
35303,0.0,1
35310,0.0,1
35335,0.0,1
35367,1.0,0
35387,0.0,1
35452,1.0,0
35485,1.0,0
35517,0.0,1
35532,0.0,1
35565,0.0,1
35607,0.0,1
35628,1.0,0
35641,0.0,1
35656,0.0,1
35657,0.0,1
35669,1.0,0
35681,0.0,1
35700,1.0,0
35702,0.0,1
35707,0.0,1
35730,1.0,0
35750,1.0,0
35752,0.0,1
35758,0.0,1
35760,0.0,1
35765,1.0,0
35766,1.0,0
35767,0.0,1
35788,0.0,1
35828,0.0,1
35841,0.0,1
35882,0.0,1
35892,0.0,1
35940,0.0,1
35962,0.0,1
35974,0.0,1
35984,0.0,1
35988,1.0,0
35989,0.0,1
36034,1.0,0
36043,1.0,0
36047,0.0,1
36082,1.0,0
36084,0.0,1
36097,1.0,0
36107,0.0,1
36136,0.0,1
36143,0.0,1
36158,1.0,0
36164,0.0,1
36187,1.0,0
36214,0.0,1
36261,1.0,0
36292,0.0,1
36304,1.0,0
36362,1.0,0
36407,0.0,1
36463,1.0,0
36464,0.0,1
36510,0.0,1
36566,0.0,1
36573,0.0,1
36576,1.0,0
36600,0.0,1
36604,0.0,1
36622,0.0,1
36661,1.0,0
36703,1.0,0
36710,0.0,1
36744,1.0,0
36808,0.0,1
36841,1.0,0
36844,1.0,0
36860,1.0,0
36882,1.0,0
36887,1.0,0
36902,0.0,1
36903,0.0,1
36942,0.0,1
36943,0.0,1
36944,1.0,0
36969,1.0,0
36985,0.0,1
36994,1.0,0
37021,0.0,1
37056,1.0,0
37084,0.0,1
37095,0.0,1
37100,0.0,1
37153,0.0,1
37181,1.0,0
37194,0.0,1
37218,0.0,1
37281,0.0,1
37287,0.0,1
37305,1.0,0
37310,1.0,0
37311,1.0,0
37372,1.0,0
37399,0.0,1
37411,1.0,0
37417,1.0,0
37423,1.0,0
37437,0.0,1
37465,1.0,0
37512,0.0,1
37529,1.0,0
37535,0.0,1
37537,1.0,0
37573,0.0,1
37587,1.0,0
37604,0.0,1
37633,0.0,1
37778,0.0,1
37800,1.0,0
37809,1.0,0
37877,0.0,1
37890,1.0,0
37935,0.0,1
37939,1.0,0
38003,0.0,1
38038,0.0,1
38042,0.0,1
38045,1.0,0
38078,0.0,1
38083,1.0,0
38125,0.0,1
38128,0.0,1
38131,0.0,1
38132,0.0,1
38148,0.0,1
38154,1.0,0
38157,0.0,1
38168,0.0,1
38188,0.0,1
38201,1.0,0
38202,1.0,0
38209,1.0,0
38213,1.0,0
38234,0.0,1
38246,0.0,1
38256,0.0,1
38261,0.0,1
38284,0.0,1
38290,0.0,1
38294,1.0,0
38315,0.0,1
38406,1.0,0
38424,0.0,1
38428,1.0,0
38462,0.0,1
38467,1.0,0
38488,0.0,1
38497,0.0,1
38504,0.0,1
38529,0.0,1
38543,1.0,0
38582,0.0,1
38599,0.0,1
38607,1.0,0
38631,0.0,1
38649,1.0,0
38654,1.0,0
38658,0.0,1
38691,0.0,1
38728,1.0,0
38748,1.0,0
38836,1.0,0
38839,0.0,1
38854,0.0,1
38863,0.0,1
38871,1.0,0
38878,0.0,1
38883,1.0,0
38889,1.0,0
38925,0.0,1
38937,1.0,0
38954,0.0,1
38968,0.0,1
38975,0.0,1
39026,0.0,1
39199,0.0,1
39204,0.0,1
39218,1.0,0
39241,1.0,0
39248,0.0,1
39263,0.0,1
39335,1.0,0
39340,1.0,0
39352,1.0,0
39360,0.0,1
39392,0.0,1
39408,1.0,0
39429,0.0,1
39431,1.0,0
39448,1.0,0
39453,1.0,0
39483,0.0,1
39496,0.0,1
39540,1.0,0
39542,1.0,0
39556,0.0,1
39564,1.0,0
39599,1.0,0
39618,0.0,1
39640,0.0,1
39653,0.0,1
39661,0.0,1
39673,1.0,0
39679,1.0,0
39737,0.0,1
39738,0.0,1
39766,1.0,0
39775,1.0,0
39801,1.0,0
39841,0.0,1
39851,0.0,1
39857,0.0,1
39864,1.0,0
39870,0.0,1
39871,1.0,0
39877,0.0,1
39916,0.0,1
39924,0.0,1
39941,1.0,0
39946,0.0,1
39962,1.0,0
39966,1.0,0
40052,0.0,1
40061,1.0,0
40065,0.0,1
40082,1.0,0
40103,0.0,1
40116,0.0,1
40120,0.0,1
40127,0.0,1
40148,1.0,0
40158,1.0,0
40182,0.0,1
40184,0.0,1
40210,0.0,1
40237,1.0,0
40254,0.0,1
40255,0.0,1
40286,0.0,1
40328,0.0,1
40375,1.0,0
40385,0.0,1
40387,0.0,1
40428,1.0,0
40500,0.0,1
40521,0.0,1
40543,1.0,0
40544,1.0,0
40565,0.0,1
40583,1.0,0
40588,1.0,0
40601,1.0,0
40638,0.0,1
40661,1.0,0
40666,0.0,1
40673,0.0,1
40726,1.0,0
40728,1.0,0
40748,1.0,0
40784,0.0,1
40803,0.0,1
40819,0.0,1
40820,0.0,1
40830,1.0,0
40843,1.0,0
40868,1.0,0
40911,1.0,0
40914,1.0,0
40935,0.0,1
40936,0.0,1
40944,0.0,1
40970,0.0,1
40974,1.0,0
40984,0.0,1
40992,0.0,1
40997,0.0,1
41024,1.0,0
41089,1.0,0
41112,0.0,1
41121,0.0,1
41141,1.0,0
41151,0.0,1
41185,0.0,1
41186,0.0,1
41188,0.0,1
41193,0.0,1
41196,0.0,1
41216,0.0,1
41241,0.0,1
41286,0.0,1
41289,1.0,0
41325,0.0,1
41349,0.0,1
41370,0.0,1
41378,0.0,1
41424,0.0,1
41430,0.0,1
41431,1.0,0
41452,0.0,1
41456,1.0,0
41478,0.0,1
41491,0.0,1
41496,1.0,0
41527,0.0,1
41538,0.0,1
41551,0.0,1
41564,1.0,0
41590,0.0,1
41600,1.0,0
41609,0.0,1
41618,1.0,0
41621,1.0,0
41655,0.0,1
41692,0.0,1
41728,0.0,1
41809,1.0,0
41862,0.0,1
41863,1.0,0
41877,1.0,0
41888,0.0,1
41896,1.0,0
41914,0.0,1
41924,0.0,1
41998,0.0,1
42015,0.0,1
42016,1.0,0
42024,0.0,1
42060,0.0,1
42097,0.0,1
42101,0.0,1
42107,1.0,0
42123,1.0,0
42129,0.0,1
42130,0.0,1
42133,0.0,1
42142,0.0,1
42152,1.0,0
42170,1.0,0
42184,0.0,1
42191,0.0,1
42233,0.0,1
42297,0.0,1
42299,1.0,0
42317,0.0,1
42327,0.0,1
42366,0.0,1
42379,0.0,1
42386,0.0,1
42407,0.0,1
42448,0.0,1
42459,0.0,1
42472,1.0,0
42507,0.0,1
42514,0.0,1
42518,1.0,0
42539,0.0,1
42541,0.0,1
42561,1.0,0
42563,0.0,1
42568,1.0,0
42593,0.0,1
42639,0.0,1
42646,0.0,1
42649,0.0,1
42659,0.0,1
42676,0.0,1
42709,0.0,1
42712,1.0,0
42738,0.0,1
42802,0.0,1
42810,1.0,0
42873,1.0,0
42960,0.0,1
42965,1.0,0
42977,0.0,1
43002,1.0,0
43004,0.0,1
43016,1.0,0
43082,0.0,1
43086,0.0,1
43089,0.0,1
43115,1.0,0
43131,0.0,1
43160,0.0,1
43169,1.0,0
43228,0.0,1
43242,1.0,0
43244,0.0,1
43248,1.0,0
43257,0.0,1
43267,1.0,0
43269,0.0,1
43292,0.0,1
43337,0.0,1
43387,1.0,0
43401,1.0,0
43415,1.0,0
43431,1.0,0
43485,0.0,1
43504,1.0,0
43571,0.0,1
43605,1.0,0
43608,0.0,1
43628,1.0,0
43652,0.0,1
43671,0.0,1
43673,1.0,0
43698,0.0,1
43714,1.0,0
43729,0.0,1
43822,0.0,1
43854,0.0,1
43901,1.0,0
43915,0.0,1
43926,0.0,1
43958,0.0,1
43962,0.0,1
43965,0.0,1
43999,0.0,1
44014,1.0,0
44044,0.0,1
44070,0.0,1
44098,0.0,1
44176,1.0,0
44181,0.0,1
44204,0.0,1
44240,0.0,1
44242,0.0,1
44244,1.0,0
44254,1.0,0
44262,1.0,0
44274,0.0,1
44283,0.0,1
44285,1.0,0
44298,0.0,1
44320,0.0,1
44323,0.0,1
44334,1.0,0
44346,0.0,1
44385,1.0,0
44389,0.0,1
44406,0.0,1
44423,0.0,1
44448,1.0,0
44499,0.0,1
44560,0.0,1
44576,1.0,0
44588,1.0,0
44631,1.0,0
44642,1.0,0
44682,0.0,1
44727,1.0,0
44729,0.0,1
44746,0.0,1
44762,1.0,0
44768,0.0,1
44786,1.0,0
44792,0.0,1
44814,1.0,0
44868,0.0,1
44896,0.0,1
44899,1.0,0
44904,0.0,1
44927,0.0,1
44974,1.0,0
44975,0.0,1
44979,1.0,0
44986,1.0,0
45016,0.0,1
45019,1.0,0
45026,0.0,1
45047,0.0,1
45048,0.0,1
45082,0.0,1
45119,1.0,0
45139,0.0,1
45140,0.0,1
45145,0.0,1
45172,0.0,1
45173,0.0,1
45179,1.0,0
45193,1.0,0
45242,1.0,0
45247,1.0,0
45269,0.0,1
45277,1.0,0
45315,0.0,1
45317,0.0,1
45342,1.0,0
45350,0.0,1
45351,0.0,1
45354,1.0,0
45375,0.0,1
45418,0.0,1
45425,0.0,1
45427,1.0,0
45432,1.0,0
45444,1.0,0
45447,0.0,1
45468,0.0,1
45496,1.0,0
45499,0.0,1
45503,0.0,1
45513,1.0,0
45533,0.0,1
45631,0.0,1
45661,0.0,1
45707,0.0,1
45712,1.0,0
45740,1.0,0
45781,0.0,1
45814,0.0,1
45835,0.0,1
45867,0.0,1
45906,1.0,0
45920,1.0,0
45940,0.0,1
45945,1.0,0
45953,1.0,0
45972,1.0,0
45987,0.0,1
46008,0.0,1
46011,0.0,1
46057,1.0,0
46073,0.0,1
46103,0.0,1
46111,0.0,1
46139,1.0,0
46146,0.0,1
46201,0.0,1
46206,0.0,1
46212,1.0,0
46213,1.0,0
46222,0.0,1
46229,0.0,1
46232,0.0,1
46241,0.0,1
46261,0.0,1
46301,1.0,0
46302,0.0,1
46304,1.0,0
46309,1.0,0
46315,0.0,1
46320,1.0,0
46333,1.0,0
46390,1.0,0
46435,1.0,0
46473,1.0,0
46479,0.0,1
46505,0.0,1
46559,1.0,0
46569,1.0,0
46589,0.0,1
46595,0.0,1
46664,1.0,0
46665,1.0,0
46666,1.0,0
46687,0.0,1
46708,0.0,1
46714,1.0,0
46716,0.0,1
46735,1.0,0
46769,0.0,1
46782,0.0,1
46821,0.0,1
46857,0.0,1
46867,0.0,1
46881,1.0,0
46888,1.0,0
46893,0.0,1
46904,1.0,0
46915,0.0,1
46959,0.0,1
46984,0.0,1
47002,0.0,1
47020,1.0,0
47027,0.0,1
47036,0.0,1
47059,1.0,0
47081,1.0,0
47084,1.0,0
47099,1.0,0
47135,1.0,0
47165,0.0,1
47176,1.0,0
47183,0.0,1
47187,0.0,1
47228,1.0,0
47240,0.0,1
47257,0.0,1
47305,1.0,0
47308,1.0,0
47313,0.0,1
47322,0.0,1
47357,1.0,0
47369,1.0,0
47399,0.0,1
47400,0.0,1
47403,0.0,1
47422,0.0,1
47425,1.0,0
47478,1.0,0
47506,0.0,1
47511,0.0,1
47516,0.0,1
47517,1.0,0
47591,0.0,1
47592,0.0,1
47661,0.0,1
47701,0.0,1
47709,1.0,0
47711,0.0,1
47712,0.0,1
47723,1.0,0
47745,1.0,0
47801,1.0,0
47808,0.0,1
47822,0.0,1
47840,0.0,1
47862,1.0,0
47863,1.0,0
47899,0.0,1
47910,1.0,0
48013,1.0,0
48040,0.0,1
48056,0.0,1
48070,0.0,1
48082,1.0,0
48084,1.0,0
48103,1.0,0
48108,0.0,1
48152,0.0,1
48191,0.0,1
48202,1.0,0
48226,0.0,1
48234,0.0,1
48240,0.0,1
48245,0.0,1
48247,0.0,1
48296,1.0,0
48367,0.0,1
48372,0.0,1
48388,0.0,1
48439,0.0,1
48444,0.0,1
48447,0.0,1
48448,0.0,1
48459,0.0,1
48467,1.0,0
48470,0.0,1
48498,0.0,1
48505,1.0,0
48519,0.0,1
48530,0.0,1
48548,1.0,0
48561,0.0,1
48580,0.0,1
48614,1.0,0
48642,0.0,1
48644,0.0,1
48651,0.0,1
48653,1.0,0
48663,0.0,1
48664,0.0,1
48681,1.0,0
48691,0.0,1
48717,0.0,1
48720,0.0,1
48735,0.0,1
48743,0.0,1
48782,1.0,0
48802,1.0,0
48803,0.0,1
48822,0.0,1
48838,1.0,0
48839,0.0,1
48906,1.0,0
48926,0.0,1
48934,1.0,0
48940,0.0,1
48968,0.0,1
48974,0.0,1
49007,0.0,1
49027,1.0,0
49097,0.0,1
49136,0.0,1
49190,0.0,1
49238,0.0,1
49309,0.0,1
49310,0.0,1
49327,0.0,1
49344,0.0,1
49355,0.0,1
49361,1.0,0
49367,0.0,1
49373,0.0,1
49383,1.0,0
49399,1.0,0
49405,0.0,1
49432,0.0,1
49528,0.0,1
49556,1.0,0
49583,1.0,0
49588,1.0,0
49601,0.0,1
49640,0.0,1
49655,0.0,1
49669,0.0,1
49714,0.0,1
49727,0.0,1
49734,1.0,0
49740,1.0,0
49751,1.0,0
49767,1.0,0
49777,1.0,0
49790,1.0,0
49792,1.0,0
49809,0.0,1
49817,1.0,0
49836,0.0,1
49847,1.0,0
49848,0.0,1
49858,0.0,1
49864,1.0,0
49868,1.0,0
49870,1.0,0
49871,0.0,1
49886,0.0,1
49920,1.0,0
49950,0.0,1
49957,0.0,1
49975,1.0,0
49991,0.0,1
49996,0.0,1
50012,0.0,1
50020,1.0,0
50070,1.0,0
50072,0.0,1
50090,0.0,1
50122,0.0,1
50128,0.0,1
50160,0.0,1
50187,0.0,1
50188,1.0,0
50208,0.0,1
50304,1.0,0
50317,1.0,0
50343,1.0,0
50364,0.0,1
50367,0.0,1
50423,0.0,1
50461,1.0,0
50490,1.0,0
50496,0.0,1
50508,1.0,0
50533,0.0,1
50538,0.0,1
50569,0.0,1
50592,1.0,0
50603,1.0,0
50618,1.0,0
50673,0.0,1
50674,0.0,1
50689,0.0,1
50698,0.0,1
50714,0.0,1
50719,0.0,1
50760,0.0,1
50774,0.0,1
50787,0.0,1
50840,0.0,1
50870,0.0,1
50897,1.0,0
50899,0.0,1
50925,1.0,0
50964,0.0,1
51025,0.0,1
51045,1.0,0
51061,1.0,0
51067,1.0,0
51068,0.0,1
51082,1.0,0
51129,0.0,1
51145,1.0,0
51146,1.0,0
51162,1.0,0
51164,1.0,0
51176,0.0,1
51190,0.0,1
51194,0.0,1
51196,1.0,0
51232,1.0,0
51241,0.0,1
51244,0.0,1
51250,1.0,0
51255,0.0,1
51261,1.0,0
51277,0.0,1
51280,0.0,1
51293,1.0,0
51301,0.0,1
51340,0.0,1
51374,1.0,0
51399,0.0,1
51403,0.0,1
51407,0.0,1
51430,0.0,1
51431,0.0,1
51435,1.0,0
51462,1.0,0
51469,0.0,1
51475,0.0,1
51498,1.0,0
51515,0.0,1
51557,0.0,1
51567,0.0,1
51582,0.0,1
51623,0.0,1
51636,0.0,1
51641,1.0,0
51652,0.0,1
51656,1.0,0
51662,0.0,1
51686,1.0,0
51739,0.0,1
51779,0.0,1
51783,0.0,1
51797,0.0,1
51817,0.0,1
51832,0.0,1
51833,0.0,1
51842,1.0,0
51891,0.0,1
51935,1.0,0
51944,1.0,0
51960,1.0,0
51978,1.0,0
51987,0.0,1
51989,1.0,0
52097,0.0,1
52122,1.0,0
52126,0.0,1
52140,1.0,0
52147,0.0,1
52171,0.0,1
52201,1.0,0
52229,0.0,1
52231,1.0,0
52236,0.0,1
52281,1.0,0
52287,1.0,0
52302,0.0,1
52322,0.0,1
52393,0.0,1
52467,1.0,0
52494,0.0,1
52496,1.0,0
52534,1.0,0
52540,0.0,1
52547,1.0,0
52550,1.0,0
52577,0.0,1
52584,0.0,1
52617,1.0,0
52618,0.0,1
52641,1.0,0
52643,0.0,1
52661,0.0,1
52678,1.0,0
52735,0.0,1
52752,1.0,0
52767,0.0,1
52823,0.0,1
52826,0.0,1
52869,0.0,1
52882,0.0,1
52897,0.0,1
52902,1.0,0
52927,0.0,1
52980,0.0,1
52984,0.0,1
53043,0.0,1
53053,0.0,1
53060,0.0,1
53084,0.0,1
53112,0.0,1
53127,0.0,1
53128,1.0,0
53135,0.0,1
53142,0.0,1
53145,1.0,0
53193,1.0,0
53198,0.0,1
53205,0.0,1
53206,0.0,1
53226,0.0,1
53233,1.0,0
53234,1.0,0
53244,0.0,1
53266,0.0,1
53277,0.0,1
53286,0.0,1
53300,1.0,0
53323,0.0,1
53334,0.0,1
53366,0.0,1
53411,1.0,0
53438,0.0,1
53443,1.0,0
53488,1.0,0
53513,1.0,0
53570,1.0,0
53582,0.0,1
53611,1.0,0
53629,0.0,1
53630,0.0,1
53631,0.0,1
53675,0.0,1
53713,1.0,0
53745,0.0,1
53753,1.0,0
53758,0.0,1
53769,0.0,1
53822,1.0,0
53840,1.0,0
53876,0.0,1
53885,0.0,1
53906,0.0,1
53961,0.0,1
53986,1.0,0
54025,0.0,1
54041,0.0,1
54051,1.0,0
54059,0.0,1
54076,1.0,0
54079,0.0,1
54100,1.0,0
54116,0.0,1
54122,0.0,1
54139,0.0,1
54159,0.0,1
54175,1.0,0
54185,1.0,0
54216,1.0,0
54249,0.0,1
54296,0.0,1
54301,0.0,1
54324,0.0,1
54343,1.0,0
54347,1.0,0
54352,0.0,1
54366,1.0,0
54393,0.0,1
54412,0.0,1
54416,1.0,0
54424,0.0,1
54446,1.0,0
54462,0.0,1
54512,0.0,1
54551,0.0,1
54577,0.0,1
54595,0.0,1
54620,0.0,1
54723,0.0,1
54764,0.0,1
54796,0.0,1
54802,1.0,0
54807,1.0,0
54810,1.0,0
54813,1.0,0
54822,0.0,1
54843,0.0,1
54851,0.0,1
54901,1.0,0
54910,1.0,0
54916,0.0,1
54921,1.0,0
54947,1.0,0
54950,1.0,0
54955,1.0,0
54985,0.0,1
55013,0.0,1
55032,0.0,1
55060,0.0,1
55067,1.0,0
55146,0.0,1
55157,1.0,0
55174,1.0,0
55201,0.0,1
55206,0.0,1
55212,0.0,1
55242,0.0,1
55264,0.0,1
55268,0.0,1
55304,1.0,0
55340,1.0,0
55347,1.0,0
55356,0.0,1
55359,0.0,1
55376,0.0,1
55383,0.0,1
55390,0.0,1
55430,0.0,1
55466,1.0,0
55472,0.0,1
55475,0.0,1
55494,0.0,1
55502,0.0,1
55537,1.0,0
55548,1.0,0
55572,0.0,1
55576,1.0,0
55628,1.0,0
55659,1.0,0
55672,0.0,1
55691,0.0,1
55696,0.0,1
55706,0.0,1
55711,0.0,1
55722,0.0,1
55744,1.0,0
55781,0.0,1
55789,1.0,0
55811,0.0,1
55841,1.0,0
55843,0.0,1
55852,1.0,0
55899,0.0,1
55903,0.0,1
55923,1.0,0
55929,1.0,0
55932,0.0,1
55939,1.0,0
55993,0.0,1
56001,0.0,1
56006,0.0,1
56053,0.0,1
56056,0.0,1
56062,1.0,0
56076,0.0,1
56083,0.0,1
56106,0.0,1
56204,0.0,1
56217,1.0,0
56232,0.0,1
56235,0.0,1
56238,1.0,0
56242,0.0,1
56249,0.0,1
56252,0.0,1
56263,0.0,1
56266,1.0,0
56279,0.0,1
56297,0.0,1
56359,1.0,0
56372,0.0,1
56402,1.0,0
56409,1.0,0
56434,1.0,0
56442,1.0,0
56467,1.0,0
56472,1.0,0
56477,0.0,1
56484,1.0,0
56485,0.0,1
56569,0.0,1
56579,1.0,0
56618,0.0,1
56629,1.0,0
56641,0.0,1
56646,0.0,1
56657,0.0,1
56685,0.0,1
56689,0.0,1
56690,1.0,0
56707,0.0,1
56718,1.0,0
56730,0.0,1
56764,1.0,0
56775,0.0,1
56777,1.0,0
56806,1.0,0
56859,0.0,1
56881,0.0,1
56932,1.0,0
56937,0.0,1
56940,1.0,0
56997,0.0,1
57003,0.0,1
57005,0.0,1
57040,0.0,1
57043,0.0,1
57054,1.0,0
57092,0.0,1
57093,0.0,1
57096,0.0,1
57115,0.0,1
57149,1.0,0
57153,0.0,1
57189,1.0,0
57225,0.0,1
57235,0.0,1
57288,0.0,1
57293,0.0,1
57333,0.0,1
57338,0.0,1
57360,1.0,0
57390,1.0,0
57406,0.0,1
57411,0.0,1
57433,1.0,0
57450,1.0,0
57460,1.0,0
57462,0.0,1
57483,1.0,0
57519,1.0,0
57521,0.0,1
57525,0.0,1
57600,0.0,1
57635,1.0,0
57654,1.0,0
57657,0.0,1
57721,0.0,1
57723,0.0,1
57758,1.0,0
57767,1.0,0
57768,0.0,1
57776,0.0,1
57787,0.0,1
57800,0.0,1
57805,0.0,1
57807,1.0,0
57814,1.0,0
57823,1.0,0
57854,0.0,1
57867,1.0,0
57895,0.0,1
57900,0.0,1
57914,1.0,0
58002,1.0,0
58033,1.0,0
58049,1.0,0
58073,0.0,1
58100,0.0,1
58147,0.0,1
58186,0.0,1
58187,0.0,1
58220,0.0,1
58247,0.0,1
58333,1.0,0
58369,0.0,1
58375,1.0,0
58381,0.0,1
58412,1.0,0
58441,1.0,0
58456,0.0,1
58467,0.0,1
58476,1.0,0
58506,1.0,0
58528,0.0,1
58549,0.0,1
58554,1.0,0
58560,0.0,1
58561,0.0,1
58562,0.0,1
58589,0.0,1
58590,0.0,1
58619,0.0,1
58637,1.0,0
58645,1.0,0
58649,0.0,1
58695,1.0,0
58729,0.0,1
58769,1.0,0
58772,0.0,1
58787,0.0,1
58789,1.0,0
58821,0.0,1
58855,0.0,1
58906,0.0,1
58935,1.0,0
58936,0.0,1
58937,1.0,0
58939,0.0,1
58948,0.0,1
59002,1.0,0
59036,0.0,1
59041,0.0,1
59045,0.0,1
59081,0.0,1
59124,0.0,1
59169,0.0,1
59179,0.0,1
59201,1.0,0
59217,0.0,1
59225,0.0,1
59246,1.0,0
59291,1.0,0
59323,0.0,1
59355,1.0,0
59389,0.0,1
59409,0.0,1
59417,0.0,1
59431,0.0,1
59451,0.0,1
59530,0.0,1
59561,1.0,0
59564,0.0,1
59586,1.0,0
59595,0.0,1
59607,0.0,1
59609,0.0,1
59645,1.0,0
59648,0.0,1
59651,1.0,0
59675,1.0,0
59714,0.0,1
59720,1.0,0
59743,0.0,1
59768,0.0,1
59793,0.0,1
59800,0.0,1
59815,1.0,0
59821,0.0,1
59840,0.0,1
59882,0.0,1
59926,0.0,1
59930,0.0,1
59944,1.0,0
60024,1.0,0
60037,1.0,0
60069,0.0,1
60079,0.0,1
60081,0.0,1
60090,0.0,1
60091,0.0,1
60098,1.0,0
60112,0.0,1
60115,0.0,1
60119,1.0,0
60140,1.0,0
60162,1.0,0
60173,0.0,1
60197,0.0,1
60303,0.0,1
60369,0.0,1
60373,0.0,1
60412,1.0,0
60473,0.0,1
60481,0.0,1
60519,1.0,0
60549,0.0,1
60551,1.0,0
60553,1.0,0
60570,0.0,1
60574,0.0,1
60616,1.0,0
60635,0.0,1
60639,0.0,1
60643,1.0,0
60644,0.0,1
60664,1.0,0
60671,1.0,0
60717,0.0,1
60738,0.0,1
60742,0.0,1
60753,0.0,1
60812,0.0,1
60845,0.0,1
60855,0.0,1
60856,0.0,1
60858,0.0,1
60874,0.0,1
60882,1.0,0
60998,0.0,1
61013,1.0,0
61056,0.0,1
61082,1.0,0
61094,0.0,1
61113,1.0,0
61129,1.0,0
61223,0.0,1
61227,1.0,0
61269,1.0,0
61272,0.0,1
61279,0.0,1
61287,1.0,0
61292,0.0,1
61317,0.0,1
61390,0.0,1
61403,0.0,1
61526,0.0,1
61543,0.0,1
61552,1.0,0
61563,1.0,0
61608,1.0,0
61646,1.0,0
61722,0.0,1
61734,1.0,0
61735,0.0,1
61773,0.0,1
61780,1.0,0
61783,1.0,0
61817,1.0,0
61835,1.0,0
61910,1.0,0
61916,0.0,1
61950,1.0,0
61953,0.0,1
62034,1.0,0
62040,1.0,0
62042,0.0,1
62046,0.0,1
62052,1.0,0
62068,1.0,0
62113,0.0,1
62137,0.0,1
62144,1.0,0
62165,0.0,1
62172,0.0,1
62201,0.0,1
62217,1.0,0
62223,0.0,1
62291,1.0,0
62296,0.0,1
62314,0.0,1
62336,0.0,1
62370,1.0,0
62381,0.0,1
62386,1.0,0
62422,1.0,0
62429,0.0,1
62442,1.0,0
62457,0.0,1
62465,0.0,1
62479,0.0,1
62497,0.0,1
62550,0.0,1
62553,1.0,0
62556,0.0,1
62559,0.0,1
62577,1.0,0
62582,0.0,1
62594,1.0,0
62625,0.0,1
62635,0.0,1
62647,1.0,0
62727,0.0,1
62783,1.0,0
62827,1.0,0
62834,1.0,0
62869,1.0,0
62874,0.0,1
62963,1.0,0
62974,1.0,0
62976,1.0,0
62991,1.0,0
62993,0.0,1
63014,1.0,0
63032,0.0,1
63042,0.0,1
63050,1.0,0
63062,0.0,1
63093,0.0,1
63095,1.0,0
63124,1.0,0
63134,1.0,0
63157,1.0,0
63184,1.0,0
63193,1.0,0
63210,0.0,1
63211,0.0,1
63225,1.0,0
63233,0.0,1
63254,0.0,1
63256,1.0,0
63268,0.0,1
63284,0.0,1
63315,0.0,1
63357,1.0,0
63410,1.0,0
63414,0.0,1
63423,1.0,0
63429,0.0,1
63443,0.0,1
63456,1.0,0
63458,1.0,0
63463,0.0,1
63485,0.0,1
63527,0.0,1
63543,1.0,0
63555,0.0,1
63561,1.0,0
63595,1.0,0
63611,0.0,1
63658,0.0,1
63660,0.0,1
63697,0.0,1
63709,0.0,1
63719,0.0,1
63755,0.0,1
63760,0.0,1
63771,0.0,1
63782,1.0,0
63834,1.0,0
63846,0.0,1
63883,1.0,0
63884,1.0,0
63888,1.0,0
63891,1.0,0
63893,1.0,0
63895,0.0,1
63929,0.0,1
63950,1.0,0
63956,1.0,0
63967,0.0,1
64002,1.0,0
64028,1.0,0
64031,1.0,0
64058,1.0,0
64076,0.0,1
64082,0.0,1
64131,1.0,0
64172,1.0,0
64216,0.0,1
64247,0.0,1
64249,0.0,1
64305,0.0,1
64387,1.0,0
64425,1.0,0
64449,0.0,1
64461,0.0,1
64596,1.0,0
64606,0.0,1
64650,0.0,1
64654,1.0,0
64663,0.0,1
64666,1.0,0
64691,1.0,0
64711,1.0,0
64719,1.0,0
64739,0.0,1
64740,0.0,1
64761,0.0,1
64781,0.0,1
64786,1.0,0
64787,1.0,0
64814,1.0,0
64834,0.0,1
64851,0.0,1
64868,0.0,1
64875,0.0,1
64883,1.0,0
64885,1.0,0
64893,1.0,0
64895,0.0,1
64901,0.0,1
64909,1.0,0
64912,0.0,1
64971,1.0,0
64990,1.0,0
65013,1.0,0
65025,0.0,1
65051,0.0,1
65150,0.0,1
65152,0.0,1
65166,0.0,1
65192,0.0,1
65201,0.0,1
65204,0.0,1
65257,0.0,1
65260,1.0,0
65285,0.0,1
65295,1.0,0
65327,1.0,0
65346,1.0,0
65350,0.0,1
65370,0.0,1
65388,0.0,1
65393,0.0,1
65396,0.0,1
65419,1.0,0
65440,1.0,0
65476,0.0,1
65485,0.0,1
65502,0.0,1
65517,1.0,0
65522,0.0,1
65536,0.0,1
65540,1.0,0
65543,0.0,1
65571,0.0,1
65602,1.0,0
65642,0.0,1
65646,0.0,1
65677,0.0,1
65698,0.0,1
65700,1.0,0
65741,1.0,0
65791,1.0,0
65793,0.0,1
65824,0.0,1
65828,1.0,0
65841,1.0,0
65843,1.0,0
65859,1.0,0
65872,1.0,0
65910,0.0,1
65923,0.0,1
65939,1.0,0
65956,1.0,0
65991,0.0,1
65999,1.0,0
66011,0.0,1
66015,1.0,0
66058,0.0,1
66076,0.0,1
66084,0.0,1
66092,0.0,1
66104,0.0,1
66192,0.0,1
66195,0.0,1
66203,0.0,1
66215,1.0,0
66220,0.0,1
66221,1.0,0
66224,0.0,1
66261,1.0,0
66263,0.0,1
66267,0.0,1
66287,1.0,0
66292,0.0,1
66293,1.0,0
66300,0.0,1
66318,1.0,0
66332,0.0,1
66334,0.0,1
66340,0.0,1
66365,1.0,0
66370,0.0,1
66394,0.0,1
66405,0.0,1
66408,0.0,1
66409,1.0,0
66461,1.0,0
66464,1.0,0
66466,0.0,1
66486,0.0,1
66497,1.0,0
66507,1.0,0
66529,0.0,1
66536,1.0,0
66561,1.0,0
66595,0.0,1
66600,0.0,1
66620,1.0,0
66623,0.0,1
66659,1.0,0
66681,1.0,0
66688,1.0,0
66693,0.0,1
66714,0.0,1
66723,0.0,1
66744,0.0,1
66805,0.0,1
66826,1.0,0
66847,1.0,0
66908,1.0,0
66923,0.0,1
66931,1.0,0
66953,1.0,0
66989,0.0,1
67002,0.0,1
67016,0.0,1
67017,0.0,1
67053,0.0,1
67077,0.0,1
67082,1.0,0
67125,1.0,0
67136,1.0,0
67173,1.0,0
67188,1.0,0
67271,1.0,0
67317,0.0,1
67333,1.0,0
67380,1.0,0
67400,0.0,1
67406,1.0,0
67422,1.0,0
67425,0.0,1
67435,0.0,1
67458,1.0,0
67463,0.0,1
67464,0.0,1
67468,0.0,1
67479,0.0,1
67492,1.0,0
67525,0.0,1
67527,0.0,1
67554,1.0,0
67561,1.0,0
67566,0.0,1
67600,0.0,1
67629,0.0,1
67665,1.0,0
67680,0.0,1
67703,0.0,1
67777,0.0,1
67844,1.0,0
67873,1.0,0
67884,1.0,0
67890,0.0,1
67920,0.0,1
67938,0.0,1
67940,1.0,0
67946,1.0,0
67954,1.0,0
67974,1.0,0
67975,1.0,0
67977,1.0,0
67985,0.0,1
67996,0.0,1
68006,1.0,0
68015,0.0,1
68042,0.0,1
68079,1.0,0
68092,0.0,1
68104,0.0,1
68125,0.0,1
68133,1.0,0
68151,0.0,1
68161,0.0,1
68186,1.0,0
68205,0.0,1
68225,1.0,0
68231,0.0,1
68262,1.0,0
68279,1.0,0
68286,0.0,1
68328,0.0,1
68334,0.0,1
68385,1.0,0
68419,1.0,0
68429,1.0,0
68449,1.0,0
68451,0.0,1
68455,1.0,0
68458,0.0,1
68470,1.0,0
68477,0.0,1
68494,1.0,0
68497,1.0,0
68509,0.0,1
68544,0.0,1
68549,0.0,1
68601,0.0,1
68602,1.0,0
68603,1.0,0
68656,0.0,1
68661,1.0,0
68711,0.0,1
68730,1.0,0
68745,1.0,0
68758,1.0,0
68789,0.0,1
68795,0.0,1
68822,0.0,1
68838,1.0,0
68867,1.0,0
68886,1.0,0
68893,0.0,1
68921,1.0,0
68930,0.0,1
69011,0.0,1
69014,1.0,0
69036,0.0,1
69057,0.0,1
69077,0.0,1
69078,0.0,1
69083,1.0,0
69088,1.0,0
69127,0.0,1
69130,1.0,0
69190,1.0,0
69208,0.0,1
69211,1.0,0
69233,0.0,1
69252,0.0,1
69276,1.0,0
69283,0.0,1
69309,0.0,1
69322,0.0,1
69342,0.0,1
69372,1.0,0
69405,0.0,1
69437,0.0,1
69446,1.0,0
69458,0.0,1
69488,0.0,1
69516,1.0,0
69529,0.0,1
69531,1.0,0
69541,1.0,0
69553,0.0,1
69562,1.0,0
69591,1.0,0
69620,0.0,1
69642,1.0,0
69652,0.0,1
69688,0.0,1
69689,0.0,1
69719,0.0,1
69734,0.0,1
69769,1.0,0
69810,1.0,0
69816,0.0,1
69818,0.0,1
69822,1.0,0
69845,0.0,1
69863,1.0,0
69868,1.0,0
69871,1.0,0
69895,1.0,0
69919,0.0,1
69939,1.0,0
69957,1.0,0
69975,0.0,1
69992,1.0,0
69996,0.0,1
70008,1.0,0
70009,0.0,1
70039,0.0,1
70052,0.0,1
70056,1.0,0
70058,0.0,1
70059,0.0,1
70061,0.0,1
70075,0.0,1
70081,0.0,1
70088,0.0,1
70092,0.0,1
70095,0.0,1
70126,0.0,1
70148,0.0,1
70184,0.0,1
70250,0.0,1
70259,0.0,1
70267,1.0,0
70280,0.0,1
70290,0.0,1
70307,0.0,1
70385,0.0,1
70394,1.0,0
70400,0.0,1
70441,1.0,0
70461,1.0,0
70463,1.0,0
70467,1.0,0
70493,0.0,1
70505,0.0,1
70508,0.0,1
70614,0.0,1
70635,1.0,0
70636,1.0,0
70656,0.0,1
70660,1.0,0
70685,0.0,1
70703,1.0,0
70708,1.0,0
70724,1.0,0
70744,0.0,1
70750,0.0,1
70759,1.0,0
70761,0.0,1
70767,0.0,1
70771,0.0,1
70783,0.0,1
70815,0.0,1
70849,1.0,0
70916,0.0,1
70926,0.0,1
70946,1.0,0
70948,0.0,1
70953,0.0,1
70976,1.0,0
70992,0.0,1
71002,0.0,1
71011,0.0,1
71015,1.0,0
71088,0.0,1
71163,0.0,1
71232,0.0,1
71251,1.0,0
71262,0.0,1
71319,0.0,1
71326,0.0,1
71332,1.0,0
71354,1.0,0
71360,1.0,0
71372,1.0,0
71374,1.0,0
71490,1.0,0
71509,1.0,0
71530,0.0,1
71544,1.0,0
71553,1.0,0
71558,1.0,0
71581,0.0,1
71649,0.0,1
71656,0.0,1
71703,0.0,1
71729,0.0,1
71758,1.0,0
71781,1.0,0
71782,0.0,1
71889,1.0,0
71896,0.0,1
71923,1.0,0
71942,0.0,1
71972,1.0,0
71987,0.0,1
71992,1.0,0
72034,1.0,0
72089,0.0,1
72112,1.0,0
72122,0.0,1
72153,0.0,1
72161,0.0,1
72256,0.0,1
72265,0.0,1
72269,1.0,0
72291,1.0,0
72346,1.0,0
72359,0.0,1
72371,0.0,1
72395,0.0,1
72410,1.0,0
72446,0.0,1
72486,1.0,0
72491,0.0,1
72513,0.0,1
72545,1.0,0
72555,1.0,0
72561,0.0,1
72603,0.0,1
72624,0.0,1
72631,0.0,1
72700,1.0,0
72706,1.0,0
72712,1.0,0
72715,1.0,0
72734,0.0,1
72737,0.0,1
72772,0.0,1
72789,0.0,1
72807,0.0,1
72862,1.0,0
72889,0.0,1
72895,0.0,1
72897,0.0,1
72900,0.0,1
72903,1.0,0
72912,0.0,1
72916,1.0,0
72943,0.0,1
72958,1.0,0
72974,0.0,1
73047,0.0,1
73070,0.0,1
73074,1.0,0
73078,1.0,0
73093,1.0,0
73095,0.0,1
73130,1.0,0
73194,0.0,1
73208,0.0,1
73233,0.0,1
73239,1.0,0
73241,0.0,1
73259,0.0,1
73268,0.0,1
73294,0.0,1
73297,0.0,1
73298,0.0,1
73365,1.0,0
73369,0.0,1
73406,0.0,1
73455,0.0,1
73467,0.0,1
73470,1.0,0
73514,0.0,1
73533,0.0,1
73537,0.0,1
73539,0.0,1
73641,0.0,1
73650,0.0,1
73653,1.0,0
73687,0.0,1
73694,0.0,1
73711,1.0,0
73720,1.0,0
73725,0.0,1
73730,0.0,1
73754,0.0,1
73757,0.0,1
73763,0.0,1
73772,0.0,1
73800,0.0,1
73813,0.0,1
73814,1.0,0
73819,0.0,1
73842,1.0,0
73844,0.0,1
73854,0.0,1
73871,0.0,1
73882,1.0,0
73915,1.0,0
73931,0.0,1
73958,0.0,1
73970,0.0,1
74016,1.0,0
74041,1.0,0
74051,0.0,1
74120,1.0,0
74127,1.0,0
74146,0.0,1
74169,0.0,1
74199,0.0,1
74205,0.0,1
74216,0.0,1
74221,1.0,0
74254,1.0,0
74285,0.0,1
74301,1.0,0
74335,1.0,0
74337,1.0,0
74341,0.0,1
74376,0.0,1
74402,1.0,0
74416,0.0,1
74429,0.0,1
74438,0.0,1
74518,0.0,1
74525,0.0,1
74534,1.0,0
74606,0.0,1
74627,0.0,1
74629,0.0,1
74639,0.0,1
74700,1.0,0
74737,0.0,1
74813,1.0,0
74868,1.0,0
74881,0.0,1
74902,0.0,1
74908,0.0,1
74913,0.0,1
74929,1.0,0
74934,1.0,0
74954,1.0,0
74979,1.0,0
74994,0.0,1
75060,0.0,1
75061,0.0,1
75146,1.0,0
75168,0.0,1
75170,0.0,1
75191,0.0,1
75225,1.0,0
75328,0.0,1
75360,0.0,1
75385,1.0,0
75389,0.0,1
75422,0.0,1
75425,0.0,1
75439,0.0,1
75441,1.0,0
75444,0.0,1
75455,0.0,1
75491,0.0,1
75501,1.0,0
75505,0.0,1
75511,0.0,1
75513,0.0,1
75531,1.0,0
75554,1.0,0
75589,0.0,1
75601,1.0,0
75624,1.0,0
75631,1.0,0
75634,0.0,1
75643,0.0,1
75666,1.0,0
75714,0.0,1
75721,1.0,0
75734,1.0,0
75753,0.0,1
75761,0.0,1
75762,1.0,0
75769,1.0,0
75773,1.0,0
75829,0.0,1
75901,1.0,0
75908,0.0,1
75911,1.0,0
75928,0.0,1
75936,0.0,1
75981,0.0,1
75982,1.0,0
75988,0.0,1
76017,0.0,1
76018,1.0,0
76048,1.0,0
76062,0.0,1
76118,0.0,1
76129,1.0,0
76147,0.0,1
76206,0.0,1
76227,0.0,1
76253,0.0,1
76310,0.0,1
76337,0.0,1
76343,1.0,0
76373,0.0,1
76380,1.0,0
76383,0.0,1
76500,0.0,1
76548,0.0,1
76631,0.0,1
76632,0.0,1
76641,0.0,1
76644,1.0,0
76656,0.0,1
76661,0.0,1
76716,0.0,1
76772,0.0,1
76773,0.0,1
76818,1.0,0
76848,0.0,1
76854,0.0,1
76864,0.0,1
76912,0.0,1
76936,0.0,1
76945,1.0,0
76946,0.0,1
76955,0.0,1
76968,0.0,1
76986,1.0,0
77009,0.0,1
77023,0.0,1
77029,0.0,1
77032,0.0,1
77044,1.0,0
77079,1.0,0
77095,1.0,0
77101,0.0,1
77121,1.0,0
77132,1.0,0
77162,0.0,1
77214,0.0,1
77239,1.0,0
77267,1.0,0
77299,0.0,1
77321,0.0,1
77323,0.0,1
77331,1.0,0
77356,1.0,0
77388,0.0,1
77401,0.0,1
77407,0.0,1
77412,0.0,1
77433,0.0,1
77456,1.0,0
77467,0.0,1
77471,1.0,0
77480,1.0,0
77509,0.0,1
77533,0.0,1
77539,1.0,0
77545,0.0,1
77554,0.0,1
77587,1.0,0
77599,0.0,1
77624,0.0,1
77634,1.0,0
77644,1.0,0
77648,0.0,1
77652,0.0,1
77653,0.0,1
77654,1.0,0
77666,0.0,1
77681,0.0,1
77698,1.0,0
77751,0.0,1
77766,0.0,1
77780,0.0,1
77793,1.0,0
77805,0.0,1
77814,0.0,1
77824,0.0,1
77826,0.0,1
77827,0.0,1
77834,0.0,1
77838,1.0,0
77858,1.0,0
77882,0.0,1
77921,1.0,0
77928,0.0,1
77955,0.0,1
77958,1.0,0
77969,1.0,0
78016,0.0,1
78017,1.0,0
78035,0.0,1
78070,0.0,1
78103,1.0,0
78181,0.0,1
78217,0.0,1
78235,0.0,1
78241,1.0,0
78243,0.0,1
78255,1.0,0
78270,0.0,1
78302,0.0,1
78307,0.0,1
78356,1.0,0
78365,0.0,1
78372,1.0,0
78380,0.0,1
78397,0.0,1
78402,0.0,1
78418,1.0,0
78419,0.0,1
78428,1.0,0
78439,0.0,1
78450,0.0,1
78458,0.0,1
78501,0.0,1
78523,1.0,0
78529,0.0,1
78543,0.0,1
78549,0.0,1
78553,1.0,0
78568,1.0,0
78608,0.0,1
78624,1.0,0
78680,1.0,0
78687,0.0,1
78694,0.0,1
78711,0.0,1
78737,1.0,0
78788,0.0,1
78834,0.0,1
78869,1.0,0
78891,0.0,1
78930,0.0,1
78947,0.0,1
78956,0.0,1
79012,0.0,1
79038,0.0,1
79050,1.0,0
79069,0.0,1
79080,1.0,0
79081,0.0,1
79092,1.0,0
79097,0.0,1
79126,1.0,0
79129,0.0,1
79144,0.0,1
79154,1.0,0
79164,0.0,1
79190,0.0,1
79198,1.0,0
79205,0.0,1
79226,0.0,1
79243,0.0,1
79254,0.0,1
79259,0.0,1
79269,0.0,1
79292,0.0,1
79298,0.0,1
79333,1.0,0
79337,1.0,0
79422,1.0,0
79425,0.0,1
79436,0.0,1
79467,0.0,1
79545,0.0,1
79551,1.0,0
79566,0.0,1
79570,1.0,0
79599,0.0,1
79604,0.0,1
79605,0.0,1
79618,0.0,1
79640,0.0,1
79659,0.0,1
79701,0.0,1
79715,0.0,1
79726,1.0,0
79743,0.0,1
79813,0.0,1
79855,0.0,1
79898,0.0,1
79917,1.0,0
79928,1.0,0
79939,0.0,1
79982,0.0,1
79991,1.0,0
80001,1.0,0
80009,0.0,1
80025,0.0,1
80036,1.0,0
80047,1.0,0
80060,1.0,0
80061,1.0,0
80098,0.0,1
80103,0.0,1
80110,0.0,1
80159,1.0,0
80196,1.0,0
80226,0.0,1
80231,0.0,1
80258,0.0,1
80304,0.0,1
80308,0.0,1
80325,1.0,0
80345,0.0,1
80350,1.0,0
80354,0.0,1
80360,0.0,1
80387,1.0,0
80438,1.0,0
80492,1.0,0
80498,0.0,1
80516,1.0,0
80522,1.0,0
80530,1.0,0
80534,1.0,0
80535,1.0,0
80550,0.0,1
80558,1.0,0
80574,1.0,0
80595,1.0,0
80599,0.0,1
80609,0.0,1
80615,0.0,1
80655,0.0,1
80680,0.0,1
80705,0.0,1
80726,0.0,1
80737,1.0,0
80769,0.0,1
80777,0.0,1
80784,0.0,1
80816,0.0,1
80818,0.0,1
80824,0.0,1
80843,0.0,1
80857,0.0,1
80881,1.0,0
80937,1.0,0
80944,0.0,1
80958,0.0,1
80976,0.0,1
81046,1.0,0
81049,0.0,1
81054,0.0,1
81082,0.0,1
81100,0.0,1
81109,1.0,0
81122,1.0,0
81124,0.0,1
81132,0.0,1
81149,0.0,1
81171,1.0,0
81222,0.0,1
81255,1.0,0
81276,0.0,1
81280,0.0,1
81283,0.0,1
81290,0.0,1
81380,0.0,1
81393,0.0,1
81398,0.0,1
81399,1.0,0
81420,1.0,0
81455,0.0,1
81463,1.0,0
81491,1.0,0
81518,1.0,0
81554,0.0,1
81583,1.0,0
81617,1.0,0
81641,1.0,0
81689,1.0,0
81690,1.0,0
81703,1.0,0
81710,0.0,1
81725,0.0,1
81752,0.0,1
81758,0.0,1
81761,1.0,0
81766,0.0,1
81773,0.0,1
81809,0.0,1
81815,0.0,1
81818,0.0,1
81855,0.0,1
81863,0.0,1
81877,0.0,1
81889,0.0,1
81915,0.0,1
81971,0.0,1
82025,0.0,1
82031,0.0,1
82072,1.0,0
82092,0.0,1
82106,1.0,0
82109,0.0,1
82127,0.0,1
82169,0.0,1
82173,0.0,1
82193,0.0,1
82207,1.0,0
82210,1.0,0
82212,1.0,0
82220,0.0,1
82237,0.0,1
82251,1.0,0
82260,0.0,1
82270,0.0,1
82282,1.0,0
82312,0.0,1
82327,1.0,0
82370,1.0,0
82381,1.0,0
82394,0.0,1
82403,0.0,1
82418,1.0,0
82425,0.0,1
82429,1.0,0
82431,0.0,1
82450,1.0,0
82523,1.0,0
82528,1.0,0
82688,0.0,1
82689,1.0,0
82696,1.0,0
82708,0.0,1
82736,1.0,0
82748,1.0,0
82795,0.0,1
82797,0.0,1
82810,0.0,1
82811,1.0,0
82817,0.0,1
82854,1.0,0
82872,0.0,1
82891,0.0,1
82903,0.0,1
82947,0.0,1
82974,1.0,0
83009,0.0,1
83016,0.0,1
83017,1.0,0
83074,0.0,1
83075,1.0,0
83125,0.0,1
83134,0.0,1
83136,0.0,1
83188,0.0,1
83214,1.0,0
83253,0.0,1
83254,1.0,0
83264,0.0,1
83274,1.0,0
83277,0.0,1
83292,0.0,1
83299,0.0,1
83308,1.0,0
83310,1.0,0
83314,1.0,0
83347,1.0,0
83407,0.0,1
83420,0.0,1
83429,1.0,0
83445,0.0,1
83451,0.0,1
83452,0.0,1
83472,0.0,1
83474,1.0,0
83507,0.0,1
83514,1.0,0
83515,1.0,0
83558,0.0,1
83572,0.0,1
83573,0.0,1
83592,0.0,1
83608,1.0,0
83657,0.0,1
83687,0.0,1
83705,0.0,1
83708,1.0,0
83736,0.0,1
83750,0.0,1
83752,1.0,0
83762,0.0,1
83778,1.0,0
83791,0.0,1
83810,1.0,0
83846,1.0,0
83847,0.0,1
83848,0.0,1
83868,0.0,1
83927,0.0,1
83966,0.0,1
83969,1.0,0
84012,0.0,1
84020,0.0,1
84021,1.0,0
84024,0.0,1
84046,1.0,0
84049,0.0,1
84082,0.0,1
84100,1.0,0
84112,1.0,0
84166,1.0,0
84171,0.0,1
84173,0.0,1
84194,1.0,0
84195,0.0,1
84205,1.0,0
84213,0.0,1
84220,0.0,1
84267,1.0,0
84325,1.0,0
84367,1.0,0
84373,1.0,0
84399,0.0,1
84405,1.0,0
84426,0.0,1
84444,0.0,1
84453,0.0,1
84458,1.0,0
84461,0.0,1
84491,0.0,1
84526,0.0,1
84531,1.0,0
84557,0.0,1
84562,0.0,1
84572,0.0,1
84589,1.0,0
84620,1.0,0
84636,0.0,1
84643,0.0,1
84662,0.0,1
84665,0.0,1
84688,1.0,0
84691,1.0,0
84710,0.0,1
84711,0.0,1
84720,0.0,1
84729,0.0,1
84768,0.0,1
84771,0.0,1
84794,0.0,1
84797,0.0,1
84803,0.0,1
84817,0.0,1
84822,0.0,1
84830,0.0,1
84860,0.0,1
84905,0.0,1
84934,0.0,1
84936,1.0,0
84959,0.0,1
84977,0.0,1
84998,1.0,0
85010,0.0,1
85019,1.0,0
85053,0.0,1
85066,0.0,1
85067,0.0,1
85080,0.0,1
85100,1.0,0
85104,1.0,0
85125,0.0,1
85153,1.0,0
85176,0.0,1
85215,0.0,1
85228,1.0,0
85244,1.0,0
85274,1.0,0
85282,1.0,0
85301,0.0,1
85332,0.0,1
85335,1.0,0
85366,1.0,0
85388,0.0,1
85439,0.0,1
85461,0.0,1
85468,0.0,1
85480,1.0,0
85485,0.0,1
85488,0.0,1
85510,1.0,0
85535,0.0,1
85593,1.0,0
85609,1.0,0
85617,0.0,1
85624,0.0,1
85629,1.0,0
85646,0.0,1
85666,0.0,1
85679,0.0,1
85685,0.0,1
85691,1.0,0
85696,0.0,1
85743,0.0,1
85754,1.0,0
85792,1.0,0
85824,0.0,1
85840,1.0,0
85872,1.0,0
85915,1.0,0
85948,0.0,1
85952,1.0,0
85963,0.0,1
85998,0.0,1
86012,0.0,1
86015,0.0,1
86016,0.0,1
86030,1.0,0
86072,0.0,1
86102,1.0,0
86116,0.0,1
86129,1.0,0
86139,0.0,1
86158,1.0,0
86191,1.0,0
86195,0.0,1
86198,0.0,1
86214,1.0,0
86217,0.0,1
86224,0.0,1
86234,1.0,0
86249,1.0,0
86279,1.0,0
86283,0.0,1
86382,1.0,0
86401,1.0,0
86403,0.0,1
86407,1.0,0
86417,1.0,0
86433,0.0,1
86444,1.0,0
86448,1.0,0
86480,1.0,0
86499,0.0,1
86530,0.0,1
86531,0.0,1
86533,0.0,1
86557,1.0,0
86582,0.0,1
86607,1.0,0
86608,0.0,1
86635,0.0,1
86660,0.0,1
86661,1.0,0
86682,1.0,0
86689,0.0,1
86691,0.0,1
86707,0.0,1
86718,1.0,0
86767,0.0,1
86793,0.0,1
86815,0.0,1
86822,0.0,1
86826,0.0,1
86835,0.0,1
86845,1.0,0
86868,0.0,1
86880,1.0,0
86917,1.0,0
86946,0.0,1
86957,0.0,1
86990,1.0,0
87012,0.0,1
87030,1.0,0
87035,0.0,1
87094,0.0,1
87103,0.0,1
87107,0.0,1
87168,0.0,1
87175,0.0,1
87182,1.0,0
87186,0.0,1
87214,1.0,0
87234,1.0,0
87239,0.0,1
87243,1.0,0
87248,0.0,1
87251,0.0,1
87291,0.0,1
87313,0.0,1
87314,0.0,1
87335,0.0,1
87354,1.0,0
87372,1.0,0
87382,0.0,1
87391,0.0,1
87393,0.0,1
87425,0.0,1
87477,0.0,1
87493,0.0,1
87508,0.0,1
87521,1.0,0
87577,0.0,1
87583,1.0,0
87590,1.0,0
87620,0.0,1
87641,0.0,1
87688,0.0,1
87695,1.0,0
87708,0.0,1
87723,0.0,1
87747,1.0,0
87748,0.0,1
87756,1.0,0
87759,0.0,1
87768,0.0,1
87813,0.0,1
87897,0.0,1
87919,0.0,1
87956,0.0,1
87988,1.0,0
88004,0.0,1
88005,0.0,1
88013,1.0,0
88100,0.0,1
88115,0.0,1
88143,0.0,1
88153,0.0,1
88169,0.0,1
88191,0.0,1
88228,0.0,1
88261,1.0,0
88266,1.0,0
88275,1.0,0
88310,1.0,0
88363,0.0,1
88375,0.0,1
88392,0.0,1
88403,1.0,0
88410,1.0,0
88412,0.0,1
88439,0.0,1
88440,0.0,1
88446,1.0,0
88457,1.0,0
88466,0.0,1
88473,1.0,0
88476,0.0,1
88498,0.0,1
88568,0.0,1
88572,1.0,0
88597,0.0,1
88620,0.0,1
88622,0.0,1
88629,1.0,0
88682,0.0,1
88684,0.0,1
88688,0.0,1
88691,0.0,1
88695,1.0,0
88696,1.0,0
88704,0.0,1
88729,0.0,1
88734,1.0,0
88735,0.0,1
88776,1.0,0
88792,0.0,1
88809,0.0,1
88817,0.0,1
88828,1.0,0
88884,1.0,0
88903,0.0,1
88922,0.0,1
88928,1.0,0
88932,0.0,1
88954,0.0,1
89000,0.0,1
89014,1.0,0
89040,0.0,1
89060,1.0,0
89065,0.0,1
89081,1.0,0
89145,0.0,1
89171,0.0,1
89179,1.0,0
89192,0.0,1
89237,0.0,1
89241,0.0,1
89246,0.0,1
89318,0.0,1
89327,1.0,0
89360,1.0,0
89369,1.0,0
89374,0.0,1
89384,0.0,1
89484,1.0,0
89492,0.0,1
89515,0.0,1
89519,1.0,0
89582,0.0,1
89584,0.0,1
89586,1.0,0
89609,1.0,0
89615,0.0,1
89659,1.0,0
89666,0.0,1
89699,1.0,0
89707,0.0,1
89760,1.0,0
89772,1.0,0
89774,0.0,1
89781,0.0,1
89838,0.0,1
89881,0.0,1
89883,0.0,1
89909,1.0,0
89918,1.0,0
89950,0.0,1
89970,0.0,1
89998,0.0,1
90014,0.0,1
90020,0.0,1
90036,1.0,0
90064,0.0,1
90072,1.0,0
90082,0.0,1
90132,1.0,0
90146,0.0,1
90182,1.0,0
90198,1.0,0
90200,0.0,1
90203,0.0,1
90224,1.0,0
90252,1.0,0
90271,0.0,1
90315,0.0,1
90332,1.0,0
90348,1.0,0
90403,0.0,1
90413,0.0,1
90438,0.0,1
90446,1.0,0
90471,0.0,1
90539,0.0,1
90597,1.0,0
90602,0.0,1
90636,0.0,1
90639,1.0,0
90641,0.0,1
90645,1.0,0
90690,0.0,1
90691,1.0,0
90726,1.0,0
90734,1.0,0
90786,1.0,0
90797,1.0,0
90804,0.0,1
90822,0.0,1
90826,1.0,0
90831,1.0,0
90845,1.0,0
90861,0.0,1
90895,0.0,1
90899,1.0,0
90904,0.0,1
90931,1.0,0
90954,0.0,1
90990,0.0,1
91002,1.0,0
91005,0.0,1
91009,1.0,0
91043,0.0,1
91061,0.0,1
91095,0.0,1
91115,0.0,1
91151,0.0,1
91162,1.0,0
91178,0.0,1
91210,1.0,0
91227,0.0,1
91328,0.0,1
91339,1.0,0
91349,0.0,1
91358,0.0,1
91360,0.0,1
91366,0.0,1
91415,1.0,0
91441,0.0,1
91454,1.0,0
91464,1.0,0
91492,0.0,1
91501,1.0,0
91505,0.0,1
91507,0.0,1
91525,0.0,1
91536,1.0,0
91540,0.0,1
91590,0.0,1
91633,0.0,1
91651,1.0,0
91656,1.0,0
91660,0.0,1
91675,0.0,1
91683,0.0,1
91696,1.0,0
91709,0.0,1
91767,1.0,0
91780,0.0,1
91786,1.0,0
91801,1.0,0
91815,0.0,1
91816,0.0,1
91870,0.0,1
91874,0.0,1
91910,1.0,0
91917,1.0,0
91925,0.0,1
91942,0.0,1
91966,1.0,0
91970,1.0,0
91996,0.0,1
92062,0.0,1
92090,0.0,1
92110,1.0,0
92137,0.0,1
92220,1.0,0
92221,0.0,1
92248,0.0,1
92274,1.0,0
92298,0.0,1
92337,0.0,1
92450,1.0,0
92482,1.0,0
92501,1.0,0
92510,1.0,0
92511,1.0,0
92533,0.0,1
92560,0.0,1
92576,0.0,1
92577,1.0,0
92613,1.0,0
92630,0.0,1
92644,1.0,0
92666,0.0,1
92675,1.0,0
92692,1.0,0
92698,0.0,1
92745,0.0,1
92746,0.0,1
92762,0.0,1
92805,0.0,1
92855,0.0,1
92870,1.0,0
92873,1.0,0
92880,0.0,1
92881,0.0,1
92890,0.0,1
92909,1.0,0
92917,1.0,0
92947,1.0,0
92955,1.0,0
92980,0.0,1
93006,0.0,1
93063,0.0,1
93074,0.0,1
93082,1.0,0
93096,1.0,0
93101,0.0,1
93107,0.0,1
93112,0.0,1
93116,0.0,1
93122,0.0,1
93133,0.0,1
93160,1.0,0
93165,1.0,0
93188,0.0,1
93211,1.0,0
93259,0.0,1
93300,0.0,1
93314,0.0,1
93375,0.0,1
93418,0.0,1
93421,0.0,1
93477,0.0,1
93511,0.0,1
93516,1.0,0
93522,0.0,1
93542,0.0,1
93578,0.0,1
93615,1.0,0
93675,0.0,1
93687,1.0,0
93714,0.0,1
93744,1.0,0
93781,0.0,1
93833,0.0,1
93863,1.0,0
93894,1.0,0
93897,1.0,0
93915,1.0,0
93937,0.0,1
93943,0.0,1
93967,0.0,1
93968,0.0,1
94004,1.0,0
94005,1.0,0
94011,1.0,0
94014,0.0,1
94028,0.0,1
94033,1.0,0
94049,0.0,1
94053,0.0,1
94076,0.0,1
94096,1.0,0
94114,0.0,1
94130,1.0,0
94153,1.0,0
94171,0.0,1
94255,0.0,1
94275,0.0,1
94276,1.0,0
94283,0.0,1
94287,0.0,1
94297,0.0,1
94313,0.0,1
94315,1.0,0
94319,1.0,0
94412,0.0,1
94418,0.0,1
94426,0.0,1
94494,1.0,0
94504,0.0,1
94511,1.0,0
94516,1.0,0
94518,1.0,0
94527,1.0,0
94538,0.0,1
94540,0.0,1
94583,1.0,0
94592,0.0,1
94613,1.0,0
94616,0.0,1
94626,0.0,1
94642,0.0,1
94722,0.0,1
94760,1.0,0
94780,1.0,0
94796,1.0,0
94798,0.0,1
94842,1.0,0
94847,1.0,0
94859,1.0,0
94863,0.0,1
94870,1.0,0
94892,0.0,1
94895,0.0,1
94899,1.0,0
94904,0.0,1
94936,0.0,1
94947,1.0,0
94981,1.0,0
94996,1.0,0
95010,0.0,1
95012,0.0,1
95015,0.0,1
95094,1.0,0
95103,0.0,1
95116,0.0,1
95142,0.0,1
95143,1.0,0
95144,1.0,0
95167,0.0,1
95168,0.0,1
95171,1.0,0
95175,1.0,0
95212,0.0,1
95220,0.0,1
95227,1.0,0
95238,0.0,1
95286,1.0,0
95288,0.0,1
95304,0.0,1
95307,1.0,0
95335,0.0,1
95347,0.0,1
95353,0.0,1
95360,0.0,1
95383,1.0,0
95442,0.0,1
95456,0.0,1
95460,1.0,0
95469,0.0,1
95472,0.0,1
95483,1.0,0
95511,0.0,1
95521,0.0,1
95576,1.0,0
95580,0.0,1
95618,1.0,0
95631,1.0,0
95652,0.0,1
95669,0.0,1
95676,1.0,0
95692,0.0,1
95724,0.0,1
95755,1.0,0
95764,0.0,1
95814,0.0,1
95817,1.0,0
95833,0.0,1
95844,0.0,1
95861,0.0,1
95865,1.0,0
95877,0.0,1
95915,1.0,0
95930,0.0,1
95937,1.0,0
95945,0.0,1
95955,0.0,1
95992,1.0,0
96001,0.0,1
96038,0.0,1
96076,1.0,0
96126,1.0,0
96173,0.0,1
96180,1.0,0
96212,1.0,0
96247,0.0,1
96251,0.0,1
96316,1.0,0
96358,1.0,0
96428,1.0,0
96435,1.0,0
96444,1.0,0
96448,0.0,1
96459,0.0,1
96495,0.0,1
96508,0.0,1
96537,0.0,1
96538,0.0,1
96581,1.0,0
96588,0.0,1
96648,0.0,1
96666,0.0,1
96694,0.0,1
96695,1.0,0
96697,1.0,0
96708,0.0,1
96726,0.0,1
96752,0.0,1
96771,0.0,1
96829,1.0,0
96830,1.0,0
96834,1.0,0
96857,1.0,0
96872,1.0,0
96906,0.0,1
96914,0.0,1
96919,1.0,0
96946,1.0,0
96985,0.0,1
96999,0.0,1
97026,1.0,0
97064,0.0,1
97068,0.0,1
97080,0.0,1
97102,1.0,0
97109,0.0,1
97128,0.0,1
97130,0.0,1
97133,1.0,0
97134,1.0,0
97135,0.0,1
97155,0.0,1
97165,0.0,1
97175,1.0,0
97190,0.0,1
97216,1.0,0
97242,0.0,1
97262,0.0,1
97285,0.0,1
97292,1.0,0
97406,0.0,1
97410,0.0,1
97435,0.0,1
97448,0.0,1
97453,1.0,0
97462,0.0,1
97491,0.0,1
97494,0.0,1
97508,1.0,0
97518,1.0,0
97544,1.0,0
97575,0.0,1
97579,0.0,1
97583,1.0,0
97641,1.0,0
97670,1.0,0
97677,1.0,0
97689,0.0,1
97760,1.0,0
97769,1.0,0
97829,1.0,0
97850,0.0,1
97859,0.0,1
97935,0.0,1
97953,0.0,1
97988,1.0,0
97989,0.0,1
97991,1.0,0
97992,1.0,0
97999,1.0,0
98002,0.0,1
98065,0.0,1
98074,0.0,1
98090,0.0,1
98094,0.0,1
98191,1.0,0
98197,0.0,1
98218,1.0,0
98241,1.0,0
98265,0.0,1
98281,0.0,1
98284,0.0,1
98288,1.0,0
98351,0.0,1
98405,0.0,1
98436,0.0,1
98495,0.0,1
98497,1.0,0
98508,0.0,1
98545,1.0,0
98549,1.0,0
98558,1.0,0
98561,1.0,0
98600,0.0,1
98609,0.0,1
98621,0.0,1
98642,1.0,0
98664,0.0,1
98685,1.0,0
98688,0.0,1
98694,1.0,0
98703,0.0,1
98704,0.0,1
98715,0.0,1
98750,1.0,0
98777,0.0,1
98790,0.0,1
98795,1.0,0
98825,0.0,1
98842,1.0,0
98843,1.0,0
98846,0.0,1
98899,1.0,0
98911,0.0,1
98916,0.0,1
98918,0.0,1
98930,1.0,0
98982,0.0,1
99011,1.0,0
99048,0.0,1
99059,0.0,1
99062,1.0,0
99063,0.0,1
99072,1.0,0
99078,0.0,1
99101,0.0,1
99139,1.0,0
99143,0.0,1
99148,0.0,1
99199,1.0,0
99213,1.0,0
99233,0.0,1
99234,0.0,1
99238,0.0,1
99245,0.0,1
99264,0.0,1
99276,1.0,0
99279,1.0,0
99302,1.0,0
99329,1.0,0
99371,0.0,1
99405,0.0,1
99439,1.0,0
99499,0.0,1
99524,0.0,1
99532,0.0,1
99549,0.0,1
99566,0.0,1
99581,1.0,0
99597,0.0,1
99626,0.0,1
99628,0.0,1
99646,0.0,1
99677,0.0,1
99729,0.0,1
99804,1.0,0
99813,0.0,1
99828,0.0,1
99830,1.0,0
99845,0.0,1
99858,0.0,1
99905,0.0,1
99924,1.0,0
99927,0.0,1
99957,0.0,1
99966,1.0,0
99967,0.0,1
99986,1.0,0
99987,1.0,0
100036,1.0,0
100093,1.0,0
100135,0.0,1
100142,1.0,0
100181,1.0,0
100202,0.0,1
100211,1.0,0
100212,1.0,0
100214,1.0,0
100223,0.0,1
100227,0.0,1
100254,0.0,1
100255,0.0,1
100288,1.0,0
100304,0.0,1
100312,0.0,1
100315,1.0,0
100345,1.0,0
100365,0.0,1
100378,0.0,1
100381,0.0,1
100386,1.0,0
100396,1.0,0
100426,0.0,1
100455,1.0,0
100476,0.0,1
100485,0.0,1
100490,0.0,1
100515,0.0,1
100527,0.0,1
100529,1.0,0
100533,0.0,1
100583,1.0,0
100589,1.0,0
100622,0.0,1
100637,1.0,0
100653,1.0,0
100654,0.0,1
100656,0.0,1
100674,1.0,0
100679,0.0,1
100681,1.0,0
100691,0.0,1
100731,0.0,1
100732,0.0,1
100770,0.0,1
100775,0.0,1
100785,0.0,1
100797,0.0,1
100830,0.0,1
100846,0.0,1
100891,1.0,0
100921,0.0,1
100929,0.0,1
100956,0.0,1
100961,0.0,1
100974,1.0,0
100977,0.0,1
100980,0.0,1
100993,0.0,1
101026,0.0,1
101034,1.0,0
101067,1.0,0
101100,1.0,0
101121,0.0,1
101133,1.0,0
101193,0.0,1
101244,1.0,0
101257,0.0,1
101273,0.0,1
101294,1.0,0
101341,1.0,0
101382,1.0,0
101387,0.0,1
101414,0.0,1
101420,0.0,1
101432,0.0,1
101449,0.0,1
101451,0.0,1
101466,0.0,1
101508,0.0,1
101541,0.0,1
101573,0.0,1
101587,0.0,1
101599,0.0,1
101603,1.0,0
101634,0.0,1
101657,0.0,1
101666,0.0,1
101706,1.0,0
101733,1.0,0
101734,0.0,1
101741,1.0,0
101746,1.0,0
101786,0.0,1
101800,0.0,1
101834,0.0,1
101847,0.0,1
101869,1.0,0
101889,0.0,1
101902,1.0,0
101920,1.0,0
101931,0.0,1
101951,1.0,0
101976,0.0,1
101982,1.0,0
102032,0.0,1
102033,1.0,0
102050,0.0,1
102127,0.0,1
102142,1.0,0
102165,1.0,0
102193,0.0,1
102194,0.0,1
102200,1.0,0
102209,0.0,1
102227,0.0,1
102252,1.0,0
102262,0.0,1
102279,1.0,0
102285,0.0,1
102295,0.0,1
102337,0.0,1
102356,0.0,1
102395,1.0,0
102436,0.0,1
102437,1.0,0
102439,1.0,0
102442,0.0,1
102451,0.0,1
102468,1.0,0
102479,0.0,1
102539,0.0,1
102543,0.0,1
102557,1.0,0
102580,0.0,1
102586,1.0,0
102588,1.0,0
102601,1.0,0
102675,1.0,0
102702,1.0,0
102715,0.0,1
102718,0.0,1
102804,0.0,1
102832,1.0,0
102840,0.0,1
102888,1.0,0
102889,1.0,0
102999,0.0,1
103006,1.0,0
103008,1.0,0
103020,0.0,1
103032,0.0,1
103053,0.0,1
103070,0.0,1
103077,0.0,1
103119,0.0,1
103140,1.0,0
103180,1.0,0
103196,0.0,1
103252,1.0,0
103253,0.0,1
103257,0.0,1
103354,0.0,1
103403,0.0,1
103405,0.0,1
103477,1.0,0
103495,1.0,0
103514,0.0,1
103528,0.0,1
103549,1.0,0
103553,1.0,0
103562,0.0,1
103599,1.0,0
103645,1.0,0
103663,1.0,0
103710,0.0,1
103713,1.0,0
103723,0.0,1
103741,0.0,1
103744,1.0,0
103757,1.0,0
103804,0.0,1
103822,0.0,1
103841,1.0,0
103876,1.0,0
103914,1.0,0
103917,0.0,1
103956,1.0,0
103981,1.0,0
103989,0.0,1
104007,0.0,1
104049,0.0,1
104111,0.0,1
104117,0.0,1
104132,0.0,1
104197,0.0,1
104272,0.0,1
104278,0.0,1
104285,1.0,0
104287,1.0,0
104359,0.0,1
104379,0.0,1
104401,0.0,1
104405,0.0,1
104419,1.0,0
104423,0.0,1
104426,1.0,0
104452,1.0,0
104459,1.0,0
104490,1.0,0
104499,1.0,0
104506,0.0,1
104523,0.0,1
104526,0.0,1
104546,1.0,0
104582,1.0,0
104585,1.0,0
104599,0.0,1
104600,1.0,0
104608,1.0,0
104620,0.0,1
104622,1.0,0
104631,1.0,0
104660,1.0,0
104681,0.0,1
104682,0.0,1
104700,1.0,0
104720,0.0,1
104727,0.0,1
104745,1.0,0
104798,0.0,1
104807,1.0,0
104836,1.0,0
104856,0.0,1
104880,1.0,0
104882,0.0,1
104890,1.0,0
104899,0.0,1
104901,1.0,0
104914,0.0,1
104915,0.0,1
104941,1.0,0
104946,0.0,1
104962,1.0,0
104980,0.0,1
104992,1.0,0
104994,0.0,1
105011,0.0,1
105014,0.0,1
105033,1.0,0
105056,0.0,1
105093,0.0,1
105107,0.0,1
105133,0.0,1
105156,1.0,0
105162,0.0,1
105180,0.0,1
105182,1.0,0
105213,1.0,0
105238,1.0,0
105240,0.0,1
105249,1.0,0
105250,0.0,1
105252,1.0,0
105270,1.0,0
105272,0.0,1
105278,1.0,0
105293,0.0,1
105341,0.0,1
105440,1.0,0
105442,0.0,1
105477,1.0,0
105515,0.0,1
105575,0.0,1
105599,1.0,0
105610,1.0,0
105642,0.0,1
105649,0.0,1
105652,0.0,1
105718,0.0,1
105724,0.0,1
105744,0.0,1
105770,0.0,1
105797,0.0,1
105810,1.0,0
105811,1.0,0
105820,0.0,1
105844,0.0,1
105848,0.0,1
105860,0.0,1
105910,0.0,1
105922,0.0,1
105928,0.0,1
106029,0.0,1
106041,1.0,0
106134,0.0,1
106137,1.0,0
106140,0.0,1
106163,1.0,0
106174,1.0,0
106196,0.0,1
106210,0.0,1
106248,0.0,1
106255,0.0,1
106265,1.0,0
106279,0.0,1
106348,0.0,1
106375,0.0,1
106376,1.0,0
106450,1.0,0
106455,1.0,0
106517,0.0,1
106529,0.0,1
106533,1.0,0
106538,0.0,1
106557,1.0,0
106577,0.0,1
106597,0.0,1
106615,0.0,1
106620,1.0,0
106639,1.0,0
106640,1.0,0
106643,1.0,0
106654,1.0,0
106657,1.0,0
106675,0.0,1
106677,0.0,1
106718,1.0,0
106732,0.0,1
106743,1.0,0
106751,1.0,0
106774,0.0,1
106796,1.0,0
106800,1.0,0
106802,1.0,0
106805,1.0,0
106826,0.0,1
106827,0.0,1
106830,0.0,1
106840,1.0,0
106845,0.0,1
106864,0.0,1
106869,0.0,1
106877,1.0,0
106914,1.0,0
106930,0.0,1
106992,0.0,1
107022,1.0,0
107027,0.0,1
107044,1.0,0
107059,0.0,1
107079,0.0,1
107181,1.0,0
107198,1.0,0
107223,1.0,0
107224,1.0,0
107257,0.0,1
107272,1.0,0
107309,0.0,1
107340,1.0,0
107407,0.0,1
107409,0.0,1
107437,1.0,0
107439,1.0,0
107443,1.0,0
107446,0.0,1
107455,0.0,1
107456,0.0,1
107462,0.0,1
107496,0.0,1
107509,0.0,1
107518,0.0,1
107535,1.0,0
107541,0.0,1
107575,0.0,1
107584,1.0,0
107600,0.0,1
107601,0.0,1
107615,1.0,0
107621,0.0,1
107695,0.0,1
107700,0.0,1
107710,0.0,1
107769,1.0,0
107779,0.0,1
107798,1.0,0
107855,0.0,1
107873,1.0,0
107883,0.0,1
107911,0.0,1
107916,1.0,0
107947,0.0,1
107949,1.0,0
107972,1.0,0
108001,0.0,1
108022,1.0,0
108031,1.0,0
108037,0.0,1
108050,0.0,1
108058,0.0,1
108078,0.0,1
108095,1.0,0
108106,0.0,1
108107,1.0,0
108149,0.0,1
108196,0.0,1
108220,1.0,0
108231,0.0,1
108236,1.0,0
108245,0.0,1
108280,0.0,1
108290,0.0,1
108300,1.0,0
108308,1.0,0
108377,0.0,1
108465,0.0,1
108467,0.0,1
108487,1.0,0
108491,1.0,0
108504,1.0,0
108524,0.0,1
108553,0.0,1
108579,0.0,1
108586,1.0,0
108588,0.0,1
108629,0.0,1
108676,1.0,0
108685,0.0,1
108711,0.0,1
108736,1.0,0
108738,0.0,1
108749,0.0,1
108754,0.0,1
108766,1.0,0
108784,0.0,1
108800,0.0,1
108808,0.0,1
108825,0.0,1
108842,0.0,1
108876,1.0,0
108883,1.0,0
108909,1.0,0
108935,1.0,0
108937,0.0,1
108954,0.0,1
108959,0.0,1
108995,0.0,1
109003,1.0,0
109022,1.0,0
109029,0.0,1
109054,1.0,0
109079,0.0,1
109095,1.0,0
109110,0.0,1
109121,0.0,1
109135,0.0,1
109180,1.0,0
109212,1.0,0
109222,1.0,0
109234,0.0,1
109247,1.0,0
109309,0.0,1
109331,1.0,0
109351,0.0,1
109368,1.0,0
109383,0.0,1
109388,1.0,0
109416,0.0,1
109421,0.0,1
109426,1.0,0
109478,0.0,1
109494,0.0,1
109505,1.0,0
109519,0.0,1
109539,1.0,0
109551,1.0,0
109557,1.0,0
109599,1.0,0
109603,0.0,1
109612,0.0,1
109640,1.0,0
109647,1.0,0
109702,0.0,1
109709,0.0,1
109713,1.0,0
109716,0.0,1
109723,0.0,1
109740,0.0,1
109830,0.0,1
109859,0.0,1
109896,0.0,1
109918,1.0,0
109941,1.0,0
109963,0.0,1
109967,0.0,1
110022,0.0,1
110028,0.0,1
110035,0.0,1
110082,0.0,1
110084,0.0,1
110090,1.0,0
110094,1.0,0
110110,0.0,1
110130,0.0,1
110139,1.0,0
110140,1.0,0
110164,0.0,1
110166,0.0,1
110173,0.0,1
110174,0.0,1
110197,0.0,1
110211,0.0,1
110215,0.0,1
110255,1.0,0
110264,1.0,0
110278,0.0,1
110307,0.0,1
110330,1.0,0
110354,1.0,0
110359,0.0,1
110362,0.0,1
110363,0.0,1
110368,1.0,0
110398,1.0,0
110403,0.0,1
110464,1.0,0
110504,0.0,1
110525,0.0,1
110573,0.0,1
110601,0.0,1
110602,0.0,1
110621,0.0,1
110652,1.0,0
110657,0.0,1
110663,0.0,1
110685,0.0,1
110703,0.0,1
110704,0.0,1
110716,1.0,0
110719,0.0,1
110726,1.0,0
110741,1.0,0
110753,1.0,0
110756,0.0,1
110772,1.0,0
110777,1.0,0
110779,0.0,1
110788,0.0,1
110790,0.0,1
110822,1.0,0
110835,1.0,0
110845,1.0,0
110851,0.0,1
110858,1.0,0
110872,0.0,1
110901,0.0,1
110902,0.0,1
110914,0.0,1
110923,1.0,0
110930,0.0,1
110967,0.0,1
111005,0.0,1
111035,0.0,1
111057,1.0,0
111075,0.0,1
111100,1.0,0
111138,0.0,1
111149,0.0,1
111152,0.0,1
111160,0.0,1
111184,0.0,1
111196,1.0,0
111206,1.0,0
111221,1.0,0
111241,0.0,1
111258,0.0,1
111303,1.0,0
111344,0.0,1
111358,0.0,1
111364,0.0,1
111384,1.0,0
111418,0.0,1
111426,1.0,0
111449,0.0,1
111463,0.0,1
111471,0.0,1
111486,1.0,0
111487,0.0,1
111535,0.0,1
111575,0.0,1
111579,1.0,0
111631,1.0,0
111653,1.0,0
111657,1.0,0
111679,1.0,0
111689,1.0,0
111690,0.0,1
111721,1.0,0
111753,0.0,1
111794,1.0,0
111845,1.0,0
111861,0.0,1
111886,0.0,1
111935,1.0,0
111970,1.0,0
111991,0.0,1
111997,1.0,0
112003,0.0,1
112008,1.0,0
112027,0.0,1
112040,0.0,1
112046,1.0,0
112054,1.0,0
112063,1.0,0
112075,1.0,0
112103,1.0,0
112146,0.0,1
112202,0.0,1
112204,1.0,0
112216,1.0,0
112247,0.0,1
112272,0.0,1
112293,0.0,1
112302,0.0,1
112330,0.0,1
112363,0.0,1
112382,0.0,1
112435,0.0,1
112449,0.0,1
112455,0.0,1
112484,0.0,1
112517,0.0,1
112521,1.0,0
112525,1.0,0
112530,1.0,0
112585,0.0,1
112589,0.0,1
112594,0.0,1
112613,0.0,1
112617,1.0,0
112651,0.0,1
112684,0.0,1
112737,0.0,1
112744,1.0,0
112752,1.0,0
112754,0.0,1
112806,0.0,1
112824,0.0,1
112877,1.0,0
112890,1.0,0
112894,1.0,0
112895,0.0,1
112899,1.0,0
112912,0.0,1
112925,0.0,1
112939,0.0,1
112958,0.0,1
112974,1.0,0
112991,0.0,1
113038,1.0,0
113047,1.0,0
113052,1.0,0
113061,1.0,0
113064,0.0,1
113066,0.0,1
113075,0.0,1
113121,1.0,0
113158,1.0,0
113242,1.0,0
113251,0.0,1
113263,0.0,1
113270,0.0,1
113281,1.0,0
113287,0.0,1
113299,1.0,0
113335,1.0,0
113362,1.0,0
113370,1.0,0
113377,1.0,0
113391,0.0,1
113414,0.0,1
113436,0.0,1
113452,1.0,0
113495,1.0,0
113522,0.0,1
113530,0.0,1
113537,1.0,0
113540,0.0,1
113587,0.0,1
113590,1.0,0
113591,0.0,1
113599,0.0,1
113607,1.0,0
113627,1.0,0
113628,0.0,1
113686,0.0,1
113695,0.0,1
113696,0.0,1
113699,0.0,1
113709,1.0,0
113720,0.0,1
113751,0.0,1
113754,0.0,1
113767,0.0,1
113771,0.0,1
113833,0.0,1
113872,1.0,0
113876,1.0,0
113885,1.0,0
113888,0.0,1
113934,0.0,1
113937,0.0,1
113940,0.0,1
113958,1.0,0
114002,1.0,0
114004,0.0,1
114027,0.0,1
114073,0.0,1
114093,1.0,0
114101,0.0,1
114140,0.0,1
114145,0.0,1
114152,0.0,1
114165,0.0,1
114220,1.0,0
114247,0.0,1
114260,1.0,0
114262,0.0,1
114267,1.0,0
114335,0.0,1
114366,0.0,1
114374,1.0,0
114402,0.0,1
114413,0.0,1
114414,0.0,1
114415,1.0,0
114429,0.0,1
114448,1.0,0
114477,1.0,0
114495,1.0,0
114505,0.0,1
114531,1.0,0
114540,0.0,1
114599,1.0,0
114602,0.0,1
114606,0.0,1
114647,0.0,1
114667,0.0,1
114680,0.0,1
114735,1.0,0
114783,1.0,0
114797,0.0,1
114813,1.0,0
114823,0.0,1
114866,0.0,1
114871,0.0,1
114899,1.0,0
114901,1.0,0
114921,0.0,1
114926,1.0,0
114937,0.0,1
114951,0.0,1
114954,1.0,0
114962,1.0,0
114976,0.0,1
114980,0.0,1
115038,0.0,1
115052,1.0,0
115065,1.0,0
115097,0.0,1
115098,0.0,1
115119,0.0,1
115121,0.0,1
115173,1.0,0
115225,0.0,1
115231,0.0,1
115248,1.0,0
115251,0.0,1
115261,0.0,1
115262,1.0,0
115277,0.0,1
115283,0.0,1
115286,0.0,1
115290,0.0,1
115291,1.0,0
115300,0.0,1
115313,0.0,1
115344,1.0,0
115349,1.0,0
115379,0.0,1
115387,0.0,1
115392,0.0,1
115418,1.0,0
115419,1.0,0
115429,0.0,1
115450,0.0,1
115453,0.0,1
115454,0.0,1
115457,0.0,1
115470,0.0,1
115491,0.0,1
115516,1.0,0
115520,0.0,1
115522,1.0,0
115550,1.0,0
115596,1.0,0
115597,0.0,1
115613,0.0,1
115619,1.0,0
115695,0.0,1
115711,1.0,0
115717,1.0,0
115745,0.0,1
115746,1.0,0
115748,1.0,0
115762,1.0,0
115777,0.0,1
115781,0.0,1
115804,0.0,1
115890,1.0,0
115938,1.0,0
115941,0.0,1
115944,0.0,1
115950,1.0,0
115960,0.0,1
115971,0.0,1
115972,0.0,1
116015,0.0,1
116029,1.0,0
116093,1.0,0
116138,0.0,1
116141,1.0,0
116183,0.0,1
116197,0.0,1
116220,0.0,1
116222,0.0,1
116240,1.0,0
116260,0.0,1
116283,0.0,1
116300,0.0,1
116303,1.0,0
116308,0.0,1
116312,1.0,0
116321,0.0,1
116346,0.0,1
116379,0.0,1
116381,0.0,1
116410,0.0,1
116412,0.0,1
116430,0.0,1
116435,0.0,1
116446,1.0,0
116458,1.0,0
116474,1.0,0
116479,1.0,0
116496,0.0,1
116509,1.0,0
116547,0.0,1
116562,0.0,1
116577,0.0,1
116598,0.0,1
116599,0.0,1
116600,0.0,1
116628,0.0,1
116639,0.0,1
116693,0.0,1
116714,0.0,1
116740,1.0,0
116756,1.0,0
116778,0.0,1
116812,1.0,0
116841,1.0,0
116884,0.0,1
116909,1.0,0
116921,1.0,0
116925,0.0,1
116926,0.0,1
116932,0.0,1
116965,0.0,1
116985,1.0,0
117037,1.0,0
117087,1.0,0
117105,0.0,1
117149,0.0,1
117158,1.0,0
117162,0.0,1
117169,0.0,1
117171,1.0,0
117182,0.0,1
117188,0.0,1
117190,0.0,1
117195,1.0,0
117233,0.0,1
117236,0.0,1
117269,0.0,1
117275,0.0,1
117306,0.0,1
117315,0.0,1
117322,0.0,1
117327,0.0,1
117353,1.0,0
117376,0.0,1
117381,1.0,0
117397,0.0,1
117471,0.0,1
117476,0.0,1
117552,0.0,1
117576,0.0,1
117610,1.0,0
117624,0.0,1
117655,0.0,1
117695,1.0,0
117710,1.0,0
117728,0.0,1
117729,1.0,0
117753,0.0,1
117758,0.0,1
117783,0.0,1
117786,0.0,1
117843,0.0,1
117848,0.0,1
117864,1.0,0
117867,0.0,1
117875,0.0,1
117893,0.0,1
117914,0.0,1
117931,1.0,0
117932,1.0,0
117933,1.0,0
117962,0.0,1
117967,0.0,1
117986,0.0,1
117987,1.0,0
117998,0.0,1
118013,0.0,1
118026,0.0,1
118072,0.0,1
118079,0.0,1
118086,0.0,1
118096,0.0,1
118125,0.0,1
118131,1.0,0
118149,0.0,1
118150,1.0,0
118196,0.0,1
118206,0.0,1
118216,1.0,0
118237,0.0,1
118251,0.0,1
118252,0.0,1
118275,1.0,0
118321,0.0,1
118322,0.0,1
118343,0.0,1
118354,1.0,0
118361,1.0,0
118368,0.0,1
118431,1.0,0
118432,0.0,1
118438,0.0,1
118449,0.0,1
118450,1.0,0
118465,1.0,0
118519,0.0,1
118532,0.0,1
118581,1.0,0
118607,0.0,1
118640,0.0,1
118691,1.0,0
118707,1.0,0
118747,1.0,0
118756,0.0,1
118778,0.0,1
118823,0.0,1
118827,1.0,0
118854,1.0,0
118862,0.0,1
118908,1.0,0
118925,0.0,1
118938,0.0,1
118943,0.0,1
118945,1.0,0
118981,1.0,0
118985,1.0,0
119014,1.0,0
119016,0.0,1
119053,0.0,1
119056,0.0,1
119087,0.0,1
119092,0.0,1
119104,0.0,1
119105,1.0,0
119110,1.0,0
119153,1.0,0
119197,1.0,0
119234,0.0,1
119243,1.0,0
119250,0.0,1
119285,1.0,0
119339,0.0,1
119348,1.0,0
119381,0.0,1
119401,0.0,1
119418,0.0,1
119433,0.0,1
119440,0.0,1
119449,0.0,1
119457,1.0,0
119459,0.0,1
119469,0.0,1
119490,1.0,0
119511,1.0,0
119537,0.0,1
119603,0.0,1
119607,1.0,0
119640,1.0,0
119641,0.0,1
119680,1.0,0
119689,0.0,1
119695,1.0,0
119710,1.0,0
119719,0.0,1
119720,0.0,1
119755,0.0,1
119770,0.0,1
119851,0.0,1
119876,0.0,1
119892,1.0,0
119904,1.0,0
119915,0.0,1
119933,0.0,1
119949,0.0,1
119953,1.0,0
119994,1.0,0
120006,0.0,1
120020,1.0,0
120073,1.0,0
120098,1.0,0
120115,0.0,1
120138,1.0,0
120142,0.0,1
120161,0.0,1
120174,1.0,0
120232,0.0,1
120238,0.0,1
120296,0.0,1
120334,1.0,0
120383,1.0,0
120390,0.0,1
120393,1.0,0
120399,0.0,1
120408,1.0,0
120417,0.0,1
120424,0.0,1
120430,0.0,1
120446,0.0,1
120461,1.0,0
120465,0.0,1
120480,1.0,0
120481,0.0,1
120532,1.0,0
120536,0.0,1
120544,0.0,1
120606,1.0,0
120623,1.0,0
120642,0.0,1
120646,0.0,1
120649,0.0,1
120651,0.0,1
120661,1.0,0
120674,1.0,0
120718,0.0,1
120719,1.0,0
120727,1.0,0
120737,0.0,1
120796,0.0,1
120834,0.0,1
120842,1.0,0
120849,0.0,1
120857,0.0,1
120861,0.0,1
120900,1.0,0
120925,0.0,1
120943,1.0,0
120984,1.0,0
120991,0.0,1
120997,0.0,1
121009,0.0,1
121025,1.0,0
121070,1.0,0
121074,0.0,1
121084,1.0,0
121108,1.0,0
121113,1.0,0
121115,1.0,0
121128,0.0,1
121129,0.0,1
121131,1.0,0
121136,0.0,1
121153,1.0,0
121156,0.0,1
121214,0.0,1
121247,0.0,1
121248,0.0,1
121251,0.0,1
121275,0.0,1
121286,0.0,1
121314,1.0,0
121378,0.0,1
121383,1.0,0
121405,0.0,1
121433,0.0,1
121439,0.0,1
121442,1.0,0
121448,1.0,0
121449,1.0,0
121470,0.0,1
121500,0.0,1
121537,0.0,1
121540,1.0,0
121584,0.0,1
121613,1.0,0
121650,1.0,0
121652,1.0,0
121677,1.0,0
121704,1.0,0
121745,0.0,1
121762,0.0,1
121772,0.0,1
121826,0.0,1
121829,0.0,1
121841,0.0,1
121877,1.0,0
121884,0.0,1
121888,0.0,1
121905,0.0,1
121912,0.0,1
121923,0.0,1
121940,0.0,1
121943,0.0,1
121969,0.0,1
121974,1.0,0
122021,0.0,1
122043,1.0,0
122094,0.0,1
122125,0.0,1
122145,0.0,1
122161,0.0,1
122187,0.0,1
122221,0.0,1
122246,1.0,0
122260,1.0,0
122265,0.0,1
122296,0.0,1
122297,0.0,1
122309,0.0,1
122323,1.0,0
122334,1.0,0
122353,0.0,1
122355,0.0,1
122363,1.0,0
122365,0.0,1
122379,1.0,0
122388,1.0,0
122418,0.0,1
122428,1.0,0
122431,1.0,0
122456,1.0,0
122475,0.0,1
122525,0.0,1
122554,0.0,1
122567,0.0,1
122590,1.0,0
122604,1.0,0
122614,0.0,1
122629,1.0,0
122651,0.0,1
122685,1.0,0
122730,0.0,1
122768,1.0,0
122784,1.0,0
122792,0.0,1
122801,0.0,1
122804,0.0,1
122806,0.0,1
122834,0.0,1
122847,0.0,1
122892,0.0,1
122905,1.0,0
122929,1.0,0
122932,0.0,1
122937,0.0,1
122942,1.0,0
122944,1.0,0
122951,0.0,1
122966,0.0,1
122969,0.0,1
122971,0.0,1
122997,0.0,1
122998,0.0,1
123031,0.0,1
123038,0.0,1
123060,0.0,1
123084,0.0,1
123101,1.0,0
123127,0.0,1
123152,0.0,1
123248,0.0,1
123253,0.0,1
123270,1.0,0
123277,1.0,0
123316,1.0,0
123330,1.0,0
123376,0.0,1
123377,0.0,1
123382,0.0,1
123394,0.0,1
123396,1.0,0
123398,0.0,1
123487,0.0,1
123494,0.0,1
123503,0.0,1
123511,1.0,0
123537,1.0,0
123552,0.0,1
123608,0.0,1
123631,0.0,1
123645,0.0,1
123682,0.0,1
123757,0.0,1
123773,0.0,1
123789,1.0,0
123793,0.0,1
123809,0.0,1
123828,0.0,1
123838,1.0,0
123839,0.0,1
123917,0.0,1
123946,1.0,0
123964,1.0,0
123979,1.0,0
123997,0.0,1
124030,0.0,1
124039,1.0,0
124070,1.0,0
124071,0.0,1
124145,0.0,1
124168,1.0,0
124213,1.0,0
124248,0.0,1
124258,0.0,1
124276,1.0,0
124292,0.0,1
124296,0.0,1
124300,0.0,1
124305,1.0,0
124352,0.0,1
124362,0.0,1
124375,0.0,1
124410,1.0,0
124425,0.0,1
124434,1.0,0
124439,0.0,1
124447,0.0,1
124469,0.0,1
124473,1.0,0
124516,1.0,0
124552,1.0,0
124575,1.0,0
124585,0.0,1
124606,0.0,1
124627,1.0,0
124629,1.0,0
124646,0.0,1
124647,1.0,0
124716,0.0,1
124722,1.0,0
124726,0.0,1
124742,0.0,1
124758,0.0,1
124760,0.0,1
124772,0.0,1
124831,1.0,0
124842,0.0,1
124865,1.0,0
124870,0.0,1
124881,1.0,0
124931,0.0,1
124951,0.0,1
124976,0.0,1
125029,0.0,1
125068,0.0,1
125082,1.0,0
125119,1.0,0
125131,0.0,1
125137,1.0,0
125142,0.0,1
125184,1.0,0
125192,0.0,1
125240,1.0,0
125241,0.0,1
125324,1.0,0
125329,1.0,0
125330,0.0,1
125345,1.0,0
125351,0.0,1
125391,0.0,1
125409,0.0,1
125426,1.0,0
125428,0.0,1
125429,0.0,1
125448,0.0,1
125484,0.0,1
125510,0.0,1
125554,0.0,1
125563,1.0,0
125564,0.0,1
125578,0.0,1
125583,1.0,0
125586,0.0,1
125590,0.0,1
125627,1.0,0
125680,1.0,0
125788,0.0,1
125811,0.0,1
125830,1.0,0
125860,0.0,1
125912,0.0,1
125957,1.0,0
125970,1.0,0
125971,0.0,1
125976,0.0,1
125986,0.0,1
126018,1.0,0
126021,1.0,0
126028,0.0,1
126031,1.0,0
126042,1.0,0
126043,0.0,1
126090,1.0,0
126121,0.0,1
126135,0.0,1
126145,0.0,1
126149,1.0,0
126157,1.0,0
126207,1.0,0
126219,0.0,1
126231,1.0,0
126236,1.0,0
126241,0.0,1
126266,1.0,0
126293,0.0,1
126330,1.0,0
126355,1.0,0
126385,0.0,1
126387,1.0,0
126388,1.0,0
126402,1.0,0
126412,0.0,1
126445,1.0,0
126456,1.0,0
126486,0.0,1
126527,0.0,1
126543,1.0,0
126582,1.0,0
126629,0.0,1
126647,0.0,1
126657,1.0,0
126699,0.0,1
126703,0.0,1
126727,0.0,1
126736,0.0,1
126748,0.0,1
126764,0.0,1
126793,0.0,1
126834,0.0,1
126846,0.0,1
126852,1.0,0
126868,0.0,1
126897,0.0,1
126911,0.0,1
126915,1.0,0
126942,0.0,1
126952,0.0,1
127003,0.0,1
127005,1.0,0
127008,0.0,1
127018,0.0,1
127049,1.0,0
127062,1.0,0
127078,1.0,0
127093,1.0,0
127101,0.0,1
127104,0.0,1
127119,1.0,0
127125,0.0,1
127172,0.0,1
127175,0.0,1
127192,0.0,1
127214,0.0,1
127224,1.0,0
127236,0.0,1
127241,0.0,1
127244,1.0,0
127273,0.0,1
127280,1.0,0
127335,0.0,1
127360,1.0,0
127371,0.0,1
127401,0.0,1
127426,0.0,1
127467,0.0,1
127469,1.0,0
127481,0.0,1
127499,0.0,1
127501,0.0,1
127502,1.0,0
127530,1.0,0
127541,0.0,1
127542,0.0,1
127612,0.0,1
127635,1.0,0
127646,0.0,1
127681,1.0,0
127690,1.0,0
127723,0.0,1
127737,0.0,1
127797,1.0,0
127874,0.0,1
127884,1.0,0
127906,1.0,0
127917,0.0,1
127920,0.0,1
127952,0.0,1
127965,1.0,0
127974,0.0,1
127976,1.0,0
127979,0.0,1
127995,0.0,1
127998,1.0,0
128049,1.0,0
128069,1.0,0
128087,1.0,0
128089,1.0,0
128099,0.0,1
128125,0.0,1
128153,1.0,0
128173,1.0,0
128276,0.0,1
128278,1.0,0
128293,1.0,0
128323,0.0,1
128349,1.0,0
128353,1.0,0
128360,0.0,1
128363,1.0,0
128370,0.0,1
128375,1.0,0
128378,1.0,0
128387,0.0,1
128404,1.0,0
128425,0.0,1
128436,0.0,1
128607,1.0,0
128695,0.0,1
128719,0.0,1
128743,1.0,0
128766,0.0,1
128817,1.0,0
128827,0.0,1
128837,0.0,1
128838,0.0,1
128844,1.0,0
128845,0.0,1
128849,0.0,1
128871,0.0,1
128879,0.0,1
128898,1.0,0
128899,0.0,1
128907,1.0,0
128912,0.0,1
128927,0.0,1
128953,1.0,0
128954,0.0,1
128970,1.0,0
129001,0.0,1
129032,0.0,1
129038,1.0,0
129042,0.0,1
129046,1.0,0
129134,1.0,0
129157,0.0,1
129164,0.0,1
129172,0.0,1
129185,0.0,1
129218,1.0,0
129270,0.0,1
129272,0.0,1
129301,1.0,0
129347,1.0,0
129353,0.0,1
129361,1.0,0
129366,1.0,0
129409,1.0,0
129432,0.0,1
129433,1.0,0
129445,0.0,1
129471,0.0,1
129482,1.0,0
129504,0.0,1
129529,1.0,0
129559,0.0,1
129570,1.0,0
129586,0.0,1
129591,0.0,1
129634,0.0,1
129644,1.0,0
129647,1.0,0
129648,1.0,0
129671,1.0,0
129701,0.0,1
129740,0.0,1
129751,0.0,1
129795,0.0,1
129825,0.0,1
129827,0.0,1
129828,0.0,1
129847,1.0,0
129862,1.0,0
129876,1.0,0
129883,1.0,0
129898,0.0,1
129919,0.0,1
129962,0.0,1
129979,1.0,0
130045,0.0,1
130083,0.0,1
130085,0.0,1
130101,1.0,0
130107,0.0,1
130122,1.0,0
130138,1.0,0
130162,1.0,0
130182,0.0,1
130189,1.0,0
130233,1.0,0
130270,0.0,1
130272,0.0,1
130276,0.0,1
130282,1.0,0
130353,1.0,0
130383,1.0,0
130416,1.0,0
130456,0.0,1
130470,1.0,0
130481,1.0,0
130500,1.0,0
130519,0.0,1
130564,0.0,1
130571,1.0,0
130577,1.0,0
130599,0.0,1
130602,0.0,1
130644,0.0,1
130669,1.0,0
130676,0.0,1
130684,0.0,1
130692,0.0,1
130705,1.0,0
130730,0.0,1
130787,0.0,1
130788,1.0,0
130800,0.0,1
130807,1.0,0
130808,0.0,1
130860,0.0,1
130889,1.0,0
130899,1.0,0
130931,1.0,0
130932,0.0,1
130951,0.0,1
131008,1.0,0
131009,0.0,1
131041,1.0,0
131048,0.0,1
131052,0.0,1
131057,0.0,1
131065,0.0,1
131066,0.0,1
131071,0.0,1
131074,1.0,0
131090,0.0,1
131092,1.0,0
131129,0.0,1
131146,1.0,0
131163,0.0,1
131171,1.0,0
131181,1.0,0
131185,1.0,0
131216,0.0,1
131218,0.0,1
131224,1.0,0
131331,1.0,0
131341,1.0,0
131346,0.0,1
131372,0.0,1
131449,0.0,1
131465,0.0,1
131497,0.0,1
131517,0.0,1
131523,0.0,1
131542,0.0,1
131562,0.0,1
131582,1.0,0
131596,0.0,1
131615,1.0,0
131624,0.0,1
131650,0.0,1
131658,0.0,1
131668,1.0,0
131674,0.0,1
131679,1.0,0
131680,0.0,1
131683,1.0,0
131688,1.0,0
131699,1.0,0
131705,0.0,1
131708,0.0,1
131743,1.0,0
131769,1.0,0
131782,0.0,1
131811,1.0,0
131824,1.0,0
131839,1.0,0
131840,1.0,0
131846,0.0,1
131852,0.0,1
131854,1.0,0
131896,0.0,1
131922,1.0,0
131926,0.0,1
131938,1.0,0
131962,1.0,0
131963,0.0,1
131982,0.0,1
131983,0.0,1
132017,1.0,0
132036,0.0,1
132041,0.0,1
132043,0.0,1
132045,0.0,1
132063,0.0,1
132076,0.0,1
132135,0.0,1
132139,1.0,0
132183,0.0,1
132187,0.0,1
132192,0.0,1
132201,1.0,0
132219,1.0,0
132226,0.0,1
132265,1.0,0
132308,0.0,1
132317,0.0,1
132342,0.0,1
132395,0.0,1
132410,0.0,1
132428,0.0,1
132450,1.0,0
132469,0.0,1
132515,1.0,0
132516,1.0,0
132551,1.0,0
132574,1.0,0
132594,1.0,0
132597,0.0,1
132604,0.0,1
132667,0.0,1
132669,1.0,0
132723,1.0,0
132733,0.0,1
132737,0.0,1
132748,1.0,0
132774,1.0,0
132789,1.0,0
132795,0.0,1
132819,0.0,1
132857,0.0,1
132869,1.0,0
132870,0.0,1
132878,0.0,1
132883,0.0,1
132917,0.0,1
132923,1.0,0
132935,1.0,0
133006,1.0,0
133012,0.0,1
133031,1.0,0
133034,0.0,1
133063,1.0,0
133068,1.0,0
133102,1.0,0
133117,1.0,0
133134,0.0,1
133144,0.0,1
133199,1.0,0
133217,0.0,1
133229,1.0,0
133250,0.0,1
133266,0.0,1
133267,1.0,0
133281,1.0,0
133329,1.0,0
133349,0.0,1
133368,0.0,1
133371,1.0,0
133387,0.0,1
133390,1.0,0
133400,0.0,1
133418,0.0,1
133422,1.0,0
133436,1.0,0
133443,1.0,0
133454,0.0,1
133496,0.0,1
133519,1.0,0
133523,0.0,1
133524,0.0,1
133545,0.0,1
133573,0.0,1
133590,1.0,0
133612,1.0,0
133620,0.0,1
133634,1.0,0
133652,0.0,1
133668,0.0,1
133674,1.0,0
133702,0.0,1
133720,1.0,0
133723,0.0,1
133733,1.0,0
133784,1.0,0
133804,1.0,0
133813,0.0,1
133814,0.0,1
133818,1.0,0
133819,0.0,1
133844,1.0,0
133858,0.0,1
133908,1.0,0
133921,0.0,1
134039,0.0,1
134041,0.0,1
134047,0.0,1
134061,0.0,1
134068,1.0,0
134081,0.0,1
134092,0.0,1
134095,1.0,0
134143,1.0,0
134193,0.0,1
134196,1.0,0
134212,0.0,1
134219,0.0,1
134263,1.0,0
134349,0.0,1
134354,0.0,1
134355,0.0,1
134379,1.0,0
134412,0.0,1
134413,0.0,1
134442,0.0,1
134443,0.0,1
134477,1.0,0
134480,1.0,0
134495,1.0,0
134510,0.0,1
134511,1.0,0
134557,0.0,1
134564,0.0,1
134626,1.0,0
134662,0.0,1
134666,0.0,1
134701,0.0,1
134704,1.0,0
134716,1.0,0
134769,0.0,1
134783,0.0,1
134787,0.0,1
134795,0.0,1
134827,0.0,1
134856,1.0,0
134888,0.0,1
134889,0.0,1
134894,0.0,1
134895,0.0,1
134932,1.0,0
134946,0.0,1
134956,1.0,0
134994,1.0,0
135011,0.0,1
135012,0.0,1
135016,0.0,1
135048,1.0,0
135089,0.0,1
135095,1.0,0
135108,1.0,0
135149,0.0,1
135164,0.0,1
135201,0.0,1
135237,0.0,1
135240,0.0,1
135268,0.0,1
135337,0.0,1
135345,0.0,1
135347,1.0,0
135383,0.0,1
135396,1.0,0
135399,1.0,0
135400,0.0,1
135414,0.0,1
135425,0.0,1
135426,0.0,1
135428,0.0,1
135446,1.0,0
135469,0.0,1
135484,0.0,1
135516,1.0,0
135519,0.0,1
135538,0.0,1
135539,1.0,0
135584,1.0,0
135585,0.0,1
135647,0.0,1
135659,0.0,1
135710,0.0,1
135733,1.0,0
135751,0.0,1
135759,0.0,1
135775,1.0,0
135777,1.0,0
135815,0.0,1
135820,0.0,1
135883,0.0,1
135895,1.0,0
135926,1.0,0
135940,0.0,1
135996,1.0,0
136001,0.0,1
136004,1.0,0
136124,0.0,1
136146,0.0,1
136155,0.0,1
136170,0.0,1
136185,1.0,0
136248,1.0,0
136266,0.0,1
136270,0.0,1
136281,1.0,0
136294,0.0,1
136297,0.0,1
136313,0.0,1
136315,0.0,1
136322,1.0,0
136369,1.0,0
136371,1.0,0
136394,1.0,0
136401,0.0,1
136421,0.0,1
136467,1.0,0
136479,1.0,0
136497,1.0,0
136498,1.0,0
136508,1.0,0
136541,0.0,1
136543,1.0,0
136567,1.0,0
136578,1.0,0
136579,1.0,0
136580,0.0,1
136584,0.0,1
136619,1.0,0
136665,1.0,0
136810,0.0,1
136855,1.0,0
136877,0.0,1
136883,1.0,0
136897,1.0,0
136918,0.0,1
136929,0.0,1
136934,0.0,1
136937,0.0,1
136941,0.0,1
136954,0.0,1
136956,0.0,1
136973,1.0,0
137012,1.0,0
137032,0.0,1
137033,0.0,1
137041,1.0,0
137068,0.0,1
137075,0.0,1
137077,0.0,1
137106,0.0,1
137138,0.0,1
137139,0.0,1
137140,0.0,1
137156,1.0,0
137159,0.0,1
137160,0.0,1
137173,1.0,0
137193,1.0,0
137219,0.0,1
137231,1.0,0
137260,0.0,1
137290,1.0,0
137292,0.0,1
137306,1.0,0
137338,1.0,0
137357,1.0,0
137363,0.0,1
137364,1.0,0
137402,0.0,1
137419,1.0,0
137430,1.0,0
137560,1.0,0
137575,1.0,0
137630,0.0,1
137652,1.0,0
137695,1.0,0
137727,0.0,1
137730,0.0,1
137743,0.0,1
137748,0.0,1
137817,0.0,1
137831,0.0,1
137851,1.0,0
137855,0.0,1
137889,0.0,1
137910,0.0,1
137915,0.0,1
137916,1.0,0
137956,0.0,1
137981,1.0,0
137987,0.0,1
138007,0.0,1
138082,0.0,1
138118,1.0,0
138137,0.0,1
138212,0.0,1
138213,0.0,1
138231,1.0,0
138240,0.0,1
138260,0.0,1
138326,0.0,1
138329,0.0,1
138331,1.0,0
138332,1.0,0
138390,0.0,1
138393,0.0,1
138470,0.0,1
138473,0.0,1
138478,0.0,1
138484,0.0,1
138497,1.0,0
138505,1.0,0
138507,0.0,1
138509,1.0,0
138560,1.0,0
138569,0.0,1
138582,1.0,0
138590,0.0,1
138593,0.0,1
138644,1.0,0
138657,1.0,0
138670,0.0,1
138678,0.0,1
138690,0.0,1
138697,1.0,0
138734,0.0,1
138778,0.0,1
138811,0.0,1
138825,0.0,1
138831,0.0,1
138865,0.0,1
138927,1.0,0
138949,0.0,1
138955,0.0,1
138967,1.0,0
138975,0.0,1
138985,0.0,1
138989,0.0,1
139043,0.0,1
139087,1.0,0
139091,1.0,0
139115,0.0,1
139148,0.0,1
139158,0.0,1
139184,0.0,1
139205,0.0,1
139217,0.0,1
139232,0.0,1
139238,0.0,1
139241,0.0,1
139263,1.0,0
139266,0.0,1
139283,0.0,1
139305,1.0,0
139316,0.0,1
139319,1.0,0
139440,1.0,0
139449,0.0,1
139460,1.0,0
139499,0.0,1
139502,0.0,1
139508,0.0,1
139521,0.0,1
139522,0.0,1
139534,0.0,1
139596,1.0,0
139634,0.0,1
139643,0.0,1
139667,1.0,0
139668,1.0,0
139678,0.0,1
139697,0.0,1
139710,0.0,1
139727,0.0,1
139736,1.0,0
139738,1.0,0
139756,1.0,0
139831,0.0,1
139845,0.0,1
139848,1.0,0
139877,1.0,0
139896,0.0,1
139900,0.0,1
139958,0.0,1
139985,0.0,1
139991,0.0,1
140003,1.0,0
140044,0.0,1
140065,0.0,1
140078,1.0,0
140084,1.0,0
140085,0.0,1
140119,0.0,1
140146,0.0,1
140160,1.0,0
140168,1.0,0
140183,0.0,1
140223,0.0,1
140241,0.0,1
140263,0.0,1
140275,1.0,0
140277,0.0,1
140334,0.0,1
140360,1.0,0
140364,0.0,1
140397,1.0,0
140398,1.0,0
140405,0.0,1
140439,1.0,0
140450,1.0,0
140453,1.0,0
140498,0.0,1
140514,0.0,1
140518,1.0,0
140523,0.0,1
140527,1.0,0
140530,0.0,1
140531,1.0,0
140571,1.0,0
140630,0.0,1
140660,0.0,1
140673,1.0,0
140708,1.0,0
140745,0.0,1
140841,0.0,1
140847,0.0,1
140850,1.0,0
140916,1.0,0
140941,1.0,0
140948,1.0,0
140964,1.0,0
140976,1.0,0
141001,0.0,1
141004,0.0,1
141036,1.0,0
141058,0.0,1
141086,0.0,1
141107,0.0,1
141114,1.0,0
141123,1.0,0
141163,1.0,0
141172,0.0,1
141177,0.0,1
141178,1.0,0
141189,0.0,1
141197,0.0,1
141203,1.0,0
141204,0.0,1
141221,1.0,0
141231,1.0,0
141250,1.0,0
141264,0.0,1
141302,0.0,1
141312,1.0,0
141314,0.0,1
141327,0.0,1
141328,0.0,1
141339,0.0,1
141353,1.0,0
141374,1.0,0
141398,0.0,1
141409,0.0,1
141428,1.0,0
141435,1.0,0
141453,0.0,1
141454,1.0,0
141496,1.0,0
141525,1.0,0
141547,0.0,1
141552,0.0,1
141557,0.0,1
141565,0.0,1
141573,1.0,0
141602,1.0,0
141622,0.0,1
141646,0.0,1
141650,0.0,1
141676,1.0,0
141690,0.0,1
141715,1.0,0
141716,1.0,0
141728,0.0,1
141741,0.0,1
141748,1.0,0
141785,0.0,1
141788,0.0,1
141823,0.0,1
141829,0.0,1
141833,0.0,1
141851,0.0,1
141856,0.0,1
141890,0.0,1
141932,1.0,0
141943,0.0,1
141954,0.0,1
141955,1.0,0
141990,0.0,1
142044,0.0,1
142061,0.0,1
142130,0.0,1
142144,1.0,0
142188,0.0,1
142201,0.0,1
142216,0.0,1
142220,0.0,1
142233,1.0,0
142241,0.0,1
142286,1.0,0
142341,0.0,1
142402,0.0,1
142405,0.0,1
142444,0.0,1
142468,0.0,1
142485,1.0,0
142496,1.0,0
142501,0.0,1
142544,0.0,1
142545,0.0,1
142547,1.0,0
142562,1.0,0
142570,0.0,1
142608,1.0,0
142624,1.0,0
142658,1.0,0
142684,1.0,0
142705,0.0,1
142708,0.0,1
142719,1.0,0
142743,0.0,1
142752,1.0,0
142781,0.0,1
142791,0.0,1
142794,1.0,0
142810,0.0,1
142825,0.0,1
142846,1.0,0
142864,1.0,0
142881,0.0,1
142888,0.0,1
142972,1.0,0
142980,0.0,1
142995,1.0,0
143016,0.0,1
143032,0.0,1
143051,1.0,0
143053,0.0,1
143113,1.0,0
143118,1.0,0
143135,0.0,1
143157,0.0,1
143163,0.0,1
143166,0.0,1
143172,0.0,1
143177,0.0,1
143180,1.0,0
143190,0.0,1
143241,1.0,0
143245,1.0,0
143252,0.0,1
143253,1.0,0
143276,1.0,0
143287,1.0,0
143356,1.0,0
143361,1.0,0
143362,0.0,1
143377,1.0,0
143428,0.0,1
143429,0.0,1
143459,0.0,1
143466,0.0,1
143508,1.0,0
143541,0.0,1
143554,1.0,0
143603,0.0,1
143632,1.0,0
143638,0.0,1
143640,0.0,1
143653,0.0,1
143727,0.0,1
143736,1.0,0
143742,0.0,1
143759,1.0,0
143767,0.0,1
143783,0.0,1
143816,0.0,1
143874,0.0,1
143919,0.0,1
143928,1.0,0
143947,1.0,0
143958,0.0,1
143966,0.0,1
144021,0.0,1
144035,1.0,0
144057,0.0,1
144114,1.0,0
144117,0.0,1
144136,0.0,1
144143,1.0,0
144161,0.0,1
144185,0.0,1
144190,0.0,1
144199,1.0,0
144210,1.0,0
144227,1.0,0
144265,0.0,1
144267,0.0,1
144281,0.0,1
144308,0.0,1
144399,1.0,0
144411,0.0,1
144421,0.0,1
144425,0.0,1
144426,1.0,0
144499,1.0,0
144503,1.0,0
144506,1.0,0
144541,1.0,0
144573,0.0,1
144591,0.0,1
144601,0.0,1
144618,0.0,1
144642,0.0,1
144653,1.0,0
144658,1.0,0
144690,1.0,0
144701,0.0,1
144714,1.0,0
144747,1.0,0
144771,1.0,0
144777,1.0,0
144842,1.0,0
144853,1.0,0
144894,0.0,1
144895,0.0,1
144920,0.0,1
144959,0.0,1
145030,0.0,1
145041,0.0,1
145087,1.0,0
145095,1.0,0
145100,0.0,1
145108,0.0,1
145128,0.0,1
145129,0.0,1
145164,1.0,0
145221,1.0,0
145242,0.0,1
145288,0.0,1
145289,1.0,0
145299,1.0,0
145302,0.0,1
145347,1.0,0
145363,0.0,1
145404,0.0,1
145409,0.0,1
145421,0.0,1
145488,0.0,1
145494,0.0,1
145515,0.0,1
145530,0.0,1
145552,1.0,0
145571,0.0,1
145603,0.0,1
145617,0.0,1
145621,1.0,0
145623,1.0,0
145624,0.0,1
145650,0.0,1
145651,0.0,1
145668,0.0,1
145673,1.0,0
145683,0.0,1
145690,0.0,1
145697,0.0,1
145701,1.0,0
145707,0.0,1
145708,0.0,1
145720,0.0,1
145756,0.0,1
145777,0.0,1
145783,0.0,1
145796,1.0,0
145797,0.0,1
145824,1.0,0
145857,0.0,1
145859,1.0,0
145892,1.0,0
145895,0.0,1
145903,0.0,1
145907,1.0,0
145923,1.0,0
145929,0.0,1
145967,0.0,1
145973,0.0,1
145984,0.0,1
145992,0.0,1
146029,0.0,1
146031,0.0,1
146043,0.0,1
146049,1.0,0
146057,1.0,0
146062,0.0,1
146066,0.0,1
146123,1.0,0
146151,0.0,1
146207,1.0,0
146261,1.0,0
146281,1.0,0
146296,0.0,1
146310,0.0,1
146381,0.0,1
146386,1.0,0
146390,1.0,0
146403,0.0,1
146411,1.0,0
146425,0.0,1
146462,0.0,1
146467,0.0,1
146472,0.0,1
146479,0.0,1
146482,0.0,1
146498,0.0,1
146502,1.0,0
146503,0.0,1
146504,1.0,0
146542,0.0,1
146575,0.0,1
146606,0.0,1
146629,1.0,0
146678,1.0,0
146680,0.0,1
146681,0.0,1
146686,1.0,0
146693,1.0,0
146746,0.0,1
146754,0.0,1
146758,1.0,0
146760,0.0,1
146797,1.0,0
146803,1.0,0
146816,0.0,1
146819,0.0,1
146865,1.0,0
146869,1.0,0
146880,0.0,1
146942,0.0,1
146962,0.0,1
146983,0.0,1
147012,0.0,1
147034,1.0,0
147052,0.0,1
147085,0.0,1
147169,0.0,1
147180,0.0,1
147212,1.0,0
147213,0.0,1
147279,0.0,1
147288,1.0,0
147292,0.0,1
147310,0.0,1
147342,1.0,0
147367,0.0,1
147378,0.0,1
147404,0.0,1
147413,0.0,1
147440,0.0,1
147490,0.0,1
147501,0.0,1
147504,1.0,0
147505,1.0,0
147510,0.0,1
147519,0.0,1
147549,1.0,0
147554,1.0,0
147559,1.0,0
147574,1.0,0
147622,1.0,0
147632,1.0,0
147674,0.0,1
147682,1.0,0
147685,0.0,1
147720,0.0,1
147727,0.0,1
147733,0.0,1
147742,1.0,0
147744,0.0,1
147747,1.0,0
147748,0.0,1
147756,0.0,1
147767,0.0,1
147773,0.0,1
147785,1.0,0
147801,1.0,0
147830,0.0,1
147844,1.0,0
147847,0.0,1
147862,0.0,1
147897,1.0,0
147905,0.0,1
147922,1.0,0
147936,0.0,1
147941,0.0,1
147947,1.0,0
147964,1.0,0
147975,1.0,0
148020,0.0,1
148030,0.0,1
148031,1.0,0
148081,1.0,0
148097,0.0,1
148121,0.0,1
148122,0.0,1
148131,0.0,1
148136,0.0,1
148169,0.0,1
148217,0.0,1
148250,1.0,0
148272,1.0,0
148274,1.0,0
148275,0.0,1
148280,0.0,1
148311,1.0,0
148336,1.0,0
148365,0.0,1
148396,0.0,1
148405,0.0,1
148406,0.0,1
148412,1.0,0
148423,0.0,1
148442,1.0,0
148453,1.0,0
148496,0.0,1
148507,0.0,1
148563,1.0,0
148567,0.0,1
148582,0.0,1
148597,0.0,1
148645,1.0,0
148660,1.0,0
148692,0.0,1
148707,0.0,1
148726,0.0,1
148730,1.0,0
148753,1.0,0
148766,0.0,1
148785,1.0,0
148807,1.0,0
148822,1.0,0
148833,1.0,0
148850,0.0,1
148878,0.0,1
148886,1.0,0
148907,0.0,1
148909,0.0,1
148910,1.0,0
148921,0.0,1
148933,0.0,1
148996,1.0,0
149014,0.0,1
149017,1.0,0
149032,0.0,1
149043,1.0,0
149047,1.0,0
149055,0.0,1
149060,0.0,1
149073,1.0,0
149083,1.0,0
149091,1.0,0
149106,1.0,0
149113,1.0,0
149125,0.0,1
149187,0.0,1
149197,0.0,1
149216,0.0,1
149220,0.0,1
149246,0.0,1
149330,1.0,0
149334,0.0,1
149375,0.0,1
149381,0.0,1
149458,1.0,0
149489,1.0,0
149508,0.0,1
149512,0.0,1
149529,1.0,0
149542,0.0,1
149571,0.0,1
149616,1.0,0
149647,1.0,0
149678,0.0,1
149706,0.0,1
149713,1.0,0
149719,0.0,1
149741,1.0,0
149747,1.0,0
149748,0.0,1
149782,0.0,1
149792,1.0,0
149794,1.0,0
149807,0.0,1
149810,0.0,1
149842,1.0,0
149850,1.0,0
149859,1.0,0
149925,1.0,0
149928,1.0,0
149952,1.0,0
149966,0.0,1
149968,0.0,1
149991,0.0,1
150018,0.0,1
150097,0.0,1
150101,1.0,0
150114,1.0,0
150132,1.0,0
150138,0.0,1
150141,1.0,0
150152,1.0,0
150169,0.0,1
150173,0.0,1
150199,1.0,0
150210,0.0,1
150214,1.0,0
150263,0.0,1
150305,0.0,1
150321,0.0,1
150324,1.0,0
150358,1.0,0
150369,0.0,1
150384,1.0,0
150393,1.0,0
150396,0.0,1
150398,1.0,0
150497,1.0,0
150517,0.0,1
150532,1.0,0
150575,1.0,0
150608,0.0,1
150634,1.0,0
150660,0.0,1
150713,1.0,0
150766,1.0,0
150776,0.0,1
150782,1.0,0
150835,0.0,1
150837,0.0,1
150858,0.0,1
150870,0.0,1
150887,0.0,1
150910,0.0,1
150914,0.0,1
150921,1.0,0
150925,0.0,1
150947,0.0,1
150976,0.0,1
150978,1.0,0
150984,0.0,1
150989,0.0,1
151001,0.0,1
151059,0.0,1
151067,1.0,0
151084,0.0,1
151092,0.0,1
151107,1.0,0
151125,0.0,1
151160,1.0,0
151189,0.0,1
151202,1.0,0
151231,1.0,0
151238,1.0,0
151258,1.0,0
151324,1.0,0
151339,1.0,0
151341,0.0,1
151379,0.0,1
151385,1.0,0
151386,0.0,1
151387,0.0,1
151401,0.0,1
151415,1.0,0
151425,0.0,1
151426,1.0,0
151442,0.0,1
151458,0.0,1
151482,0.0,1
151503,1.0,0
151513,0.0,1
151516,0.0,1
151519,0.0,1
151523,0.0,1
151533,1.0,0
151549,0.0,1
151551,1.0,0
151552,0.0,1
151553,1.0,0
151562,0.0,1
151567,1.0,0
151578,0.0,1
151579,1.0,0
151584,0.0,1
151613,1.0,0
151615,0.0,1
151634,0.0,1
151644,0.0,1
151645,1.0,0
151661,1.0,0
151663,0.0,1
151699,0.0,1
151700,1.0,0
151704,1.0,0
151705,0.0,1
151712,0.0,1
151758,1.0,0
151802,0.0,1
151835,1.0,0
151850,1.0,0
151882,0.0,1
151955,1.0,0
151975,0.0,1
151991,0.0,1
152005,1.0,0
152033,0.0,1
152034,1.0,0
152056,1.0,0
152061,0.0,1
152076,0.0,1
152095,0.0,1
152099,0.0,1
152107,0.0,1
152125,1.0,0
152127,0.0,1
152149,1.0,0
152162,1.0,0
152192,1.0,0
152196,0.0,1
152205,0.0,1
152214,1.0,0
152219,0.0,1
152268,0.0,1
152360,1.0,0
152375,0.0,1
152390,1.0,0
152394,0.0,1
152403,0.0,1
152405,1.0,0
152409,0.0,1
152411,0.0,1
152436,1.0,0
152512,1.0,0
152516,0.0,1
152517,1.0,0
152529,0.0,1
152533,0.0,1
152545,1.0,0
152560,1.0,0
152564,1.0,0
152566,1.0,0
152587,1.0,0
152597,1.0,0
152623,0.0,1
152654,0.0,1
152663,1.0,0
152669,1.0,0
152672,1.0,0
152678,1.0,0
152683,0.0,1
152715,0.0,1
152718,0.0,1
152726,1.0,0
152749,0.0,1
152763,0.0,1
152782,1.0,0
152784,0.0,1
152785,0.0,1
152790,0.0,1
152836,1.0,0
152878,0.0,1
152927,0.0,1
152943,0.0,1
152983,0.0,1
153014,0.0,1
153017,1.0,0
153047,0.0,1
153057,0.0,1
153060,0.0,1
153069,0.0,1
153078,0.0,1
153083,0.0,1
153087,1.0,0
153098,0.0,1
153099,0.0,1
153102,1.0,0
153117,0.0,1
153135,1.0,0
153139,0.0,1
153143,0.0,1
153167,0.0,1
153197,0.0,1
153245,0.0,1
153255,1.0,0
153261,0.0,1
153285,0.0,1
153289,1.0,0
153303,0.0,1
153310,0.0,1
153330,1.0,0
153353,0.0,1
153366,0.0,1
153396,0.0,1
153414,0.0,1
153428,0.0,1
153462,0.0,1
153469,1.0,0
153480,1.0,0
153493,0.0,1
153579,0.0,1
153600,0.0,1
153613,0.0,1
153623,0.0,1
153663,1.0,0
153712,0.0,1
153742,1.0,0
153851,0.0,1
153855,0.0,1
153895,1.0,0
153909,0.0,1
153926,1.0,0
153927,0.0,1
153946,0.0,1
153957,1.0,0
153973,1.0,0
153974,0.0,1
153975,1.0,0
153991,1.0,0
154018,0.0,1
154033,0.0,1
154048,1.0,0
154058,0.0,1
154074,1.0,0
154116,1.0,0
154131,0.0,1
154146,0.0,1
154154,1.0,0
154198,0.0,1
154239,0.0,1
154255,0.0,1
154282,1.0,0
154288,0.0,1
154292,0.0,1
154304,1.0,0
154321,0.0,1
154338,0.0,1
154344,0.0,1
154347,1.0,0
154350,1.0,0
154360,1.0,0
154380,0.0,1
154413,0.0,1
154416,0.0,1
154422,1.0,0
154429,0.0,1
154437,1.0,0
154455,0.0,1
154458,1.0,0
154469,0.0,1
154475,0.0,1
154481,1.0,0
154484,1.0,0
154490,0.0,1
154497,0.0,1
154499,1.0,0
154500,0.0,1
154521,1.0,0
154544,1.0,0
154609,0.0,1
154610,0.0,1
154629,0.0,1
154661,0.0,1
154666,1.0,0
154669,0.0,1
154738,0.0,1
154748,1.0,0
154751,1.0,0
154759,1.0,0
154775,0.0,1
154778,1.0,0
154784,1.0,0
154813,0.0,1
154840,0.0,1
154845,1.0,0
154857,0.0,1
154868,0.0,1
154882,0.0,1
154964,0.0,1
154972,0.0,1
154988,0.0,1
154996,0.0,1
155003,0.0,1
155020,1.0,0
155034,0.0,1
155050,0.0,1
155062,0.0,1
155073,0.0,1
155113,0.0,1
155120,1.0,0
155136,0.0,1
155153,1.0,0
155158,0.0,1
155198,0.0,1
155208,1.0,0
155246,0.0,1
155268,0.0,1
155338,1.0,0
155341,1.0,0
155361,0.0,1
155373,0.0,1
155382,0.0,1
155407,0.0,1
155426,0.0,1
155448,0.0,1
155472,0.0,1
155477,1.0,0
155495,1.0,0
155510,0.0,1
155539,0.0,1
155558,0.0,1
155580,0.0,1
155613,0.0,1
155639,0.0,1
155665,0.0,1
155674,0.0,1
155687,1.0,0
155717,1.0,0
155732,0.0,1
155762,1.0,0
155803,0.0,1
155831,0.0,1
155832,1.0,0
155838,0.0,1
155864,0.0,1
155894,0.0,1
155904,1.0,0
155911,0.0,1
155926,1.0,0
155963,1.0,0
156006,0.0,1
156028,1.0,0
156040,1.0,0
156043,0.0,1
156048,0.0,1
156054,1.0,0
156085,1.0,0
156165,0.0,1
156173,1.0,0
156239,0.0,1
156245,0.0,1
156258,0.0,1
156356,0.0,1
156358,1.0,0
156383,1.0,0
156411,0.0,1
156418,0.0,1
156448,0.0,1
156459,1.0,0
156503,1.0,0
156512,0.0,1
156520,1.0,0
156549,0.0,1
156551,0.0,1
156570,1.0,0
156582,0.0,1
156597,1.0,0
156600,0.0,1
156613,0.0,1
156661,1.0,0
156686,1.0,0
156693,0.0,1
156699,1.0,0
156730,1.0,0
156741,0.0,1
156755,0.0,1
156771,0.0,1
156794,1.0,0
156810,0.0,1
156853,1.0,0
156856,1.0,0
156862,1.0,0
156876,0.0,1
156881,0.0,1
156888,0.0,1
156899,1.0,0
156926,1.0,0
156945,1.0,0
156958,1.0,0
156990,0.0,1
157018,1.0,0
157052,0.0,1
157063,1.0,0
157073,0.0,1
157087,0.0,1
157094,1.0,0
157108,0.0,1
157156,1.0,0
157159,1.0,0
157177,1.0,0
157186,0.0,1
157191,0.0,1
157192,0.0,1
157205,0.0,1
157233,0.0,1
157242,1.0,0
157263,1.0,0
157303,1.0,0
157371,0.0,1
157374,0.0,1
157384,0.0,1
157442,0.0,1
157480,0.0,1
157501,1.0,0
157518,1.0,0
157523,0.0,1
157535,1.0,0
157570,0.0,1
157584,0.0,1
157585,0.0,1
157632,0.0,1
157653,0.0,1
157657,1.0,0
157685,0.0,1
157720,1.0,0
157722,0.0,1
157724,0.0,1
157760,1.0,0
157773,1.0,0
157774,0.0,1
157785,1.0,0
157811,0.0,1
157846,0.0,1
157851,1.0,0
157858,0.0,1
157859,1.0,0
157863,0.0,1
157909,0.0,1
157948,0.0,1
157955,0.0,1
157967,1.0,0
158016,1.0,0
158030,0.0,1
158059,0.0,1
158109,0.0,1
158123,0.0,1
158126,1.0,0
158136,0.0,1
158148,0.0,1
158149,1.0,0
158173,1.0,0
158206,0.0,1
158250,1.0,0
158256,1.0,0
158258,0.0,1
158265,1.0,0
158274,1.0,0
158277,1.0,0
158303,0.0,1
158398,0.0,1
158414,1.0,0
158443,1.0,0
158480,0.0,1
158545,0.0,1
158550,0.0,1
158556,0.0,1
158575,1.0,0
158603,0.0,1
158617,1.0,0
158668,0.0,1
158681,1.0,0
158721,0.0,1
158722,0.0,1
158727,0.0,1
158735,1.0,0
158791,0.0,1
158832,0.0,1
158836,0.0,1
158843,0.0,1
158900,1.0,0
158914,1.0,0
158919,0.0,1
158924,1.0,0
158928,0.0,1
158929,1.0,0
158933,0.0,1
158958,1.0,0
159005,0.0,1
159035,0.0,1
159066,1.0,0
159074,0.0,1
159115,0.0,1
159186,0.0,1
159204,0.0,1
159258,0.0,1
159278,0.0,1
159297,1.0,0
159300,1.0,0
159304,1.0,0
159312,1.0,0
159328,0.0,1
159380,0.0,1
159383,0.0,1
159387,1.0,0
159443,0.0,1
159444,1.0,0
159447,1.0,0
159471,0.0,1
159483,1.0,0
159518,0.0,1
159528,1.0,0
159601,0.0,1
159611,0.0,1
159616,1.0,0
159634,1.0,0
159641,0.0,1
159668,1.0,0
159669,0.0,1
159686,1.0,0
159720,1.0,0
159722,1.0,0
159740,1.0,0
159755,0.0,1
159786,1.0,0
159788,0.0,1
159801,1.0,0
159844,1.0,0
159845,0.0,1
159846,0.0,1
159884,1.0,0
159892,0.0,1
159919,0.0,1
159922,1.0,0
159972,1.0,0
159979,1.0,0
160012,0.0,1
160044,0.0,1
160045,0.0,1
160046,0.0,1
160060,1.0,0
160064,0.0,1
160068,1.0,0
160146,1.0,0
160161,0.0,1
160165,0.0,1
160183,1.0,0
160191,1.0,0
160203,1.0,0
160208,0.0,1
160211,0.0,1
160234,0.0,1
160237,1.0,0
160243,1.0,0
160254,0.0,1
160291,1.0,0
160301,0.0,1
160327,0.0,1
160332,0.0,1
160344,0.0,1
160383,0.0,1
160412,0.0,1
160413,0.0,1
160485,1.0,0
160490,1.0,0
160519,1.0,0
160569,1.0,0
160585,0.0,1
160652,1.0,0
160657,0.0,1
160684,1.0,0
160686,0.0,1
160693,1.0,0
160713,0.0,1
160807,1.0,0
160857,0.0,1
160858,0.0,1
160878,0.0,1
160891,0.0,1
160910,0.0,1
160921,0.0,1
160927,0.0,1
160973,1.0,0
160997,0.0,1
161001,1.0,0
161029,0.0,1
161030,1.0,0
161032,0.0,1
161073,1.0,0
161101,1.0,0
161176,1.0,0
161186,1.0,0
161188,0.0,1
161194,1.0,0
161223,1.0,0
161236,0.0,1
161255,1.0,0
161290,1.0,0
161305,0.0,1
161310,0.0,1
161365,0.0,1
161388,0.0,1
161396,0.0,1
161436,0.0,1
161440,0.0,1
161479,0.0,1
161483,0.0,1
161509,1.0,0
161512,0.0,1
161513,0.0,1
161527,1.0,0
161541,1.0,0
161608,0.0,1
161634,0.0,1
161662,1.0,0
161681,0.0,1
161684,1.0,0
161727,0.0,1
161772,1.0,0
161776,0.0,1
161779,1.0,0
161832,0.0,1
161859,0.0,1
161917,0.0,1
161918,1.0,0
161931,1.0,0
162001,1.0,0
162005,0.0,1
162036,1.0,0
162073,1.0,0
162094,0.0,1
162101,0.0,1
162106,0.0,1
162116,0.0,1
162197,1.0,0
162201,1.0,0
162219,1.0,0
162237,1.0,0
162273,1.0,0
162315,1.0,0
162331,0.0,1
162377,0.0,1
162382,1.0,0
162387,0.0,1
162393,1.0,0
162412,1.0,0
162414,0.0,1
162473,0.0,1
162512,0.0,1
162530,1.0,0
162551,0.0,1
162621,0.0,1
162630,1.0,0
162635,0.0,1
162644,0.0,1
162679,1.0,0
162691,1.0,0
162698,1.0,0
162705,0.0,1
162732,0.0,1
162736,0.0,1
162738,0.0,1
162749,0.0,1
162771,1.0,0
162788,0.0,1
162834,0.0,1
162883,0.0,1
162909,1.0,0
162911,0.0,1
162945,0.0,1
163049,0.0,1
163058,1.0,0
163066,0.0,1
163103,0.0,1
163115,0.0,1
163139,0.0,1
163165,1.0,0
163174,0.0,1
163189,0.0,1
163195,1.0,0
163206,0.0,1
163225,0.0,1
163240,1.0,0
163283,1.0,0
163295,0.0,1
163315,0.0,1
163327,1.0,0
163328,0.0,1
163371,0.0,1
163385,0.0,1
163419,0.0,1
163451,0.0,1
163454,0.0,1
163472,1.0,0
163533,0.0,1
163541,1.0,0
163576,0.0,1
163639,0.0,1
163674,0.0,1
163675,0.0,1
163697,1.0,0
163735,1.0,0
163750,1.0,0
163755,1.0,0
163788,1.0,0
163793,0.0,1
163804,0.0,1
163837,0.0,1
163846,1.0,0
163863,1.0,0
163884,0.0,1
163904,1.0,0
163907,0.0,1
163983,1.0,0
164011,0.0,1
164025,0.0,1
164040,0.0,1
164050,1.0,0
164075,0.0,1
164104,0.0,1
164127,0.0,1
164165,1.0,0
164180,0.0,1
164195,0.0,1
164196,1.0,0
164213,0.0,1
164252,1.0,0
164300,0.0,1
164306,1.0,0
164312,1.0,0
164334,0.0,1
164337,0.0,1
164342,0.0,1
164343,1.0,0
164386,1.0,0
164394,0.0,1
164415,0.0,1
164452,1.0,0
164481,1.0,0
164501,0.0,1
164536,1.0,0
164592,1.0,0
164594,0.0,1
164601,1.0,0
164613,1.0,0
164680,1.0,0
164699,0.0,1
164730,0.0,1
164736,1.0,0
164743,0.0,1
164781,1.0,0
164818,0.0,1
164827,0.0,1
164840,1.0,0
164843,1.0,0
164878,0.0,1
164905,1.0,0
164918,1.0,0
164920,0.0,1
164939,1.0,0
164952,0.0,1
164982,1.0,0
165006,1.0,0
165039,0.0,1
165041,0.0,1
165081,1.0,0
165082,0.0,1
165107,1.0,0
165112,1.0,0
165123,1.0,0
165133,0.0,1
165146,0.0,1
165160,0.0,1
165165,1.0,0
165197,0.0,1
165209,1.0,0
165227,1.0,0
165232,0.0,1
165285,0.0,1
165309,1.0,0
165314,1.0,0
165332,0.0,1
165366,0.0,1
165387,1.0,0
165434,1.0,0
165457,0.0,1
165460,1.0,0
165487,0.0,1
165489,0.0,1
165496,0.0,1
165506,0.0,1
165526,1.0,0
165553,0.0,1
165557,1.0,0
165566,0.0,1
165619,0.0,1
165649,0.0,1
165653,1.0,0
165691,1.0,0
165699,0.0,1
165781,1.0,0
165785,0.0,1
165788,0.0,1
165800,1.0,0
165844,0.0,1
165852,1.0,0
165901,1.0,0
165919,0.0,1
165935,1.0,0
165944,0.0,1
166022,1.0,0
166023,0.0,1
166059,1.0,0
166076,0.0,1
166079,1.0,0
166102,1.0,0
166112,1.0,0
166167,1.0,0
166183,1.0,0
166201,0.0,1
166216,0.0,1
166227,0.0,1
166239,0.0,1
166267,1.0,0
166280,1.0,0
166281,1.0,0
166310,1.0,0
166354,0.0,1
166356,0.0,1
166369,1.0,0
166389,1.0,0
166404,0.0,1
166409,1.0,0
166446,1.0,0
166449,0.0,1
166468,0.0,1
166471,0.0,1
166475,1.0,0
166480,0.0,1
166518,1.0,0
166527,1.0,0
166529,1.0,0
166557,1.0,0
166560,1.0,0
166606,1.0,0
166619,1.0,0
166627,1.0,0
166629,0.0,1
166645,0.0,1
166685,0.0,1
166717,0.0,1
166756,1.0,0
166763,0.0,1
166805,1.0,0
166843,0.0,1
166859,0.0,1
166872,0.0,1
166891,0.0,1
166924,0.0,1
166934,1.0,0
166936,1.0,0
166975,0.0,1
167012,0.0,1
167019,1.0,0
167101,1.0,0
167130,0.0,1
167157,1.0,0
167224,0.0,1
167252,1.0,0
167264,0.0,1
167268,1.0,0
167284,1.0,0
167311,1.0,0
167314,0.0,1
167320,1.0,0
167353,0.0,1
167376,0.0,1
167421,1.0,0
167475,0.0,1
167483,1.0,0
167486,0.0,1
167495,1.0,0
167496,0.0,1
167521,1.0,0
167537,0.0,1
167554,1.0,0
167559,0.0,1
167571,1.0,0
167614,1.0,0
167628,1.0,0
167636,1.0,0
167662,0.0,1
167665,1.0,0
167684,0.0,1
167723,1.0,0
167776,0.0,1
167818,0.0,1
167839,0.0,1
167857,1.0,0
167875,0.0,1
167892,1.0,0
167930,0.0,1
167939,0.0,1
167962,0.0,1
167966,1.0,0
167968,1.0,0
167982,0.0,1
167984,0.0,1
167999,0.0,1
168005,1.0,0
168007,0.0,1
168027,1.0,0
168033,1.0,0
168042,0.0,1
168088,0.0,1
168121,0.0,1
168139,1.0,0
168198,0.0,1
168201,0.0,1
168213,1.0,0
168234,0.0,1
168240,1.0,0
168242,0.0,1
168248,0.0,1
168266,0.0,1
168278,1.0,0
168283,1.0,0
168293,0.0,1
168313,1.0,0
168321,0.0,1
168329,0.0,1
168339,0.0,1
168374,0.0,1
168407,0.0,1
168448,0.0,1
168457,0.0,1
168487,0.0,1
168511,0.0,1
168522,1.0,0
168527,0.0,1
168578,0.0,1
168582,0.0,1
168590,1.0,0
168626,1.0,0
168700,0.0,1
168722,1.0,0
168734,1.0,0
168752,0.0,1
168759,1.0,0
168786,0.0,1
168808,0.0,1
168863,0.0,1
168886,1.0,0
168889,0.0,1
168905,1.0,0
168971,0.0,1
169049,1.0,0
169080,0.0,1
169115,1.0,0
169118,1.0,0
169184,1.0,0
169193,0.0,1
169252,0.0,1
169281,0.0,1
169350,0.0,1
169388,1.0,0
169393,1.0,0
169447,0.0,1
169490,0.0,1
169515,1.0,0
169519,0.0,1
169529,0.0,1
169605,0.0,1
169608,1.0,0
169615,0.0,1
169644,1.0,0
169657,0.0,1
169658,0.0,1
169662,1.0,0
169671,1.0,0
169680,0.0,1
169681,1.0,0
169686,0.0,1
169688,0.0,1
169710,1.0,0
169724,0.0,1
169753,1.0,0
169772,0.0,1
169803,0.0,1
169860,0.0,1
169882,0.0,1
169906,0.0,1
169908,0.0,1
169951,0.0,1
169955,1.0,0
169960,0.0,1
169966,0.0,1
169981,0.0,1
170018,1.0,0
170044,0.0,1
170052,1.0,0
170075,1.0,0
170086,0.0,1
170095,0.0,1
170106,1.0,0
170116,0.0,1
170145,0.0,1
170150,1.0,0
170194,1.0,0
170200,0.0,1
170218,1.0,0
170235,0.0,1
170254,1.0,0
170316,1.0,0
170317,0.0,1
170320,0.0,1
170360,0.0,1
170433,0.0,1
170445,0.0,1
170447,1.0,0
170453,0.0,1
170457,1.0,0
170464,1.0,0
170472,0.0,1
170506,1.0,0
170555,1.0,0
170563,1.0,0
170578,0.0,1
170580,1.0,0
170590,0.0,1
170591,1.0,0
170630,0.0,1
170648,0.0,1
170669,1.0,0
170678,0.0,1
170680,0.0,1
170706,0.0,1
170717,1.0,0
170737,0.0,1
170766,0.0,1
170804,0.0,1
170833,0.0,1
170844,1.0,0
170845,0.0,1
170848,1.0,0
170887,1.0,0
170908,0.0,1
170939,0.0,1
170966,1.0,0
170972,0.0,1
170978,0.0,1
170984,0.0,1
171012,1.0,0
171016,0.0,1
171035,0.0,1
171066,1.0,0
171097,1.0,0
171131,0.0,1
171151,0.0,1
171153,1.0,0
171164,1.0,0
171175,0.0,1
171177,0.0,1
171180,0.0,1
171199,1.0,0
171215,1.0,0
171217,0.0,1
171224,0.0,1
171228,1.0,0
171299,0.0,1
171316,0.0,1
171359,0.0,1
171373,1.0,0
171378,0.0,1
171395,0.0,1
171449,1.0,0
171454,0.0,1
171472,0.0,1
171473,1.0,0
171494,0.0,1
171500,1.0,0
171529,0.0,1
171569,1.0,0
171605,0.0,1
171606,1.0,0
171607,0.0,1
171624,1.0,0
171629,0.0,1
171654,1.0,0
171660,0.0,1
171677,1.0,0
171692,1.0,0
171746,0.0,1
171788,0.0,1
171805,1.0,0
171822,1.0,0
171846,1.0,0
171861,1.0,0
171864,1.0,0
171880,0.0,1
171941,0.0,1
171975,0.0,1
171990,1.0,0
171997,0.0,1
172021,1.0,0
172134,0.0,1
172140,0.0,1
172160,0.0,1
172162,0.0,1
172194,0.0,1
172252,0.0,1
172272,0.0,1
172273,0.0,1
172275,0.0,1
172280,1.0,0
172290,0.0,1
172310,1.0,0
172352,0.0,1
172376,0.0,1
172377,1.0,0
172378,1.0,0
172383,1.0,0
172387,1.0,0
172399,0.0,1
172426,1.0,0
172429,0.0,1
172467,0.0,1
172471,1.0,0
172487,1.0,0
172524,1.0,0
172530,0.0,1
172541,1.0,0
172558,0.0,1
172559,0.0,1
172560,0.0,1
172607,0.0,1
172615,1.0,0
172624,1.0,0
172636,1.0,0
172648,0.0,1
172687,0.0,1
172729,1.0,0
172743,1.0,0
172792,1.0,0
172852,0.0,1
172932,0.0,1
172963,0.0,1
172977,0.0,1
173010,0.0,1
173016,0.0,1
173044,0.0,1
173045,0.0,1
173048,0.0,1
173053,1.0,0
173070,0.0,1
173074,0.0,1
173166,1.0,0
173176,1.0,0
173205,1.0,0
173226,1.0,0
173278,0.0,1
173311,0.0,1
173316,0.0,1
173322,1.0,0
173338,0.0,1
173355,0.0,1
173383,0.0,1
173387,0.0,1
173398,1.0,0
173443,0.0,1
173478,0.0,1
173498,1.0,0
173507,1.0,0
173549,0.0,1
173577,0.0,1
173582,0.0,1
173631,1.0,0
173654,0.0,1
173675,1.0,0
173738,1.0,0
173834,0.0,1
173850,1.0,0
173860,1.0,0
173883,0.0,1
173893,0.0,1
173897,1.0,0
173916,1.0,0
173941,0.0,1
173942,0.0,1
173945,0.0,1
173950,1.0,0
173975,1.0,0
174006,0.0,1
174013,1.0,0
174027,0.0,1
174028,1.0,0
174076,1.0,0
174077,0.0,1
174129,0.0,1
174151,0.0,1
174166,0.0,1
174169,0.0,1
174187,1.0,0
174189,1.0,0
174195,0.0,1
174199,0.0,1
174234,0.0,1
174244,0.0,1
174261,0.0,1
174273,0.0,1
174282,0.0,1
174287,1.0,0
174316,1.0,0
174354,0.0,1
174388,0.0,1
174407,1.0,0
174426,0.0,1
174436,0.0,1
174471,0.0,1
174477,0.0,1
174490,1.0,0
174497,0.0,1
174515,1.0,0
174518,0.0,1
174522,1.0,0
174539,1.0,0
174544,1.0,0
174601,0.0,1
174640,0.0,1
174645,0.0,1
174647,0.0,1
174650,1.0,0
174682,0.0,1
174741,0.0,1
174743,0.0,1
174763,0.0,1
174787,0.0,1
174801,1.0,0
174871,1.0,0
174883,0.0,1
174891,1.0,0
174902,0.0,1
174942,0.0,1
174944,1.0,0
174983,0.0,1
174991,0.0,1
175007,0.0,1
175013,1.0,0
175034,0.0,1
175038,0.0,1
175046,0.0,1
175048,1.0,0
175059,1.0,0
175069,0.0,1
175074,0.0,1
175079,0.0,1
175114,0.0,1
175115,0.0,1
175124,0.0,1
175136,0.0,1
175155,0.0,1
175191,0.0,1
175194,0.0,1
175232,1.0,0
175240,0.0,1
175248,1.0,0
175251,0.0,1
175263,0.0,1
175266,0.0,1
175268,1.0,0
175277,0.0,1
175296,1.0,0
175331,0.0,1
175343,0.0,1
175401,0.0,1
175411,0.0,1
175426,0.0,1
175429,0.0,1
175463,0.0,1
175465,1.0,0
175483,1.0,0
175494,1.0,0
175509,1.0,0
175567,1.0,0
175568,1.0,0
175648,0.0,1
175653,0.0,1
175722,0.0,1
175724,0.0,1
175743,0.0,1
175777,0.0,1
175826,1.0,0
175837,0.0,1
175839,0.0,1
175840,1.0,0
175872,0.0,1
175880,0.0,1
175883,0.0,1
175884,1.0,0
175893,0.0,1
175899,1.0,0
175922,0.0,1
175924,1.0,0
175928,0.0,1
175933,1.0,0
175950,0.0,1
175962,0.0,1
175965,0.0,1
175967,0.0,1
175970,1.0,0
175972,0.0,1
175986,1.0,0
175991,0.0,1
176019,0.0,1
176053,0.0,1
176062,0.0,1
176110,0.0,1
176125,0.0,1
176131,1.0,0
176195,1.0,0
176222,0.0,1
176252,1.0,0
176253,0.0,1
176314,1.0,0
176354,0.0,1
176358,0.0,1
176424,1.0,0
176429,1.0,0
176457,1.0,0
176461,1.0,0
176506,0.0,1
176540,1.0,0
176580,1.0,0
176638,0.0,1
176650,0.0,1
176654,0.0,1
176670,0.0,1
176671,0.0,1
176678,1.0,0
176738,0.0,1
176766,1.0,0
176792,0.0,1
176793,1.0,0
176835,0.0,1
176839,0.0,1
176865,1.0,0
176866,1.0,0
176872,1.0,0
176877,1.0,0
176894,1.0,0
176918,1.0,0
176929,0.0,1
176950,0.0,1
176960,0.0,1
176986,0.0,1
177008,1.0,0
177016,1.0,0
177030,0.0,1
177031,0.0,1
177052,0.0,1
177072,0.0,1
177103,0.0,1
177138,0.0,1
177156,0.0,1
177174,0.0,1
177182,1.0,0
177208,0.0,1
177210,0.0,1
177220,0.0,1
177227,0.0,1
177269,0.0,1
177276,0.0,1
177300,1.0,0
177357,0.0,1
177410,0.0,1
177418,0.0,1
177474,0.0,1
177481,0.0,1
177499,0.0,1
177522,1.0,0
177532,0.0,1
177533,1.0,0
177538,1.0,0
177543,1.0,0
177551,1.0,0
177575,0.0,1
177613,1.0,0
177614,0.0,1
177640,1.0,0
177643,0.0,1
177648,1.0,0
177674,1.0,0
177676,0.0,1
177783,1.0,0
177787,1.0,0
177796,1.0,0
177810,1.0,0
177822,0.0,1
177863,1.0,0
177894,1.0,0
177898,0.0,1
177901,0.0,1
177933,0.0,1
177944,0.0,1
177976,1.0,0
177977,1.0,0
177978,1.0,0
178020,0.0,1
178021,1.0,0
178027,0.0,1
178035,0.0,1
178063,0.0,1
178066,0.0,1
178084,0.0,1
178088,0.0,1
178092,1.0,0
178125,1.0,0
178133,1.0,0
178134,1.0,0
178142,0.0,1
178153,0.0,1
178185,0.0,1
178196,0.0,1
178216,1.0,0
178236,0.0,1
178243,0.0,1
178245,1.0,0
178275,1.0,0
178323,0.0,1
178331,1.0,0
178332,0.0,1
178338,0.0,1
178354,0.0,1
178360,0.0,1
178367,0.0,1
178385,0.0,1
178403,0.0,1
178408,1.0,0
178427,0.0,1
178429,0.0,1
178437,0.0,1
178456,0.0,1
178501,0.0,1
178545,1.0,0
178554,0.0,1
178578,1.0,0
178607,0.0,1
178608,0.0,1
178614,1.0,0
178629,0.0,1
178641,1.0,0
178655,0.0,1
178687,1.0,0
178696,0.0,1
178714,0.0,1
178716,1.0,0
178721,0.0,1
178723,0.0,1
178744,0.0,1
178752,0.0,1
178781,0.0,1
178782,0.0,1
178815,0.0,1
178841,0.0,1
178856,0.0,1
178869,1.0,0
178879,0.0,1
178902,0.0,1
178916,1.0,0
178936,0.0,1
179008,0.0,1
179009,1.0,0
179015,1.0,0
179019,0.0,1
179041,1.0,0
179086,0.0,1
179087,1.0,0
179116,1.0,0
179144,0.0,1
179147,0.0,1
179163,1.0,0
179177,0.0,1
179206,0.0,1
179220,0.0,1
179221,0.0,1
179275,0.0,1
179290,0.0,1
179330,1.0,0
179333,0.0,1
179351,1.0,0
179365,0.0,1
179375,1.0,0
179408,1.0,0
179413,0.0,1
179414,1.0,0
179416,1.0,0
179465,0.0,1
179478,0.0,1
179513,1.0,0
179608,1.0,0
179612,1.0,0
179676,0.0,1
179702,0.0,1
179718,0.0,1
179740,0.0,1
179799,0.0,1
